{
    "num_epochs": 2,
    "lr": 0.001,
    "batch_size": 8,
    "train_loss": [
        5.43638711432888,
        5.11089103515834
    ],
    "train_acc": 0.0045662100456621,
    "valid_loss": [
        5.167776963482164,
        4.734748851218725
    ],
    "valid_acc": 0.0639269406392694,
    "best_acc": 0.2009132420091324,
    "time_elapsed(min)": 0.0,
    "time_elapsed(s)": 57.58110189437866,
    "model_name": "GoogLeNet"
}