{
    "num_epochs": 2,
    "lr": 0.001,
    "batch_size": 10,
    "train_loss": [
        5.402812945943833,
        5.138263312337917
    ],
    "train_acc": 0.007827788649706457,
    "valid_loss": [
        5.188967192372593,
        4.854345034972355
    ],
    "valid_acc": 0.045662100456621,
    "best_acc": 0.1796042617960426,
    "time_elapsed(min)": 0.0,
    "time_elapsed(s)": 52.05384016036987,
    "model_name": "GoogLeNet"
}