{
    "num_epochs": 2,
    "lr": 0.001,
    "batch_size": 12,
    "train_loss": [
        5.420381933586783,
        5.205252966224486
    ],
    "train_acc": 0.007827788649706457,
    "valid_loss": [
        5.230862706763559,
        4.981017477799043
    ],
    "valid_acc": 0.0380517503805175,
    "best_acc": 0.1415525114155251,
    "time_elapsed(min)": 0.0,
    "time_elapsed(s)": 51.096147298812866,
    "model_name": "GoogLeNet"
}