{
    "cross_number": 5,
    "num_epochs": 20,
    "lr": 0.0025,
    "batch_size": 6,
    "train_loss": [
        4.792034488368973,
        2.7340717136145862,
        1.723608434608305,
        1.1381607292824585,
        0.7533000470805835,
        0.42659682238180163,
        0.31396541171970194,
        0.15447163218775783,
        0.08744247701110427,
        0.07477915100434543,
        0.06695237255634509,
        0.07093396627477541,
        0.05761058970858676,
        0.05250086538287499,
        0.050674559471993806,
        0.0525196430603275,
        0.04977343772329216,
        0.05625398479416941,
        0.05325368626592537,
        0.0522917772973189
    ],
    "train_acc": 0.07301768397033656,
    "valid_loss": [
        3.1094798535516817,
        2.0790661614235133,
        1.5076805380721614,
        1.4547509808246404,
        1.403382166122941,
        1.201295736896461,
        1.2144874423512653,
        0.8291132831052966,
        0.8007171115461635,
        0.7790321582044819,
        0.7973617418232208,
        0.7687846480562569,
        0.7685692882426849,
        0.7974162432173751,
        0.7716030545296684,
        0.7788075365489732,
        0.782197376746646,
        0.796495349712555,
        0.7485758127718015,
        0.7565744760659945
    ],
    "valid_acc": 0.2511415525114155,
    "best_acc": 0.8150684931506849,
    "time_elapsed(min)": 9.0,
    "time_elapsed(s)": 47.785486698150635,
    "model_name": "ResNeXt101_32x4d",
    "model_name_sub": "resnext101_32x4d"
}