{
    "cross_number": 4,
    "num_epochs": 20,
    "lr": 0.0025,
    "batch_size": 6,
    "train_loss": [
        4.791349900911932,
        2.794000497827791,
        1.7693604898881423,
        1.0187566076749808,
        0.6542332601567654,
        0.3996926627109108,
        0.30056193623411126,
        0.15384478544280544,
        0.08277169599242458,
        0.07045649066376053,
        0.05858724791084557,
        0.05601634179267471,
        0.05457810617900415,
        0.050891650100685144,
        0.044508072153716154,
        0.04513410848967272,
        0.0488559008202809,
        0.04823559781134588,
        0.04766341074599489,
        0.04946986545987223
    ],
    "train_acc": 0.0702054794520548,
    "valid_loss": [
        2.9227862325433183,
        2.0177449316602862,
        1.3985983978395593,
        1.1334754298249745,
        1.1267566480929005,
        0.9197351141284181,
        0.8672733027870728,
        0.6959236430846256,
        0.6705803794480146,
        0.6554932112371779,
        0.6372976708672431,
        0.6519795340926017,
        0.6389673120862077,
        0.6481039923366976,
        0.641708723062088,
        0.6625856657270087,
        0.6593962448421062,
        0.6180541116412576,
        0.6554092612493885,
        0.6341631213611324
    ],
    "valid_acc": 0.29452054794520544,
    "best_acc": 0.817351598173516,
    "time_elapsed(min)": 9.0,
    "time_elapsed(s)": 46.64206314086914,
    "model_name": "ResNeXt101_32x4d",
    "model_name_sub": "resnext101_32x4d"
}