{
    "cross_number": 2,
    "num_epochs": 20,
    "lr": 0.0025,
    "batch_size": 6,
    "train_loss": [
        4.809993261343812,
        2.7973495619754267,
        1.7438492591250432,
        1.1486938200788954,
        0.765974018365553,
        0.48727283870469623,
        0.28672840184697956,
        0.16351996170203775,
        0.08714494311046621,
        0.07642123030741023,
        0.06605639704822065,
        0.05836359350878286,
        0.059391385441875624,
        0.05564200956285102,
        0.052221318539423384,
        0.05332879340339911,
        0.04679325603950156,
        0.05387316662371669,
        0.051739664472422675,
        0.050320103495024554
    ],
    "train_acc": 0.0639269406392694,
    "valid_loss": [
        2.932804473458904,
        2.152983207000445,
        1.7913466361287522,
        1.6220300850802905,
        1.1505394618294826,
        1.1018165129887527,
        1.191806942683785,
        0.780861511928578,
        0.7960161810022403,
        0.7301552425846712,
        0.7347619233857074,
        0.7151686451716782,
        0.7073834462997134,
        0.6973729858379045,
        0.7264351902181946,
        0.7131493553768027,
        0.682888672996491,
        0.7064483545669545,
        0.723233051763924,
        0.6811844186525639
    ],
    "valid_acc": 0.26712328767123283,
    "best_acc": 0.817351598173516,
    "time_elapsed(min)": 9.0,
    "time_elapsed(s)": 45.73862814903259,
    "model_name": "ResNeXt101_32x4d",
    "model_name_sub": "resnext101_32x4d"
}