{
    "cross_number": 2,
    "num_epochs": 20,
    "lr": 0.0025,
    "batch_size": 9,
    "train_loss": [
        4.7039122548821855,
        2.417173914917528,
        1.256847365772071,
        0.6800867013429126,
        0.36799241989621356,
        0.2109648359122954,
        0.1312718626513618,
        0.07322554320275579,
        0.05245589618953838,
        0.05428655924951683,
        0.04828469056400075,
        0.04572435284562868,
        0.04710494349583065,
        0.042200037235177235,
        0.03904164116032269,
        0.03940809275859278,
        0.04058101466276415,
        0.03852633931769747,
        0.03972874690893374,
        0.0417385316909967
    ],
    "train_acc": 0.0821917808219178,
    "valid_loss": [
        2.7326976959019493,
        1.5625335223054233,
        1.2485331660264158,
        1.0322729947224056,
        0.9315019925826624,
        0.8219486132315169,
        0.8351260593977489,
        0.7576555174022709,
        0.737916416399283,
        0.71751016358947,
        0.7304339448934141,
        0.6987088654853709,
        0.7124194102872112,
        0.6868342414039047,
        0.688800656734264,
        0.7005741098283292,
        0.6750661595533155,
        0.7003843160473728,
        0.7099411449560972,
        0.7125526923073889
    ],
    "valid_acc": 0.3059360730593607,
    "best_acc": 0.8287671232876712,
    "time_elapsed(min)": 8.0,
    "time_elapsed(s)": 20.283764123916626,
    "model_name": "ResNeXt101_32x4d",
    "model_name_sub": "resnext101_32x4d"
}