{
    "cross_number": 3,
    "num_epochs": 20,
    "lr": 0.0025,
    "batch_size": 10,
    "train_loss": [
        4.768059523410448,
        2.445914330275636,
        1.244666920473042,
        0.6460346198857647,
        0.36542792682063907,
        0.19656230675558387,
        0.12484192296216205,
        0.06460139730553989,
        0.05398518990801826,
        0.050130473328626725,
        0.049495926429836516,
        0.04724187249122145,
        0.04630466222605715,
        0.04034434763616861,
        0.04321209448559814,
        0.04524218745436094,
        0.04463056754108229,
        0.04106705457282563,
        0.042138464275756043,
        0.040347381376929274
    ],
    "train_acc": 0.06792237442922375,
    "valid_loss": [
        2.568544280039121,
        1.5533424011648518,
        1.145482181958412,
        0.9655755194899154,
        0.8223970780089566,
        0.7212648436631242,
        0.6474437717790609,
        0.6157951126359913,
        0.5906587101893338,
        0.5797848589548237,
        0.5807681629374691,
        0.5707996091869187,
        0.5911260321226022,
        0.5647820269510354,
        0.5740689401382997,
        0.5865796542807257,
        0.5473538662847046,
        0.5676119690548339,
        0.5662706744555197,
        0.5737835015063961
    ],
    "valid_acc": 0.37671232876712324,
    "best_acc": 0.8470319634703196,
    "time_elapsed(min)": 7.0,
    "time_elapsed(s)": 52.297600746154785,
    "model_name": "ResNeXt101_32x4d",
    "model_name_sub": "resnext101_32x4d"
}