{
    "cross_number": 2,
    "num_epochs": 20,
    "lr": 0.001,
    "batch_size": 6,
    "train_loss": [
        5.030981289197321,
        3.359767212034905,
        2.203669185916038,
        1.3990415436764285,
        0.8980957476855957,
        0.543380468675535,
        0.34020502117704854,
        0.22879647917739332,
        0.18778074847866003,
        0.17320670899360963,
        0.16673407046609137,
        0.1621000556632468,
        0.14022067339759167,
        0.1528687121167983,
        0.1408624247558517,
        0.14601415657272485,
        0.14240420290766514,
        0.1445227700655591,
        0.13969745632414132,
        0.14900491320311207
    ],
    "train_acc": 0.039383561643835614,
    "valid_loss": [
        3.3267318385921114,
        1.9905839521590978,
        1.3586069676157546,
        1.029548663390826,
        0.8957393173485586,
        0.8124771853271004,
        0.8277816579562344,
        0.7060318904329245,
        0.6939545140333779,
        0.6866169222981401,
        0.6819656196700996,
        0.674507714170095,
        0.6907973076178603,
        0.6793818570903107,
        0.6758645117946275,
        0.6757998853564671,
        0.6744463281731491,
        0.6798017011725739,
        0.6702363607027146,
        0.6698046048452491
    ],
    "valid_acc": 0.2694063926940639,
    "best_acc": 0.817351598173516,
    "time_elapsed(min)": 9.0,
    "time_elapsed(s)": 44.7979576587677,
    "model_name": "ResNeXt101_32x4d",
    "model_name_sub": "resnext101_32x4d"
}