{
    "cross_number": 4,
    "num_epochs": 20,
    "lr": 0.001,
    "batch_size": 6,
    "train_loss": [
        5.030851348622204,
        3.428746942787954,
        2.253875963900187,
        1.43133486052082,
        0.9333114192808327,
        0.5546248672300413,
        0.374899201273714,
        0.25381360835816763,
        0.20160075222231347,
        0.18411223515102718,
        0.1683287083184066,
        0.17046417669737585,
        0.16626927607424863,
        0.15028750506063845,
        0.14387775180631712,
        0.15321202507268075,
        0.14513246304266256,
        0.1467791860668014,
        0.14340717997401953,
        0.14897869697019253
    ],
    "train_acc": 0.03995433789954338,
    "valid_loss": [
        3.426223826734987,
        1.9714727703839132,
        1.3181081270314243,
        0.9792160593891797,
        0.8233463972398679,
        0.7420685849573514,
        0.6295801740050417,
        0.567268521014652,
        0.5328980965335688,
        0.5486212992492093,
        0.5473508466392347,
        0.5392476383035314,
        0.5349358890703177,
        0.5458987749449603,
        0.5391059826345068,
        0.5474017632755208,
        0.5479967156169961,
        0.5518354261931899,
        0.5401578242125066,
        0.5434699659427144
    ],
    "valid_acc": 0.2237442922374429,
    "best_acc": 0.8333333333333333,
    "time_elapsed(min)": 9.0,
    "time_elapsed(s)": 46.466843128204346,
    "model_name": "ResNeXt101_32x4d",
    "model_name_sub": "resnext101_32x4d"
}