{
    "cross_number": 4,
    "num_epochs": 20,
    "lr": 0.0025,
    "batch_size": 10,
    "train_loss": [
        4.731528250866285,
        2.4692388503518825,
        1.2686369340169374,
        0.6802373069538373,
        0.3329868124262111,
        0.22791383693156314,
        0.14787619298783272,
        0.08431676520485448,
        0.06568278001672397,
        0.056055187617671,
        0.052774055519664326,
        0.05339743994329482,
        0.04811422916588514,
        0.043814576929435134,
        0.04133144576638324,
        0.042862463995525145,
        0.04315706027977883,
        0.041259905948520526,
        0.04521264599797797,
        0.0417786739824008
    ],
    "train_acc": 0.06621004566210045,
    "valid_loss": [
        2.7751796446978774,
        1.5509009475577367,
        1.1510391902841934,
        0.8781644672019296,
        0.7446847671651404,
        0.6893489392448778,
        0.6981882364000087,
        0.613571201327797,
        0.5759432210021367,
        0.576384545537775,
        0.5651287748116881,
        0.5827980596385046,
        0.5698706402898379,
        0.5658706894067869,
        0.5502479826546696,
        0.550077402836656,
        0.5516212164471138,
        0.5800330264230161,
        0.5655197849471684,
        0.540632656873225
    ],
    "valid_acc": 0.3082191780821918,
    "best_acc": 0.8447488584474885,
    "time_elapsed(min)": 7.0,
    "time_elapsed(s)": 52.86555290222168,
    "model_name": "ResNeXt101_32x4d",
    "model_name_sub": "resnext101_32x4d"
}