{
    "cross_number": 3,
    "num_epochs": 20,
    "lr": 0.001,
    "batch_size": 5,
    "train_loss": [
        5.081309469867515,
        3.47546830120152,
        2.2827955214604394,
        1.46375930656309,
        0.9422173980691525,
        0.6409575197607551,
        0.3938824846409261,
        0.23721431706581247,
        0.19057478009378664,
        0.18439518221437115,
        0.15680408143952965,
        0.1654313946436223,
        0.15315509201388924,
        0.14778905414197951,
        0.14217771635258988,
        0.15541299992585428,
        0.13417439078742036,
        0.1290234346857048,
        0.13863743900546813,
        0.12818318643696505
    ],
    "train_acc": 0.030251141552511414,
    "valid_loss": [
        3.3974711258117467,
        1.890110777665491,
        1.2927186654446876,
        1.0506950766868788,
        0.857120824101717,
        0.7050163339075024,
        0.6430001381506131,
        0.5725634297245441,
        0.5596571393644854,
        0.5236611469801873,
        0.5244292895177796,
        0.5242563362603319,
        0.5046068770283637,
        0.5241880259693485,
        0.4988714085900348,
        0.5154305870823358,
        0.49723808490299115,
        0.49642839773715425,
        0.4850945188089797,
        0.5356742001753131
    ],
    "valid_acc": 0.2054794520547945,
    "best_acc": 0.8447488584474885,
    "time_elapsed(min)": 10.0,
    "time_elapsed(s)": 31.150283098220825,
    "model_name": "ResNeXt101_32x4d",
    "model_name_sub": "resnext101_32x4d"
}