{
    "cross_number": 3,
    "num_epochs": 20,
    "lr": 0.001,
    "batch_size": 6,
    "train_loss": [
        5.045662980373591,
        3.4045670465247273,
        2.2123768509250796,
        1.3942411775662475,
        0.9023230176367988,
        0.5582326864951277,
        0.35342551956642165,
        0.22868176355753858,
        0.19029276795072914,
        0.16436618881631795,
        0.1723029250534226,
        0.16115907607727673,
        0.15613083695763186,
        0.1487443372224496,
        0.14663609154267263,
        0.14057311631279856,
        0.14365800047829136,
        0.14126792662355997,
        0.142281695205259,
        0.1404450029160266
    ],
    "train_acc": 0.03881278538812785,
    "valid_loss": [
        3.4384220822216713,
        1.9912925338091916,
        1.275315813414038,
        0.9969396365627851,
        0.801848541383874,
        0.7322290379120266,
        0.6892875017572756,
        0.6035243813586357,
        0.5698571472288403,
        0.5686536007624579,
        0.5619005921411596,
        0.5485187584585319,
        0.5268511963108784,
        0.5346547317219107,
        0.5325643549073641,
        0.5431948166774356,
        0.517748956823696,
        0.5276715896947131,
        0.5274870540334345,
        0.527688341818061
    ],
    "valid_acc": 0.23972602739726026,
    "best_acc": 0.8447488584474885,
    "time_elapsed(min)": 9.0,
    "time_elapsed(s)": 46.38764548301697,
    "model_name": "ResNeXt101_32x4d",
    "model_name_sub": "resnext101_32x4d"
}