{
    "cross_number": 5,
    "num_epochs": 20,
    "lr": 0.001,
    "batch_size": 6,
    "train_loss": [
        5.0849180787342725,
        3.4998807757497854,
        2.257056205529726,
        1.4843935208258054,
        0.9296178159479814,
        0.579713316726739,
        0.3903246535465368,
        0.2570989466842351,
        0.21267952843948018,
        0.1861064514720093,
        0.1826996023544093,
        0.16035422642385355,
        0.16669978397323007,
        0.168322208178635,
        0.15029415926012527,
        0.15511866090675797,
        0.16442428289976926,
        0.15224997441274266,
        0.14761939378751732,
        0.14716590428379558
    ],
    "train_acc": 0.029092983456930975,
    "valid_loss": [
        3.3651704461607213,
        1.9461875713034853,
        1.3804101794958115,
        1.0683120147210279,
        0.8397551944913113,
        0.764731752647929,
        0.7407458314244725,
        0.6294266439157806,
        0.6522578573466776,
        0.5914670448648195,
        0.6062261737781028,
        0.6035594019579561,
        0.6100707779038851,
        0.5993975091228032,
        0.5876413561301689,
        0.601436275759176,
        0.5994296982782344,
        0.6062040893386488,
        0.6165497571178903,
        0.5982285027889764
    ],
    "valid_acc": 0.23059360730593606,
    "best_acc": 0.8242009132420091,
    "time_elapsed(min)": 9.0,
    "time_elapsed(s)": 47.46156716346741,
    "model_name": "ResNeXt101_32x4d",
    "model_name_sub": "resnext101_32x4d"
}