{
    "cross_number": 5,
    "num_epochs": 20,
    "lr": 0.0025,
    "batch_size": 10,
    "train_loss": [
        4.7117388774786955,
        2.4559885703422517,
        1.2507253845827415,
        0.6230938281084019,
        0.33868450580905385,
        0.19345849249628838,
        0.1275950501701081,
        0.07738962868112736,
        0.05972205967782092,
        0.05406987585480119,
        0.04669978444321592,
        0.04757870069433469,
        0.045139178909952136,
        0.0459141434769051,
        0.0434674511302881,
        0.04167873447115974,
        0.043621332706066454,
        0.04142116594271223,
        0.03973285696605785,
        0.041719490096942057
    ],
    "train_acc": 0.08442669709070165,
    "valid_loss": [
        2.8274352844447304,
        1.627486884866131,
        1.1388319408240384,
        0.8509459396883777,
        0.73004671196415,
        0.7647541665119123,
        0.6506536163423704,
        0.5816198739916358,
        0.5627571328555885,
        0.5625829490488523,
        0.5670601782733447,
        0.5806450602262532,
        0.575053001035294,
        0.5641808478697522,
        0.5766999353548368,
        0.5679957621548002,
        0.5664834739410713,
        0.557898103170199,
        0.571108894856417,
        0.5576756113723397
    ],
    "valid_acc": 0.3059360730593607,
    "best_acc": 0.8401826484018264,
    "time_elapsed(min)": 7.0,
    "time_elapsed(s)": 53.32648682594299,
    "model_name": "ResNeXt101_32x4d",
    "model_name_sub": "resnext101_32x4d"
}