{
    "cross_number": 5,
    "num_epochs": 20,
    "lr": 0.0025,
    "batch_size": 9,
    "train_loss": [
        4.695033122795484,
        2.4119743227414654,
        1.2404922667191631,
        0.6703095662801251,
        0.36911682653014005,
        0.2409786432301461,
        0.12529394050228107,
        0.07507400792325845,
        0.059808441847392785,
        0.048910165658774235,
        0.046624981578815616,
        0.04458847962887251,
        0.04637331216124827,
        0.042592239714903925,
        0.039106900194374,
        0.04082440216194135,
        0.039791736614726236,
        0.03803472343143724,
        0.03797411369143879,
        0.0414811541128179
    ],
    "train_acc": 0.08442669709070165,
    "valid_loss": [
        2.7104542116596275,
        1.5997259098373047,
        1.185934285390867,
        1.0632180131665647,
        0.8108061572460279,
        0.8382840794957664,
        0.7253928394758538,
        0.6555029543193236,
        0.6305444550585665,
        0.6289919359635,
        0.6338328543080859,
        0.6263784476594157,
        0.623447045173547,
        0.6209140138777152,
        0.6033406018930143,
        0.6061904382419913,
        0.5877702447955739,
        0.6062007461712785,
        0.6087985896977456,
        0.5969749602157469
    ],
    "valid_acc": 0.3333333333333333,
    "best_acc": 0.8310502283105022,
    "time_elapsed(min)": 8.0,
    "time_elapsed(s)": 21.1866557598114,
    "model_name": "ResNeXt101_32x4d",
    "model_name_sub": "resnext101_32x4d"
}