{
    "cross_number": 2,
    "num_epochs": 20,
    "lr": 0.0025,
    "batch_size": 10,
    "train_loss": [
        4.7326732958288495,
        2.3853289540772025,
        1.2350093118131977,
        0.6092183685704181,
        0.3384801112625697,
        0.19400839933266514,
        0.12299034310096543,
        0.07249680407915145,
        0.056731063387777704,
        0.05553004502416609,
        0.053621212537209056,
        0.05154027276327961,
        0.04374423455850957,
        0.04434459234404986,
        0.04076127463007626,
        0.04059134755330373,
        0.04380414843427434,
        0.03949294436922867,
        0.041861376725137234,
        0.04268266325476303
    ],
    "train_acc": 0.07134703196347031,
    "valid_loss": [
        2.7674030179846776,
        1.6687072842088464,
        1.1954341661440182,
        0.9245211498378074,
        0.8400876864654833,
        0.7442640592110211,
        0.6971563966817236,
        0.598237925970323,
        0.6006335009178615,
        0.6084365833159451,
        0.5863322397379298,
        0.5965326028837733,
        0.5756343940706694,
        0.5931702230091644,
        0.6038556800024014,
        0.6053111312153949,
        0.6239901496582243,
        0.5916654353272425,
        0.5910787150331828,
        0.5854354362007758
    ],
    "valid_acc": 0.30365296803652964,
    "best_acc": 0.8515981735159817,
    "time_elapsed(min)": 7.0,
    "time_elapsed(s)": 52.24974513053894,
    "model_name": "ResNeXt101_32x4d",
    "model_name_sub": "resnext101_32x4d"
}