{
    "cross_number": 2,
    "num_epochs": 20,
    "lr": 0.001,
    "batch_size": 5,
    "train_loss": [
        5.0241626160874215,
        3.4319235571579303,
        2.224523186955822,
        1.4660477619873333,
        0.9390112313284585,
        0.6021021944832176,
        0.41007332728758933,
        0.23768401042383897,
        0.18813439170706625,
        0.18342021506356254,
        0.1701722330685926,
        0.15913858639127385,
        0.15286992466264324,
        0.14288033237127953,
        0.1437220961901627,
        0.14061060672005019,
        0.1422188952203721,
        0.1319472585447541,
        0.13250170299808864,
        0.13995727967390084
    ],
    "train_acc": 0.04280821917808219,
    "valid_loss": [
        3.3803777566783504,
        1.905539137451616,
        1.4653597413881185,
        1.023508012396832,
        0.9595803229231813,
        0.9035686517419234,
        0.8412554101012732,
        0.7303209190775712,
        0.6993509871400383,
        0.7052337960680292,
        0.6882282122544366,
        0.7130469481681886,
        0.7319303605913878,
        0.6869440421113344,
        0.6692267690458841,
        0.713838474018091,
        0.7260355503132491,
        0.6949943087710128,
        0.6994138584811385,
        0.6957428214569751
    ],
    "valid_acc": 0.17123287671232876,
    "best_acc": 0.8059360730593607,
    "time_elapsed(min)": 10.0,
    "time_elapsed(s)": 27.180651664733887,
    "model_name": "ResNeXt101_32x4d",
    "model_name_sub": "resnext101_32x4d"
}