{
    "cross_number": 3,
    "num_epochs": 20,
    "lr": 0.0025,
    "batch_size": 9,
    "train_loss": [
        4.70222113597883,
        2.4262903291885167,
        1.3057490333098254,
        0.6966850871143684,
        0.38347171379687034,
        0.2304800968196192,
        0.11645271399134949,
        0.07176598010278523,
        0.057864858319166386,
        0.05400002470609974,
        0.04818286224625597,
        0.03867559636183951,
        0.04230464238686207,
        0.0398403176884741,
        0.0382097260101558,
        0.0395771426033892,
        0.036169092754565486,
        0.04047160480675377,
        0.03633258069629385,
        0.04133403876139336
    ],
    "train_acc": 0.08333333333333333,
    "valid_loss": [
        2.745972078140468,
        1.492152170775688,
        1.1207343433817771,
        1.0466334025745523,
        0.7812450349535027,
        0.7014136529234174,
        0.6620109680886954,
        0.6144797748388493,
        0.601115145682268,
        0.6084796067658965,
        0.5841595782349779,
        0.5926212283514746,
        0.5957248240632758,
        0.5935933484427937,
        0.596260515309564,
        0.6167628330063738,
        0.5844864211721371,
        0.5832585528084676,
        0.5856666323563008,
        0.5854199532776663
    ],
    "valid_acc": 0.28538812785388123,
    "best_acc": 0.8424657534246575,
    "time_elapsed(min)": 8.0,
    "time_elapsed(s)": 20.41383147239685,
    "model_name": "ResNeXt101_32x4d",
    "model_name_sub": "resnext101_32x4d"
}