{
    "cross_number": 3,
    "num_epochs": 20,
    "lr": 0.0025,
    "batch_size": 6,
    "train_loss": [
        4.781392130949726,
        2.8434280026448917,
        1.850700984364503,
        1.0910092823156348,
        0.7173078903188445,
        0.4821574060654599,
        0.29669515198504887,
        0.13067866177361917,
        0.07883254557286631,
        0.07503898289016359,
        0.06622872434792504,
        0.057192113682665954,
        0.06165499616037952,
        0.053305974922283256,
        0.05370371728459348,
        0.04819579362033624,
        0.05060740664269622,
        0.05129092422231062,
        0.04585342242682276,
        0.0513256109137828
    ],
    "train_acc": 0.06963470319634703,
    "valid_loss": [
        3.185517044916545,
        2.241179601378637,
        1.4324833971180329,
        1.2373098874949429,
        1.2389851788135424,
        0.9532772182448678,
        0.9211263437245092,
        0.6626726362586327,
        0.6320058476013987,
        0.6406175917754434,
        0.5998018413035786,
        0.5898154512086041,
        0.5995572867025047,
        0.6099709796301434,
        0.6031932034242694,
        0.5947092402126793,
        0.5947813500701259,
        0.5995756949565999,
        0.6163853649911152,
        0.5989401570943101
    ],
    "valid_acc": 0.26712328767123283,
    "best_acc": 0.8515981735159817,
    "time_elapsed(min)": 9.0,
    "time_elapsed(s)": 46.129626512527466,
    "model_name": "ResNeXt101_32x4d",
    "model_name_sub": "resnext101_32x4d"
}