{
    "cross_number": 4,
    "num_epochs": 20,
    "lr": 0.001,
    "batch_size": 5,
    "train_loss": [
        5.098936334592566,
        3.509038892102568,
        2.324364053230035,
        1.492874820550827,
        0.9574768668610484,
        0.5993059951403777,
        0.4098593937445721,
        0.24427633176527952,
        0.1987618758751411,
        0.18636651048181604,
        0.16903265946880663,
        0.1663296975612164,
        0.16529654898599946,
        0.1503097513886211,
        0.14835126719918085,
        0.13538582754410702,
        0.14624518893242358,
        0.1442069911512814,
        0.13578771473520934,
        0.13549993153168186
    ],
    "train_acc": 0.03538812785388128,
    "valid_loss": [
        3.410494709668094,
        1.9762234731351949,
        1.3869660182358468,
        1.0027421864268442,
        0.8973260939771897,
        0.7598519120939484,
        0.7031410686505882,
        0.6360909440979939,
        0.6358740429051611,
        0.6110655123944135,
        0.576429589132706,
        0.5905437480092695,
        0.5757099801177993,
        0.612446536062834,
        0.5784491770613734,
        0.5824188120348472,
        0.5756628568019488,
        0.5944036995369056,
        0.5915818737445561,
        0.591980278191633
    ],
    "valid_acc": 0.2100456621004566,
    "best_acc": 0.8242009132420091,
    "time_elapsed(min)": 10.0,
    "time_elapsed(s)": 31.78145480155945,
    "model_name": "ResNeXt101_32x4d",
    "model_name_sub": "resnext101_32x4d"
}