{
    "cross_number": 5,
    "num_epochs": 20,
    "lr": 0.001,
    "batch_size": 5,
    "train_loss": [
        5.102697445063746,
        3.4878325505183208,
        2.285182406340608,
        1.4943178413734393,
        0.957904938249267,
        0.6158817401713667,
        0.37496992312818,
        0.2359816433359267,
        0.20119170012580484,
        0.18241802762175927,
        0.17182137005570883,
        0.16230738647515883,
        0.14775586309080388,
        0.146112794546369,
        0.14143900552215197,
        0.14149933909977155,
        0.14599050744237455,
        0.13424970995245902,
        0.14556804357582137,
        0.12991046173953869
    ],
    "train_acc": 0.03593839132915003,
    "valid_loss": [
        3.519738147247872,
        2.005944132260536,
        1.3790348516479474,
        1.0407482058779425,
        0.9662343620930769,
        0.8346907592178684,
        0.7273219996535955,
        0.6420873777162641,
        0.6189296264924347,
        0.6232865299502192,
        0.6485765138237002,
        0.6080885854582664,
        0.6199288627161479,
        0.6322110261476799,
        0.633302910304437,
        0.6297559571669322,
        0.6096623831430714,
        0.6149819100671129,
        0.6267230274510829,
        0.6101304117588062
    ],
    "valid_acc": 0.182648401826484,
    "best_acc": 0.8401826484018264,
    "time_elapsed(min)": 10.0,
    "time_elapsed(s)": 32.09844732284546,
    "model_name": "ResNeXt101_32x4d",
    "model_name_sub": "resnext101_32x4d"
}