{
    "cross_number": 4,
    "num_epochs": 20,
    "lr": 0.0025,
    "batch_size": 9,
    "train_loss": [
        4.6871289839483286,
        2.469494164398272,
        1.3186865468853957,
        0.6791247059782483,
        0.343211844907946,
        0.21708417616223227,
        0.1409717747042185,
        0.06911017582592338,
        0.05425893817071433,
        0.05111520222311661,
        0.047008309728619066,
        0.04565656375720434,
        0.04219790411258295,
        0.0411377287412394,
        0.03669606620439469,
        0.03672144546058692,
        0.03859340728975016,
        0.04133147409039052,
        0.04302905384955086,
        0.03893682671302598
    ],
    "train_acc": 0.07876712328767123,
    "valid_loss": [
        2.86244350998369,
        1.5702696540584302,
        1.0876422845949865,
        0.9036087254955344,
        0.7887494825337031,
        0.6929400635194288,
        0.6481551805842821,
        0.6235769923572263,
        0.5981334478989856,
        0.5856994988575374,
        0.5787495845443991,
        0.5889147060782942,
        0.581910322745624,
        0.5861261066253463,
        0.574609347810484,
        0.5680954778145948,
        0.5746024410202079,
        0.5796750856129682,
        0.5732412806086956,
        0.5795844156320576
    ],
    "valid_acc": 0.2557077625570776,
    "best_acc": 0.8378995433789954,
    "time_elapsed(min)": 8.0,
    "time_elapsed(s)": 20.628214120864868,
    "model_name": "ResNeXt101_32x4d",
    "model_name_sub": "resnext101_32x4d"
}