{
    "cross_number": 1,
    "num_epochs": 20,
    "lr": 0.0025,
    "batch_size": 6,
    "train_loss": [
        4.780121101091986,
        2.5433531966927934,
        1.358489854592983,
        0.6696632872909716,
        0.4079769618732676,
        0.2601114037982507,
        0.16358139538142372,
        0.08408504737579353,
        0.06308112427120237,
        0.05589143648960513,
        0.057048912676791214,
        0.04152032465527268,
        0.044431877180563975,
        0.04325228835590031,
        0.037129146392993015,
        0.040002515622452925,
        0.03880435486853582,
        0.03998971066105958,
        0.04098939436347517,
        0.03465042758592698
    ],
    "train_acc": 0.0821917808219178,
    "valid_loss": [
        2.784216536234503,
        1.7715024911377528,
        1.2377629798569092,
        1.0769568808274725,
        0.9450382244301169,
        0.8608387454782855,
        0.8393397851502651,
        0.7407040166164659,
        0.6921368192447579,
        0.6957379320416319,
        0.7084742510884248,
        0.6856307635189047,
        0.6751190766832498,
        0.6701820686424457,
        0.6728878340042795,
        0.6740390941411358,
        0.6832967382594177,
        0.6810887556603619,
        0.666482026727028,
        0.6628371312837946
    ],
    "valid_acc": 0.2899543378995434,
    "best_acc": 0.819634703196347,
    "time_elapsed(min)": 14.0,
    "time_elapsed(s)": 44.27126598358154,
    "model_name": "ResNeXt101_64x4d",
    "model_name_sub": "resnext101_64x4d"
}