{
    "cross_number": 1,
    "num_epochs": 20,
    "lr": 0.0001,
    "batch_size": 10,
    "train_loss": [
        5.420396615925445,
        5.303564156027145,
        5.186367654909282,
        5.069381674130757,
        4.939852810341473,
        4.792746464411418,
        4.641872901350395,
        4.521168841618925,
        4.518357718916244,
        4.494224418243861,
        4.47109319412545,
        4.460183413061377,
        4.4468233275086915,
        4.421817425179155,
        4.41759386454543,
        4.415753365651658,
        4.417390951827237,
        4.406211777364827,
        4.4119845204157375,
        4.4029955123657505
    ],
    "train_acc": 0.00228310502283105,
    "valid_loss": [
        5.337134332961687,
        5.231666902428892,
        5.128003880313543,
        4.990232160646621,
        4.85819945270068,
        4.676244644269551,
        4.530333272942669,
        4.495203053025895,
        4.5102655245288865,
        4.453084170546162,
        4.46269871981721,
        4.41404731632912,
        4.409268238773085,
        4.375294359851646,
        4.372525436148796,
        4.372621322875698,
        4.35514840687791,
        4.384368063652352,
        4.382820190360013,
        4.373508237812617
    ],
    "valid_acc": 0.01598173515981735,
    "best_acc": 0.3698630136986301,
    "time_elapsed(min)": 11.0,
    "time_elapsed(s)": 41.03166151046753,
    "model_name": "ResNeXt101_64x4d",
    "model_name_sub": "resnext101_64x4d"
}