{
    "cross_number": 1,
    "num_epochs": 20,
    "lr": 0.0001,
    "batch_size": 6,
    "train_loss": [
        5.424073619385288,
        5.280727714708407,
        5.122972800307078,
        4.962594453602621,
        4.781361037737702,
        4.583111745037445,
        4.409030206399422,
        4.243868057858454,
        4.218378029457511,
        4.189481056716344,
        4.166118139273499,
        4.146998140093398,
        4.1491266105273,
        4.104237812022641,
        4.1022359083776605,
        4.099680369847442,
        4.097706065602498,
        4.0980478957907795,
        4.087010590180959,
        4.087792401444422
    ],
    "train_acc": 0.006278538812785388,
    "valid_loss": [
        5.311200076586579,
        5.155936156233696,
        4.98067298000806,
        4.782092917455386,
        4.524177293254905,
        4.285031508093011,
        4.050704903798561,
        3.9933113888518452,
        3.972585916519165,
        3.92829731065933,
        3.9299127337050765,
        3.9084372063205666,
        3.817581395580344,
        3.83878717683766,
        3.8448201434253013,
        3.8298686203891283,
        3.8205436843715304,
        3.853098372890525,
        3.8194723945774443,
        3.8221704078047245
    ],
    "valid_acc": 0.0136986301369863,
    "best_acc": 0.4726027397260274,
    "time_elapsed(min)": 14.0,
    "time_elapsed(s)": 23.72437572479248,
    "model_name": "ResNeXt101_64x4d",
    "model_name_sub": "resnext101_64x4d"
}