{
    "cross_number": 1,
    "num_epochs": 20,
    "lr": 0.0001,
    "batch_size": 8,
    "train_loss": [
        5.426622490904647,
        5.287535236306386,
        5.1559512234169596,
        5.019605582163214,
        4.862331507957145,
        4.705699017058769,
        4.532980437692442,
        4.384641536294597,
        4.371221856983829,
        4.345130916055479,
        4.333528307474912,
        4.320669633612785,
        4.294611167689981,
        4.2827720816276935,
        4.272381572418562,
        4.27659010887146,
        4.267246855992704,
        4.257184251802697,
        4.266618367199484,
        4.251625446424092
    ],
    "train_acc": 0.005136986301369863,
    "valid_loss": [
        5.329362146386273,
        5.199405075752572,
        5.072324776758342,
        4.908541550919345,
        4.718395409518725,
        4.536758494703737,
        4.314433010745811,
        4.268556427193559,
        4.261422161642275,
        4.257961654227619,
        4.192981931172549,
        4.191276744076106,
        4.181177128395533,
        4.156740910386386,
        4.134318117681704,
        4.147594893904037,
        4.123911284964923,
        4.15227377251403,
        4.121000849493018,
        4.14739824321172
    ],
    "valid_acc": 0.0091324200913242,
    "best_acc": 0.410958904109589,
    "time_elapsed(min)": 12.0,
    "time_elapsed(s)": 23.53717565536499,
    "model_name": "ResNeXt101_64x4d",
    "model_name_sub": "resnext101_64x4d"
}