{
    "cross_number": 1,
    "num_epochs": 20,
    "lr": 0.001,
    "batch_size": 8,
    "train_loss": [
        5.135801789967437,
        3.648954523208479,
        2.4166086906711803,
        1.5529879522105874,
        1.0137765641626157,
        0.6418244688342151,
        0.42221688843208904,
        0.2755764054653307,
        0.2502781619492187,
        0.2399705867176731,
        0.2279473657477392,
        0.21742225921453406,
        0.21473012327059218,
        0.20149602526671265,
        0.19359811677780325,
        0.1891299150714047,
        0.20246199688546734,
        0.19501755808450316,
        0.18974975357044777,
        0.19673776500709525
    ],
    "train_acc": 0.02682648401826484,
    "valid_loss": [
        3.9054062605992845,
        2.3344486391163306,
        1.5327676725169839,
        1.107361584765726,
        0.8640779371130957,
        0.7534480397015402,
        0.6849828093359459,
        0.6464857290324555,
        0.6347892376930202,
        0.6256965915906375,
        0.6281273978758076,
        0.621541172844362,
        0.6171449494960646,
        0.6131141554547227,
        0.62667749311826,
        0.6200160359512997,
        0.6185459849769122,
        0.6033806012917872,
        0.6002599917454262,
        0.6203339572094347
    ],
    "valid_acc": 0.2534246575342466,
    "best_acc": 0.8264840182648401,
    "time_elapsed(min)": 12.0,
    "time_elapsed(s)": 41.66291069984436,
    "model_name": "ResNeXt101_64x4d",
    "model_name_sub": "resnext101_64x4d"
}