{
    "cross_number": 1,
    "num_epochs": 20,
    "lr": 0.0001,
    "batch_size": 4,
    "train_loss": [
        5.420046649567069,
        5.25914313912936,
        5.095237381382075,
        4.898213259161335,
        4.706918740381389,
        4.492820048441081,
        4.297550726154624,
        4.134642995655809,
        4.094819428713898,
        4.090777505478358,
        4.066520872725744,
        4.043794729938246,
        4.023664732501931,
        3.999644931048563,
        3.9865296502091567,
        3.983750932837186,
        3.987417916729026,
        3.9911197777752463,
        3.977974941197051,
        3.970282439227518
    ],
    "train_acc": 0.008561643835616438,
    "valid_loss": [
        5.28682053579043,
        5.088187289564577,
        4.849658234478676,
        4.589919081561642,
        4.293959426008947,
        4.000513540555353,
        3.6848565149524983,
        3.6818901599814358,
        3.629515554262623,
        3.624369721434432,
        3.545819813802362,
        3.531624602400549,
        3.5269485118726616,
        3.4535471957568165,
        3.51174320804474,
        3.4769725516506527,
        3.468383732451696,
        3.4563615703147295,
        3.4620706316542953,
        3.440657615661621
    ],
    "valid_acc": 0.0182648401826484,
    "best_acc": 0.454337899543379,
    "time_elapsed(min)": 16.0,
    "time_elapsed(s)": 37.06591582298279,
    "model_name": "ResNeXt101_64x4d",
    "model_name_sub": "resnext101_64x4d"
}