{
    "cross_number": 1,
    "num_epochs": 20,
    "lr": 0.001,
    "batch_size": 7,
    "train_loss": [
        5.103802963206757,
        3.571151050530612,
        2.3724815439279765,
        1.5047192180265574,
        0.9561912567784253,
        0.6082459548615837,
        0.3953868313671247,
        0.26434259347566597,
        0.23126065696602408,
        0.21316760524120776,
        0.1998334977877875,
        0.20910514494378682,
        0.18532307537859433,
        0.18555790077061413,
        0.1827984906171691,
        0.17314461947814241,
        0.17230353199081605,
        0.16687219523820498,
        0.1657377175995272,
        0.17561913029711745
    ],
    "train_acc": 0.045662100456621,
    "valid_loss": [
        3.7002582980073204,
        2.1485026203878395,
        1.432899571512932,
        1.0368384124209347,
        0.8256392453767393,
        0.6854770873337304,
        0.6626480934146333,
        0.6028630160917975,
        0.599871082512075,
        0.5882552850940456,
        0.580630136079678,
        0.5704811050356727,
        0.5841589283950831,
        0.582378424823148,
        0.567062081535215,
        0.5878399821789297,
        0.566835852403653,
        0.5741037470522469,
        0.563837109014528,
        0.5873116067691481
    ],
    "valid_acc": 0.23515981735159816,
    "best_acc": 0.8264840182648401,
    "time_elapsed(min)": 13.0,
    "time_elapsed(s)": 16.558516263961792,
    "model_name": "ResNeXt101_64x4d",
    "model_name_sub": "resnext101_64x4d"
}