{
    "cross_number": 1,
    "num_epochs": 20,
    "lr": 0.0025,
    "batch_size": 12,
    "train_loss": [
        4.804055903055897,
        2.4047344000372166,
        1.1676624886793634,
        0.5454352798118983,
        0.28381769614268654,
        0.15445911246415686,
        0.0997086924130786,
        0.06796223107623318,
        0.05967590120965487,
        0.05675671299383657,
        0.05100576425200864,
        0.05131835947195961,
        0.050794440423687026,
        0.046925767439685455,
        0.04699088293701818,
        0.047933027263067356,
        0.050061749868503175,
        0.04917773976922035,
        0.04734106842836697,
        0.04708543109822355
    ],
    "train_acc": 0.0839041095890411,
    "valid_loss": [
        2.8777122366918277,
        1.4956746183029592,
        1.0102989698109561,
        0.8081895110950078,
        0.6843780715988107,
        0.6763026272393253,
        0.6327484210264193,
        0.6222890119438302,
        0.5997200349014099,
        0.5739454627037048,
        0.5926880524174808,
        0.5770440946703088,
        0.5763510757521407,
        0.5819969989665567,
        0.582406783144768,
        0.5839089272569303,
        0.5776941008763771,
        0.5814172550015253,
        0.5731227003956494,
        0.5834076890390213
    ],
    "valid_acc": 0.3881278538812785,
    "best_acc": 0.8447488584474885,
    "time_elapsed(min)": 11.0,
    "time_elapsed(s)": 53.57026410102844,
    "model_name": "ResNeXt101_64x4d",
    "model_name_sub": "resnext101_64x4d"
}