{
    "cross_number": 1,
    "num_epochs": 20,
    "lr": 0.001,
    "batch_size": 5,
    "train_loss": [
        5.106326404499681,
        3.529310082736081,
        2.3491531988121057,
        1.4854779939877387,
        0.8888798162477202,
        0.5597416425855261,
        0.3698500914618237,
        0.23852120988819425,
        0.1978198908903045,
        0.18203584519406296,
        0.18034726119128197,
        0.16725240637586541,
        0.15407518786909782,
        0.15633595401217062,
        0.1481958672098101,
        0.15173033169857716,
        0.1494657464014987,
        0.14632852617268488,
        0.15238940198671871,
        0.1437915708374266
    ],
    "train_acc": 0.041666666666666664,
    "valid_loss": [
        3.4435207783903707,
        1.981598630683607,
        1.3515651988792636,
        0.9783646921376319,
        0.8473770626773846,
        0.7582041335113551,
        0.6740177450871699,
        0.6180494482624749,
        0.6007312435713134,
        0.5842622809184367,
        0.5956661094014095,
        0.5981897229842255,
        0.5994973370611889,
        0.5954494769716865,
        0.5858707848074367,
        0.591878852097862,
        0.5871969128759008,
        0.6111239697879869,
        0.6054772363905742,
        0.5834091944284057
    ],
    "valid_acc": 0.2465753424657534,
    "best_acc": 0.8356164383561644,
    "time_elapsed(min)": 15.0,
    "time_elapsed(s)": 15.113975048065186,
    "model_name": "ResNeXt101_64x4d",
    "model_name_sub": "resnext101_64x4d"
}