{
    "cross_number": 1,
    "num_epochs": 20,
    "lr": 0.0025,
    "batch_size": 9,
    "train_loss": [
        4.741972145152419,
        2.3910702415933347,
        1.1659672645060983,
        0.53859026597379,
        0.2689114300508613,
        0.14419950151892558,
        0.09598761084744681,
        0.05884634747412311,
        0.05158372218593037,
        0.0460268333299111,
        0.04913678175725094,
        0.04433009962787316,
        0.045382625399450836,
        0.040493478467496596,
        0.04141200167822256,
        0.039939695634330585,
        0.03898964651656171,
        0.037695365149387455,
        0.03677314970712496,
        0.03779640727619041
    ],
    "train_acc": 0.0884703196347032,
    "valid_loss": [
        2.6679214190130365,
        1.4484251174208236,
        1.0213379815016708,
        0.8450842484678716,
        0.7785475586273082,
        0.751874772959376,
        0.6073290087435752,
        0.599397718217479,
        0.6028523855166484,
        0.5859010382874371,
        0.5962738145704138,
        0.5712909240990061,
        0.5751686710864305,
        0.5734702269865634,
        0.5826024986829047,
        0.5731676315238112,
        0.566534805277439,
        0.5761621508441152,
        0.5845833965385817,
        0.5925193368521047
    ],
    "valid_acc": 0.3538812785388128,
    "best_acc": 0.8378995433789954,
    "time_elapsed(min)": 12.0,
    "time_elapsed(s)": 15.007009506225586,
    "model_name": "ResNeXt101_64x4d",
    "model_name_sub": "resnext101_64x4d"
}