{
    "cross_number": 1,
    "num_epochs": 20,
    "lr": 0.0001,
    "batch_size": 9,
    "train_loss": [
        5.418526575173417,
        5.297188931948518,
        5.169696180787805,
        5.0482465281878435,
        4.90689677489947,
        4.750252824123591,
        4.584419817140658,
        4.452055903330241,
        4.445630395249145,
        4.4323032163593865,
        4.413774903506448,
        4.390480971499665,
        4.362763777171096,
        4.34746517383889,
        4.3330493397908665,
        4.34139184837472,
        4.348082980880998,
        4.3283764670972955,
        4.330095302568723,
        4.328671463140069
    ],
    "train_acc": 0.006278538812785388,
    "valid_loss": [
        5.346834777152702,
        5.234789965903922,
        5.1121134431394815,
        4.970514914760851,
        4.81411541651373,
        4.6498232149098015,
        4.458350315485915,
        4.422876658504957,
        4.409421799934074,
        4.369242854314308,
        4.355610801749034,
        4.330366044828336,
        4.335628965129591,
        4.315152174805942,
        4.294368414029683,
        4.286911004210172,
        4.298236167594178,
        4.275396436861117,
        4.304267608956115,
        4.260904483599205
    ],
    "valid_acc": 0.01141552511415525,
    "best_acc": 0.4063926940639269,
    "time_elapsed(min)": 11.0,
    "time_elapsed(s)": 56.562350273132324,
    "model_name": "ResNeXt101_64x4d",
    "model_name_sub": "resnext101_64x4d"
}