{
    "cross_number": 1,
    "num_epochs": 20,
    "lr": 0.0025,
    "batch_size": 7,
    "train_loss": [
        4.727540033729109,
        2.376331856908047,
        1.2053461493456472,
        0.6282784030113591,
        0.3502490119710905,
        0.18733796687822227,
        0.10730488811509012,
        0.06335648128307811,
        0.05329176130041174,
        0.04510655304572234,
        0.04393311704776875,
        0.0433272672176561,
        0.03747490856644472,
        0.03881526317768497,
        0.037449252356872915,
        0.03699004662076445,
        0.036634775409932124,
        0.0371098310766916,
        0.036036648282560105,
        0.03648547961490365
    ],
    "train_acc": 0.07990867579908675,
    "valid_loss": [
        2.667610424022152,
        1.4243586236211263,
        1.1503047626210403,
        0.9831162734450475,
        0.9475178045335494,
        0.724942317719414,
        0.6392700010591684,
        0.6055152080347124,
        0.6133545906403629,
        0.5836724618271197,
        0.5871114567486723,
        0.5679832102734059,
        0.5844186056951767,
        0.5986571835915315,
        0.5967180767207148,
        0.5952270377978053,
        0.6020880860149473,
        0.5750462534246311,
        0.5744129799701886,
        0.6022925040180706
    ],
    "valid_acc": 0.3105022831050228,
    "best_acc": 0.8333333333333333,
    "time_elapsed(min)": 13.0,
    "time_elapsed(s)": 21.13758897781372,
    "model_name": "ResNeXt101_64x4d",
    "model_name_sub": "resnext101_64x4d"
}