{
    "cross_number": 1,
    "num_epochs": 20,
    "lr": 0.001,
    "batch_size": 9,
    "train_loss": [
        5.192351184479178,
        3.7938680256882757,
        2.5538984426896865,
        1.6572718998953089,
        1.081632892358793,
        0.6914685722185324,
        0.45460744513428375,
        0.31328209589095146,
        0.28535342027675614,
        0.2600632338236048,
        0.2514412643464461,
        0.24493731198551721,
        0.24454913544787527,
        0.23411744367331266,
        0.22052188610581502,
        0.2211978042829935,
        0.22884661563965555,
        0.22209149268647171,
        0.2156998419062528,
        0.21460963961706586
    ],
    "train_acc": 0.03767123287671233,
    "valid_loss": [
        4.144095411039379,
        2.5683827465527678,
        1.6327295046146602,
        1.1285382846038636,
        0.9223693776620577,
        0.7624949199491984,
        0.6943275782547585,
        0.6671593604124573,
        0.6561641503278524,
        0.6520369885208672,
        0.6301349717868517,
        0.6346820698004879,
        0.6289927357271926,
        0.6293341315874498,
        0.6190407038347362,
        0.6300199441611767,
        0.6321811084061453,
        0.6194698750360371,
        0.6237657552406396,
        0.6216754421897946
    ],
    "valid_acc": 0.24885844748858446,
    "best_acc": 0.8333333333333333,
    "time_elapsed(min)": 12.0,
    "time_elapsed(s)": 14.315524101257324,
    "model_name": "ResNeXt101_64x4d",
    "model_name_sub": "resnext101_64x4d"
}