{
    "cross_number": 1,
    "num_epochs": 20,
    "lr": 0.0025,
    "batch_size": 5,
    "train_loss": [
        4.836857099647391,
        2.6980037398330152,
        1.6606410613887386,
        0.9979472864062002,
        0.6984323258596774,
        0.39242013457090885,
        0.3096949241132599,
        0.13973968609642307,
        0.08783179482410036,
        0.0666590529479635,
        0.060329753187906045,
        0.05992177481280393,
        0.0539231697040542,
        0.04738089143214577,
        0.046911991725741675,
        0.05250828559805435,
        0.04497985393058755,
        0.054090000457527994,
        0.04575450075859391,
        0.050775670047507084
    ],
    "train_acc": 0.06164383561643835,
    "valid_loss": [
        2.6775836366224506,
        1.9763241412977106,
        1.8065123903101574,
        1.2829292463925432,
        1.0179615938987108,
        1.1438152097999097,
        1.0998429876627809,
        0.8207708715978684,
        0.7825170251313325,
        0.7648433118921861,
        0.7158406225264872,
        0.7330128939765969,
        0.6960510873010107,
        0.7481650547411497,
        0.7725014261467712,
        0.730244347598796,
        0.7431732819991859,
        0.739984743567872,
        0.776827006796052,
        0.7181744096687991
    ],
    "valid_acc": 0.3333333333333333,
    "best_acc": 0.8150684931506849,
    "time_elapsed(min)": 15.0,
    "time_elapsed(s)": 23.533366680145264,
    "model_name": "ResNeXt101_64x4d",
    "model_name_sub": "resnext101_64x4d"
}