{
    "cross_number": 1,
    "num_epochs": 20,
    "lr": 0.0001,
    "batch_size": 5,
    "train_loss": [
        5.4077857471492194,
        5.257203231935632,
        5.0856863020761915,
        4.900086644305486,
        4.706684767111251,
        4.503201693704684,
        4.293956864914393,
        4.11935171702681,
        4.091427758540193,
        4.075968801703083,
        4.053521314440252,
        4.042482845995524,
        4.021639011494101,
        4.00868162689688,
        3.985878877171643,
        3.992822838428358,
        3.9720937001378567,
        3.972432520155493,
        3.9893342400794705,
        3.97967191006495
    ],
    "train_acc": 0.008561643835616438,
    "valid_loss": [
        5.270378100817607,
        5.101508830780308,
        4.877776766476566,
        4.640539245518375,
        4.3579282395915895,
        4.04986389859082,
        3.77558473528248,
        3.710646071390474,
        3.713361596407956,
        3.6926418156384333,
        3.682134265769018,
        3.634562799919686,
        3.613713855068433,
        3.5905268083424327,
        3.5698331861191144,
        3.5487129851563335,
        3.5783225913026016,
        3.5567546141202047,
        3.5698696407553268,
        3.5601629263734162
    ],
    "valid_acc": 0.01598173515981735,
    "best_acc": 0.4748858447488584,
    "time_elapsed(min)": 15.0,
    "time_elapsed(s)": 21.884809970855713,
    "model_name": "ResNeXt101_64x4d",
    "model_name_sub": "resnext101_64x4d"
}