{
    "cross_number": 1,
    "num_epochs": 20,
    "lr": 0.0025,
    "batch_size": 4,
    "train_loss": [
        5.073277335188704,
        3.2773341838627648,
        2.2425048847993216,
        1.6170291015410532,
        1.2293129224483281,
        0.8341387254972709,
        0.6558396854357088,
        0.32521379817294205,
        0.1579875883063701,
        0.1255575958256648,
        0.11123031725124648,
        0.09561629948253024,
        0.09326244845505821,
        0.08066979248382866,
        0.08474057228261919,
        0.07455143616662348,
        0.08458811034114615,
        0.08129115095447119,
        0.07977322294040834,
        0.07643229379127287
    ],
    "train_acc": 0.048515981735159815,
    "valid_loss": [
        3.80507483547681,
        2.6495348626075814,
        2.163317494978916,
        2.253120247904024,
        1.8961966073046945,
        1.5448430715469388,
        1.5434867276652764,
        0.9208066746165665,
        0.843541152680667,
        0.8314017256675076,
        0.8868329737372123,
        0.826371495640405,
        0.8296966691170267,
        0.7895356879701687,
        0.7702252945422033,
        0.8376175359610578,
        0.7808355621772738,
        0.7872289297868366,
        0.8321610144497646,
        0.8051911144723747
    ],
    "valid_acc": 0.18493150684931506,
    "best_acc": 0.7990867579908676,
    "time_elapsed(min)": 16.0,
    "time_elapsed(s)": 24.78762698173523,
    "model_name": "ResNeXt101_64x4d",
    "model_name_sub": "resnext101_64x4d"
}