{
    "cross_number": 1,
    "num_epochs": 20,
    "lr": 0.001,
    "batch_size": 13,
    "train_loss": [
        5.258081803310952,
        4.117649605693338,
        2.9220458515430696,
        2.0286648358520307,
        1.4040913975470142,
        0.9498306535966864,
        0.6495852962340394,
        0.4581915169239861,
        0.43769051354021243,
        0.4228920403391667,
        0.39329452321069425,
        0.39656697226407595,
        0.3750251652375204,
        0.36238733662896233,
        0.3517896725145513,
        0.35881519960622266,
        0.3446279015460107,
        0.34593760927280065,
        0.3457800192613852,
        0.33789705631395456
    ],
    "train_acc": 0.03881278538812785,
    "valid_loss": [
        4.527623388865223,
        3.074272768682541,
        2.1626381882249492,
        1.5616175706528093,
        1.220362930809526,
        1.0013765275614446,
        0.8609304658762397,
        0.8195022960367813,
        0.8138381303309306,
        0.7916616727704326,
        0.7855032718480994,
        0.7956798512777782,
        0.7870743050831094,
        0.7625408457702698,
        0.7547694702534915,
        0.7602496372034017,
        0.7684939526803961,
        0.7684577760971301,
        0.7663202783152393,
        0.7756960119150546
    ],
    "valid_acc": 0.22602739726027396,
    "best_acc": 0.8287671232876712,
    "time_elapsed(min)": 11.0,
    "time_elapsed(s)": 45.5195369720459,
    "model_name": "ResNeXt101_64x4d",
    "model_name_sub": "resnext101_64x4d"
}