{
    "cross_number": 1,
    "num_epochs": 20,
    "lr": 0.0001,
    "batch_size": 7,
    "train_loss": [
        5.398802029759916,
        5.262224053955514,
        5.125234994714119,
        4.9720973067632,
        4.8022160260644675,
        4.6143136620521545,
        4.415468680123761,
        4.275326343023614,
        4.258101719019075,
        4.240192335354139,
        4.21719328984278,
        4.202153596976032,
        4.180971281033129,
        4.163799797018913,
        4.144136350993152,
        4.133601561937158,
        4.132644657130655,
        4.142095817142426,
        4.1253873538481045,
        4.132184667946541
    ],
    "train_acc": 0.010844748858447488,
    "valid_loss": [
        5.298992102548956,
        5.164536374889008,
        5.010078904835601,
        4.839088650054583,
        4.650633064034867,
        4.383986992378757,
        4.134883350977614,
        4.1175943281008225,
        4.09184913275993,
        4.065817218937286,
        4.022812303342776,
        3.9927490889753927,
        3.988941359193358,
        3.9319756145346654,
        3.9443843206858524,
        3.921276793632333,
        3.9783152804527107,
        3.9418546195443906,
        3.98686690308732,
        3.9717225162950283
    ],
    "valid_acc": 0.01141552511415525,
    "best_acc": 0.42237442922374424,
    "time_elapsed(min)": 13.0,
    "time_elapsed(s)": 3.930748224258423,
    "model_name": "ResNeXt101_64x4d",
    "model_name_sub": "resnext101_64x4d"
}