{
    "cross_number": 1,
    "num_epochs": 20,
    "lr": 0.0001,
    "batch_size": 12,
    "train_loss": [
        5.416270141732203,
        5.308459997177124,
        5.204844562974695,
        5.10179941948146,
        4.985645797154675,
        4.863442202136941,
        4.729224338923415,
        4.623456438926802,
        4.603690513192791,
        4.601072017460654,
        4.5806676198358405,
        4.5640395830755365,
        4.556869761584556,
        4.540776794903899,
        4.531865080741987,
        4.529025584051054,
        4.524516024001657,
        4.5292970807585,
        4.517218919649516,
        4.518847710465732
    ],
    "train_acc": 0.007420091324200913,
    "valid_loss": [
        5.342638753864863,
        5.2487706419539775,
        5.155792027303617,
        5.046772982976208,
        4.92686626355942,
        4.796472974019508,
        4.641168326547701,
        4.634086909359449,
        4.617889613321383,
        4.603251333106054,
        4.592647095249124,
        4.574213557047386,
        4.554890286432554,
        4.5236614370999275,
        4.540117596926755,
        4.523353583192172,
        4.540149492760227,
        4.541592931094235,
        4.5305323535448885,
        4.543788380818825
    ],
    "valid_acc": 0.0182648401826484,
    "best_acc": 0.32191780821917804,
    "time_elapsed(min)": 11.0,
    "time_elapsed(s)": 32.13013768196106,
    "model_name": "ResNeXt101_64x4d",
    "model_name_sub": "resnext101_64x4d"
}