{
    "cross_number": 1,
    "num_epochs": 20,
    "lr": 0.0001,
    "batch_size": 13,
    "train_loss": [
        5.4305018513170005,
        5.329099814369254,
        5.22958072189871,
        5.135103577620362,
        5.029385617878884,
        4.922596332145064,
        4.79299301153993,
        4.7040424839546695,
        4.690265666132104,
        4.6741538815302395,
        4.658255676700644,
        4.652156302373704,
        4.641195102641571,
        4.626995633181916,
        4.614571094785107,
        4.611700474943745,
        4.616685819952456,
        4.610067581477231,
        4.614504987246369,
        4.611278199986236
    ],
    "train_acc": 0.005136986301369863,
    "valid_loss": [
        5.377467251259442,
        5.290325219228388,
        5.205992676896047,
        5.113401305185605,
        5.019323098605082,
        4.895212036289581,
        4.7678811060239195,
        4.7556346736542165,
        4.749227118818728,
        4.726801819997291,
        4.72017861501267,
        4.708894882027962,
        4.6928091321361665,
        4.6826275167944225,
        4.678903437096234,
        4.675908228033754,
        4.678567054609186,
        4.670111870656819,
        4.676138261681822,
        4.661806139227462
    ],
    "valid_acc": 0.01141552511415525,
    "best_acc": 0.31278538812785384,
    "time_elapsed(min)": 11.0,
    "time_elapsed(s)": 29.976123809814453,
    "model_name": "ResNeXt101_64x4d",
    "model_name_sub": "resnext101_64x4d"
}