{
    "cross_number": 1,
    "num_epochs": 20,
    "lr": 0.0025,
    "batch_size": 11,
    "train_loss": [
        4.777075777042946,
        2.3986477629370886,
        1.146908357127072,
        0.5294384295248413,
        0.31385205094978963,
        0.16084559682382432,
        0.10274013638024358,
        0.06458917311095042,
        0.05845317171703701,
        0.057579929617203804,
        0.04734307764200111,
        0.05000074908826245,
        0.04858844372024972,
        0.04987694784046308,
        0.042207198070795975,
        0.04387951914707973,
        0.046582364799352745,
        0.04884415032123067,
        0.04144581865208844,
        0.042102732809396574
    ],
    "train_acc": 0.079337899543379,
    "valid_loss": [
        2.7181815439707613,
        1.5131554971002552,
        1.047421700265854,
        0.8608790200935107,
        0.7558538246576645,
        0.7072797753597231,
        0.6502706638652168,
        0.6305058348294534,
        0.6117422778040307,
        0.6168499772509212,
        0.6222599786302271,
        0.599935780878957,
        0.6059307943706371,
        0.6025942242683069,
        0.6026043831519613,
        0.5971386562947814,
        0.5966894552281731,
        0.6118941225077463,
        0.608626136939003,
        0.5887355917733009
    ],
    "valid_acc": 0.3607305936073059,
    "best_acc": 0.8310502283105022,
    "time_elapsed(min)": 11.0,
    "time_elapsed(s)": 44.415820598602295,
    "model_name": "ResNeXt101_64x4d",
    "model_name_sub": "resnext101_64x4d"
}