{
    "cross_number": 1,
    "num_epochs": 20,
    "lr": 0.0025,
    "batch_size": 10,
    "train_loss": [
        4.741411842984151,
        2.37657421446282,
        1.104057202600453,
        0.5334866948970104,
        0.25514904691170065,
        0.15919945636321897,
        0.10900468207453484,
        0.06932041301396272,
        0.0593939721563057,
        0.050886092127032885,
        0.052132780277744345,
        0.04820746328196909,
        0.04613879578268861,
        0.042404979297287385,
        0.03919464106709786,
        0.039591874968745326,
        0.045134362721067245,
        0.043951554415262724,
        0.0393932528206951,
        0.03992270811388618
    ],
    "train_acc": 0.0776255707762557,
    "valid_loss": [
        2.6697913489929617,
        1.4166487501636487,
        1.0251499541001776,
        0.8082467071609954,
        0.6810762243830177,
        0.6499988701551744,
        0.6313204240292039,
        0.6102631481270812,
        0.5818699102032266,
        0.5906751880924043,
        0.578353580818873,
        0.5892763286488786,
        0.5862909210122884,
        0.581073291506193,
        0.5887312193201285,
        0.5792228795213786,
        0.5829983958676798,
        0.5835741383691221,
        0.5952487728435155,
        0.5934793596330299
    ],
    "valid_acc": 0.3424657534246575,
    "best_acc": 0.8401826484018264,
    "time_elapsed(min)": 11.0,
    "time_elapsed(s)": 59.503485441207886,
    "model_name": "ResNeXt101_64x4d",
    "model_name_sub": "resnext101_64x4d"
}