{
    "cross_number": 1,
    "num_epochs": 20,
    "lr": 0.001,
    "batch_size": 6,
    "train_loss": [
        5.126452911390017,
        3.5592929647393423,
        2.3428978544391996,
        1.4939091630177954,
        0.9029273624493651,
        0.5752217510893737,
        0.3608261742565322,
        0.23300765730338555,
        0.22259773419889278,
        0.2145032219792882,
        0.18709751251727752,
        0.186494125589116,
        0.1819489339545165,
        0.16167991173338808,
        0.1614564918109203,
        0.16746273352318022,
        0.16373634129150272,
        0.16395950952723418,
        0.16100930504194677,
        0.15026707584931426
    ],
    "train_acc": 0.034817351598173514,
    "valid_loss": [
        3.6321111999145925,
        2.1326076167903536,
        1.376546759719718,
        1.0524540632350805,
        0.8283827502841818,
        0.7120802204494607,
        0.6083223182350805,
        0.5834399042523479,
        0.5859919305227391,
        0.5830761678006551,
        0.5829163672249407,
        0.5687353770337897,
        0.5682671697402041,
        0.5569070529269233,
        0.5729779018446395,
        0.5783128216735101,
        0.5715377832163279,
        0.5599632961037633,
        0.5717698641325513,
        0.5798655527018725
    ],
    "valid_acc": 0.2625570776255708,
    "best_acc": 0.8356164383561644,
    "time_elapsed(min)": 14.0,
    "time_elapsed(s)": 38.88687610626221,
    "model_name": "ResNeXt101_64x4d",
    "model_name_sub": "resnext101_64x4d"
}