{
    "cross_number": 1,
    "num_epochs": 20,
    "lr": 0.001,
    "batch_size": 12,
    "train_loss": [
        5.236556846801549,
        4.000854986987702,
        2.768251466424498,
        1.9073247558450046,
        1.305809204300789,
        0.8750150995711757,
        0.6085645717709032,
        0.4210259411228846,
        0.39426543349272586,
        0.38083708122985005,
        0.3675363671085606,
        0.35592823771581256,
        0.33883315957572363,
        0.3354062423722385,
        0.32073420102465644,
        0.3073110034408635,
        0.3101070358941,
        0.302318650259547,
        0.3038111892465043,
        0.32221215432637357
    ],
    "train_acc": 0.03538812785388128,
    "valid_loss": [
        4.42923513177323,
        2.9039237923818093,
        1.9638123022366876,
        1.4288756635091076,
        1.1015536238069403,
        0.8936191454325637,
        0.786069876527133,
        0.7613984093274155,
        0.745630191205299,
        0.724724971676526,
        0.7170203875188959,
        0.7068281553379477,
        0.6936034752081518,
        0.7098059486852933,
        0.6949406380522741,
        0.694403637761939,
        0.7204196261216517,
        0.6982922558098623,
        0.6938547030703662,
        0.6945753309824695
    ],
    "valid_acc": 0.30365296803652964,
    "best_acc": 0.817351598173516,
    "time_elapsed(min)": 11.0,
    "time_elapsed(s)": 48.396157026290894,
    "model_name": "ResNeXt101_64x4d",
    "model_name_sub": "resnext101_64x4d"
}