{
    "cross_number": 1,
    "num_epochs": 20,
    "lr": 0.0001,
    "batch_size": 11,
    "train_loss": [
        5.408235757046095,
        5.3100378243890525,
        5.196918200956632,
        5.088350058690598,
        4.962212329041468,
        4.840110878149669,
        4.6988484211708315,
        4.587784764157038,
        4.578193097898405,
        4.558992342589653,
        4.546733874980718,
        4.535725065017944,
        4.5028583676847695,
        4.494543420397528,
        4.488143990301106,
        4.48320479371232,
        4.484554452983212,
        4.476690303245092,
        4.485120824755055,
        4.467844820185883
    ],
    "train_acc": 0.007420091324200913,
    "valid_loss": [
        5.344369980842555,
        5.2467073196689835,
        5.150527802776528,
        5.034054501415932,
        4.911981444380599,
        4.774492054769437,
        4.6251426047930435,
        4.6015759385339745,
        4.575173750315627,
        4.555460817737666,
        4.545104540646348,
        4.529306883136976,
        4.50439606409639,
        4.501321493218478,
        4.47991960669217,
        4.508530333706233,
        4.497625918148859,
        4.5056862526288315,
        4.486357953450451,
        4.475897622435061
    ],
    "valid_acc": 0.0136986301369863,
    "best_acc": 0.34931506849315064,
    "time_elapsed(min)": 11.0,
    "time_elapsed(s)": 25.02108597755432,
    "model_name": "ResNeXt101_64x4d",
    "model_name_sub": "resnext101_64x4d"
}