{
    "cross_number": 1,
    "num_epochs": 20,
    "lr": 0.001,
    "batch_size": 4,
    "train_loss": [
        5.1478659448014,
        3.6339385259097026,
        2.4111285860135676,
        1.618838355285392,
        0.9497588718794796,
        0.6222977351278203,
        0.39485792858211416,
        0.23131500258956733,
        0.19229838497018162,
        0.195594416595315,
        0.18373308041596523,
        0.16294775546005327,
        0.15076304098259505,
        0.14925519542845145,
        0.1603223981514369,
        0.14624243409938464,
        0.1566379814999833,
        0.14689145208289633,
        0.136612510631822,
        0.1379672004862531
    ],
    "train_acc": 0.030821917808219176,
    "valid_loss": [
        3.5489043841078947,
        2.091852086319771,
        1.3882450039528276,
        0.9160000147748756,
        0.8467816902987965,
        0.7808036021718151,
        0.693108495574957,
        0.6308936569690874,
        0.600830798285065,
        0.6141706013660793,
        0.5971398524063976,
        0.6083052676958064,
        0.6240208139919493,
        0.6260470026353434,
        0.6323577434921713,
        0.6398367981987763,
        0.6138691921361199,
        0.5987297866268075,
        0.605860270692682,
        0.6331184204836848
    ],
    "valid_acc": 0.16666666666666666,
    "best_acc": 0.8264840182648401,
    "time_elapsed(min)": 16.0,
    "time_elapsed(s)": 11.877101421356201,
    "model_name": "ResNeXt101_64x4d",
    "model_name_sub": "resnext101_64x4d"
}