{
    "cross_number": 1,
    "num_epochs": 20,
    "lr": 0.001,
    "batch_size": 10,
    "train_loss": [
        5.206479645755193,
        3.850059632296976,
        2.6486652119246794,
        1.7947471729696614,
        1.185451942968042,
        0.7876383151569867,
        0.5230194062470845,
        0.37028761585689574,
        0.33550620853016366,
        0.3106125828440059,
        0.3002817705103524,
        0.2908281703313736,
        0.27607354102443615,
        0.27674908658753244,
        0.25217014314717356,
        0.2610809950829913,
        0.2634144568620207,
        0.2645503958712702,
        0.2606050148776405,
        0.2492083513250226
    ],
    "train_acc": 0.02968036529680365,
    "valid_loss": [
        4.214822778963063,
        2.7229047937480284,
        1.8028186243963025,
        1.2994665097972573,
        0.9897226881763163,
        0.8026399264732996,
        0.7383872486276714,
        0.6940176513505308,
        0.6649974203545209,
        0.6830045011353819,
        0.6467192303984677,
        0.6737997623066924,
        0.6882135384975503,
        0.6724967276805067,
        0.6274113270653982,
        0.6515148810736121,
        0.6553897778057072,
        0.6476779501187747,
        0.6651235519138645,
        0.6531244929726809
    ],
    "valid_acc": 0.23515981735159816,
    "best_acc": 0.819634703196347,
    "time_elapsed(min)": 11.0,
    "time_elapsed(s)": 58.98583149909973,
    "model_name": "ResNeXt101_64x4d",
    "model_name_sub": "resnext101_64x4d"
}