{
    "cross_number": 1,
    "num_epochs": 20,
    "lr": 0.0025,
    "batch_size": 13,
    "train_loss": [
        4.840126559750675,
        2.526310013309461,
        1.1771157638565317,
        0.593891481898691,
        0.2871081147844729,
        0.15796472273818027,
        0.10169908660782935,
        0.06601941672187792,
        0.06229329278977528,
        0.06182650749074065,
        0.05322086178595583,
        0.052894819609727285,
        0.05518062004700439,
        0.04812681811572516,
        0.04951419679078031,
        0.05216736971085985,
        0.049281941451446994,
        0.054217469985873255,
        0.049993872629759246,
        0.04807218038753423
    ],
    "train_acc": 0.07363013698630136,
    "valid_loss": [
        3.062474362926396,
        1.5455068213754592,
        1.0472102427863639,
        0.8065515558605325,
        0.6765629990732289,
        0.6010973330195908,
        0.619654786938878,
        0.5938358053599047,
        0.5805586076524432,
        0.5678144586889167,
        0.56142219496236,
        0.5598562890025851,
        0.5526885819285428,
        0.5464498975641652,
        0.5529707710356473,
        0.556282031821878,
        0.5543989212375525,
        0.560000274976775,
        0.5488810235162406,
        0.5541548939787497
    ],
    "valid_acc": 0.31278538812785384,
    "best_acc": 0.8378995433789954,
    "time_elapsed(min)": 11.0,
    "time_elapsed(s)": 49.88541221618652,
    "model_name": "ResNeXt101_64x4d",
    "model_name_sub": "resnext101_64x4d"
}