{
    "cross_number": 1,
    "num_epochs": 20,
    "lr": 0.001,
    "batch_size": 11,
    "train_loss": [
        5.224873195500134,
        3.9138855902843823,
        2.6972497115124305,
        1.822506897661784,
        1.2116509449400314,
        0.8013735681976357,
        0.5361437502074732,
        0.3652378246528373,
        0.34521913963910106,
        0.3382398437317376,
        0.3090946999501828,
        0.30238622655777353,
        0.2951851460623415,
        0.2756117557485898,
        0.2806790805842778,
        0.27559661660683615,
        0.28905152594968336,
        0.27450081811511895,
        0.2645078162794516,
        0.2729251112652832
    ],
    "train_acc": 0.032534246575342464,
    "valid_loss": [
        4.299045196406918,
        2.7125333476828657,
        1.844479258746317,
        1.2965326665743302,
        1.0174235222546477,
        0.8486522399399379,
        0.7438535830473791,
        0.7139666623788882,
        0.6957926781822558,
        0.6931014471606577,
        0.684978761969636,
        0.6682884827868579,
        0.6937275677579179,
        0.6683076572132437,
        0.6830598153684238,
        0.6752221384617292,
        0.6692818291655415,
        0.6727148427810843,
        0.677729966348573,
        0.6701467291167066
    ],
    "valid_acc": 0.273972602739726,
    "best_acc": 0.8493150684931506,
    "time_elapsed(min)": 11.0,
    "time_elapsed(s)": 41.218695878982544,
    "model_name": "ResNeXt101_64x4d",
    "model_name_sub": "resnext101_64x4d"
}