{
    "cross_number": 1,
    "num_epochs": 20,
    "lr": 0.0025,
    "batch_size": 8,
    "train_loss": [
        4.680673489287564,
        2.3221236421093003,
        1.121934339063897,
        0.5392430276359053,
        0.2543911831836178,
        0.1331219397927528,
        0.08675785188363296,
        0.06690857756338571,
        0.053480865552885344,
        0.04476219351875455,
        0.04000896247333451,
        0.04228146040395379,
        0.045387511558354444,
        0.035932920690302704,
        0.03364910967818134,
        0.03720965537085245,
        0.03347253641241217,
        0.03168157568482095,
        0.03429164728957768,
        0.03525056550066629
    ],
    "train_acc": 0.0884703196347032,
    "valid_loss": [
        2.6084478848601043,
        1.415120425833959,
        1.0105774417587612,
        0.8469852767034208,
        0.7180505626277837,
        0.70464028302393,
        0.6907726941825865,
        0.6270331529789863,
        0.5934718601643767,
        0.6155968812277294,
        0.6069962351782817,
        0.5903543446799868,
        0.583176948878591,
        0.6008586161621084,
        0.5818985665289337,
        0.5921144452898606,
        0.5658379732269675,
        0.5825024549955646,
        0.5890320936498576,
        0.6072715184732115
    ],
    "valid_acc": 0.3835616438356164,
    "best_acc": 0.8401826484018264,
    "time_elapsed(min)": 12.0,
    "time_elapsed(s)": 42.196775913238525,
    "model_name": "ResNeXt101_64x4d",
    "model_name_sub": "resnext101_64x4d"
}