{
    "cross_number": 4,
    "num_epochs": 20,
    "lr": 0.0025,
    "batch_size": 9,
    "train_loss": [
        4.734188977169664,
        2.3618562300115418,
        1.1221567885312316,
        0.5360017743548506,
        0.2588535362650474,
        0.13619244219862844,
        0.11028690653700024,
        0.06689218493586738,
        0.056721521547855175,
        0.04666762156348216,
        0.047814456663056185,
        0.04362815843212533,
        0.03980953974987393,
        0.04066693971781953,
        0.035703178653047,
        0.03594847555489165,
        0.037966474393153024,
        0.041791753731795576,
        0.03642794593199067,
        0.038548079163014684
    ],
    "train_acc": 0.0884703196347032,
    "valid_loss": [
        2.5729810987433344,
        1.2559603809902113,
        0.881553638063065,
        0.7040484700709173,
        0.628137540863189,
        0.5807856860991618,
        0.613945418943281,
        0.5489350251617446,
        0.5442804516777906,
        0.5243886615698264,
        0.5217915694803408,
        0.5228110504374929,
        0.5201985367943776,
        0.5112908225799975,
        0.5282883206924602,
        0.5191195614584913,
        0.5203761348679458,
        0.5245954374709384,
        0.5272726454861361,
        0.5219862643272093
    ],
    "valid_acc": 0.365296803652968,
    "best_acc": 0.8447488584474885,
    "time_elapsed(min)": 11.0,
    "time_elapsed(s)": 56.368892669677734,
    "model_name": "ResNeXt101_64x4d",
    "model_name_sub": "resnext101_64x4d"
}