{
    "cross_number": 4,
    "num_epochs": 20,
    "lr": 0.0025,
    "batch_size": 11,
    "train_loss": [
        4.850655882053724,
        2.472297589256339,
        1.1758046409957212,
        0.5407773896405413,
        0.27757375504923604,
        0.1509901365078135,
        0.08953433452369687,
        0.06537088441883626,
        0.05657910389111263,
        0.05805994468298847,
        0.05212380093645696,
        0.046884953264427716,
        0.04612277822407413,
        0.04428646872968298,
        0.041585626383099414,
        0.043903105911909344,
        0.04689101237361425,
        0.04301592134753642,
        0.04677201917854278,
        0.04334138513310944
    ],
    "train_acc": 0.07648401826484018,
    "valid_loss": [
        2.7854742622810957,
        1.3503146088558788,
        0.9209689204347188,
        0.7623247382099225,
        0.6796106172376843,
        0.6296368555238122,
        0.647303217282034,
        0.6089734305121582,
        0.5960190634341,
        0.593276884815056,
        0.6030090269398743,
        0.5828136589386623,
        0.575393058733853,
        0.6048419880489372,
        0.5928526330956143,
        0.5736742664051995,
        0.5823794371495236,
        0.5946337264881695,
        0.5788699609682508,
        0.5763461898553045
    ],
    "valid_acc": 0.3378995433789954,
    "best_acc": 0.8356164383561644,
    "time_elapsed(min)": 11.0,
    "time_elapsed(s)": 23.525924682617188,
    "model_name": "ResNeXt101_64x4d",
    "model_name_sub": "resnext101_64x4d"
}