{
    "cross_number": 4,
    "num_epochs": 20,
    "lr": 0.001,
    "batch_size": 11,
    "train_loss": [
        5.203874918695998,
        3.888275869632965,
        2.7010568432067625,
        1.8358935138814525,
        1.2266917571629563,
        0.8257679923280189,
        0.5459542373816172,
        0.39686860213881214,
        0.35857957874565094,
        0.34581182757605156,
        0.32868592967555676,
        0.32176831796697286,
        0.3002964324237073,
        0.2981696595654708,
        0.2860971532557925,
        0.28809347688369286,
        0.28920895920122325,
        0.28150568639680945,
        0.2821440882555562,
        0.2867027264785821
    ],
    "train_acc": 0.03995433789954338,
    "valid_loss": [
        4.239732226280317,
        2.7067705134278564,
        1.7705338380924642,
        1.2492868513821467,
        0.9521018880415181,
        0.7769628032089368,
        0.664282052144068,
        0.6488031210148171,
        0.6330016696630003,
        0.628993617158094,
        0.6206894934721733,
        0.6152407599434461,
        0.6144771202037868,
        0.6153109587014538,
        0.616901290845381,
        0.6068711386797907,
        0.6094302313921114,
        0.6067519028028941,
        0.5948438633522487,
        0.5940420484706147
    ],
    "valid_acc": 0.24885844748858446,
    "best_acc": 0.8287671232876712,
    "time_elapsed(min)": 11.0,
    "time_elapsed(s)": 24.002723932266235,
    "model_name": "ResNeXt101_64x4d",
    "model_name_sub": "resnext101_64x4d"
}