{
    "cross_number": 2,
    "num_epochs": 20,
    "lr": 0.0025,
    "batch_size": 12,
    "train_loss": [
        4.829151339726906,
        2.5085610020650577,
        1.1843542083077234,
        0.5641525789891204,
        0.26486642822010875,
        0.1600304562598467,
        0.10086176905474842,
        0.07011978522147218,
        0.05959942205872846,
        0.05609333632539396,
        0.052357506746911024,
        0.049488873208222324,
        0.04556264973258319,
        0.054353418364508514,
        0.043166772117965845,
        0.045153028931315634,
        0.04245090330249234,
        0.04972056176972716,
        0.04558903995697221,
        0.044308154231371126
    ],
    "train_acc": 0.07648401826484018,
    "valid_loss": [
        2.8410022781319815,
        1.675158046696284,
        1.0569595604726714,
        0.8294675190971322,
        0.7544775278600928,
        0.6967772178045691,
        0.7140750871741608,
        0.6633835896237256,
        0.6660956742420588,
        0.6554070833611162,
        0.647030524195057,
        0.6406214012675089,
        0.6275374411720119,
        0.6312280060493782,
        0.6241580360913521,
        0.6369469301545456,
        0.6332865485487735,
        0.6301964886792718,
        0.6357399268101339,
        0.6340542817360735
    ],
    "valid_acc": 0.34018264840182644,
    "best_acc": 0.821917808219178,
    "time_elapsed(min)": 11.0,
    "time_elapsed(s)": 54.462382793426514,
    "model_name": "ResNeXt101_64x4d",
    "model_name_sub": "resnext101_64x4d"
}