{
    "cross_number": 3,
    "num_epochs": 20,
    "lr": 0.001,
    "batch_size": 9,
    "train_loss": [
        5.164533560406672,
        3.7142519587523317,
        2.5201416409587205,
        1.6370164423364482,
        1.0545822440659347,
        0.6726653464648822,
        0.459576870225472,
        0.31081322519338295,
        0.27424473935508564,
        0.27795801919004687,
        0.26289937518894263,
        0.2444152447127112,
        0.23553684191803817,
        0.2354079624510383,
        0.22570585783519972,
        0.22096481382183425,
        0.21521350006534629,
        0.21820349669823907,
        0.21987273602759186,
        0.21423702221363783
    ],
    "train_acc": 0.04680365296803653,
    "valid_loss": [
        4.0242952908555125,
        2.460684650564847,
        1.5501370952553946,
        1.072447081542995,
        0.8710462348918392,
        0.7424507874944438,
        0.664089270650524,
        0.62745744418608,
        0.5898996423674773,
        0.5936913525507058,
        0.5863775400674507,
        0.5711762112858769,
        0.5796938068042062,
        0.5879311530455335,
        0.5812317847389065,
        0.5701541961872414,
        0.5711139527289835,
        0.5784479664408997,
        0.5818936602301794,
        0.5777035171599829
    ],
    "valid_acc": 0.2534246575342466,
    "best_acc": 0.821917808219178,
    "time_elapsed(min)": 12.0,
    "time_elapsed(s)": 20.21399474143982,
    "model_name": "ResNeXt101_64x4d",
    "model_name_sub": "resnext101_64x4d"
}