{
    "cross_number": 5,
    "num_epochs": 20,
    "lr": 0.0025,
    "batch_size": 12,
    "train_loss": [
        4.8149761435513625,
        2.5213630600650174,
        1.2085475482331367,
        0.5766079707004245,
        0.294490316205887,
        0.17722090436129725,
        0.10576074454387256,
        0.07244309231307394,
        0.06616025957392069,
        0.05962070873293004,
        0.05707402219193633,
        0.049688786476493496,
        0.05471802727280517,
        0.05175083626170058,
        0.04740485677753798,
        0.04791246119969515,
        0.047984287997041505,
        0.04677069749464257,
        0.04854772296663495,
        0.04590421933755151
    ],
    "train_acc": 0.07016543069024529,
    "valid_loss": [
        2.842642686138414,
        1.3667892478916743,
        0.9459601314100501,
        0.7879078635205962,
        0.6779736182461046,
        0.6470124950147655,
        0.593498231919661,
        0.5592468325814156,
        0.5706135124376376,
        0.565933710704111,
        0.5453516115778929,
        0.5459655411031148,
        0.5488827802138786,
        0.5285134453785746,
        0.5401678260875075,
        0.5588383834860097,
        0.5492155864222409,
        0.5481329417391999,
        0.5500266237618172,
        0.530039556732733
    ],
    "valid_acc": 0.36757990867579904,
    "best_acc": 0.8607305936073059,
    "time_elapsed(min)": 11.0,
    "time_elapsed(s)": 32.587260007858276,
    "model_name": "ResNeXt101_64x4d",
    "model_name_sub": "resnext101_64x4d"
}