{
    "cross_number": 3,
    "num_epochs": 20,
    "lr": 0.001,
    "batch_size": 5,
    "train_loss": [
        5.143946562047418,
        3.572348590446934,
        2.3291721727069654,
        1.4736744301163986,
        0.9112916451678973,
        0.5889420130770636,
        0.36842109503003356,
        0.24287339146185208,
        0.21495706777483836,
        0.1966474115419027,
        0.1841573199750558,
        0.16869615625215856,
        0.16641154677977096,
        0.1717410619651312,
        0.15268240444634332,
        0.1486115736533892,
        0.15806031447184615,
        0.1484811130962143,
        0.17029533641344813,
        0.15087387106513186
    ],
    "train_acc": 0.032534246575342464,
    "valid_loss": [
        3.5355388639180085,
        1.959772176666347,
        1.2795556126392051,
        0.9150955525639395,
        0.856076317475726,
        0.6958060557039701,
        0.7262050520924247,
        0.5730283701352213,
        0.5348851111479376,
        0.5211072454737185,
        0.547769391779537,
        0.5086252633971269,
        0.5463471091681981,
        0.5183812376732627,
        0.5352854836183562,
        0.5407927599809979,
        0.5195535585309748,
        0.5084251163263708,
        0.5242245587654258,
        0.5283463817870151
    ],
    "valid_acc": 0.2328767123287671,
    "best_acc": 0.8287671232876712,
    "time_elapsed(min)": 15.0,
    "time_elapsed(s)": 24.467437982559204,
    "model_name": "ResNeXt101_64x4d",
    "model_name_sub": "resnext101_64x4d"
}