{
    "cross_number": 3,
    "num_epochs": 20,
    "lr": 0.0025,
    "batch_size": 7,
    "train_loss": [
        4.661069595786534,
        2.4955187412701787,
        1.2311846699446576,
        0.642645002172656,
        0.3259364221559744,
        0.18997042066073172,
        0.12286572148874572,
        0.07887751871739093,
        0.05589842130100465,
        0.054846578627425036,
        0.046441098650147686,
        0.039506064990501355,
        0.04892263851356034,
        0.042431295599010196,
        0.037505161851755085,
        0.04204913105902828,
        0.03693207615500605,
        0.04102203908501848,
        0.039772381615605985,
        0.03935241504767952
    ],
    "train_acc": 0.0839041095890411,
    "valid_loss": [
        2.7469948789436525,
        1.4705401755971452,
        1.1822058851724346,
        0.8339127040591482,
        0.6726264388185658,
        0.6844872430282684,
        0.6445789968458825,
        0.5803555263946317,
        0.5850507225416023,
        0.580645856722343,
        0.5766173662437333,
        0.5432833432407037,
        0.5667417194586902,
        0.5295155761028815,
        0.5688921324318683,
        0.5509258696243813,
        0.5301324021486888,
        0.5435929796180037,
        0.5389923940158341,
        0.5323617540695386
    ],
    "valid_acc": 0.29452054794520544,
    "best_acc": 0.8515981735159817,
    "time_elapsed(min)": 13.0,
    "time_elapsed(s)": 3.6394355297088623,
    "model_name": "ResNeXt101_64x4d",
    "model_name_sub": "resnext101_64x4d"
}