{
    "cross_number": 4,
    "num_epochs": 20,
    "lr": 0.0025,
    "batch_size": 10,
    "train_loss": [
        4.78194191847762,
        2.4729485179735646,
        1.1851354485641332,
        0.5852613734702269,
        0.2867028269253365,
        0.15170997468388925,
        0.10882458465437503,
        0.06578403066409981,
        0.0551258390939467,
        0.05536661916157256,
        0.05069162131427494,
        0.04849274150738025,
        0.04534441043227298,
        0.04316825631763531,
        0.04272676415350203,
        0.044227507900973975,
        0.04481336962725099,
        0.04104039638056568,
        0.039329327881064045,
        0.043069271721609244
    ],
    "train_acc": 0.07077625570776255,
    "valid_loss": [
        2.782247900418495,
        1.3789717734676519,
        0.9705677785013365,
        0.8184146047250865,
        0.7002325913269226,
        0.6504517567076095,
        0.6448226298575532,
        0.6040146284987598,
        0.5955534905714055,
        0.6208853056679849,
        0.5875318367289354,
        0.605958352724439,
        0.5947458516534196,
        0.5591124240053843,
        0.5779282389013054,
        0.5669586374998501,
        0.5723732905164701,
        0.5665757098494599,
        0.5865353196689255,
        0.5771869031125552
    ],
    "valid_acc": 0.32191780821917804,
    "best_acc": 0.8607305936073059,
    "time_elapsed(min)": 11.0,
    "time_elapsed(s)": 40.81639218330383,
    "model_name": "ResNeXt101_64x4d",
    "model_name_sub": "resnext101_64x4d"
}