{
    "cross_number": 5,
    "num_epochs": 20,
    "lr": 0.001,
    "batch_size": 6,
    "train_loss": [
        5.116133540273733,
        3.5643079170688385,
        2.3121098003180722,
        1.4722594591596094,
        0.9011532727881832,
        0.589024047255176,
        0.3611738449647912,
        0.2464904051063677,
        0.20951317749700749,
        0.20733571494570882,
        0.1880855665537404,
        0.1770383219717573,
        0.1781892409570477,
        0.17404663638002996,
        0.15801298935805738,
        0.1591673970213973,
        0.16565583514966628,
        0.156084829120043,
        0.1601666058267584,
        0.1535914597838386
    ],
    "train_acc": 0.03593839132915003,
    "valid_loss": [
        3.5757437797441876,
        2.0284763966521173,
        1.3038540433530939,
        0.9648168785114811,
        0.7647704071786305,
        0.7006629922312416,
        0.6300790481116265,
        0.5673024073141079,
        0.5569267911606863,
        0.5384605462369445,
        0.5804225964446182,
        0.559650949521424,
        0.5708734853614172,
        0.5489814523097178,
        0.5486093133126628,
        0.5361133310433528,
        0.5470482888695312,
        0.5657144940317902,
        0.5390036951444329,
        0.5472155957265872
    ],
    "valid_acc": 0.2465753424657534,
    "best_acc": 0.8561643835616438,
    "time_elapsed(min)": 14.0,
    "time_elapsed(s)": 21.7826189994812,
    "model_name": "ResNeXt101_64x4d",
    "model_name_sub": "resnext101_64x4d"
}