{
    "cross_number": 5,
    "num_epochs": 20,
    "lr": 0.001,
    "batch_size": 9,
    "train_loss": [
        5.202572706965671,
        3.8185294415701883,
        2.5712569670478618,
        1.6812193086333636,
        1.094026982240247,
        0.7359427558444122,
        0.45842226101239614,
        0.3090850854355202,
        0.2950184033154013,
        0.2739948052179793,
        0.25681908869413533,
        0.24995368232879378,
        0.25267522421246313,
        0.24096660804337117,
        0.22928223226387298,
        0.229301249022934,
        0.22385367659742467,
        0.22026207096581452,
        0.22983523824183655,
        0.22705868892137895
    ],
    "train_acc": 0.03308613804905875,
    "valid_loss": [
        4.1231362003169645,
        2.5655641008729804,
        1.6513066095848605,
        1.140830502934652,
        0.8835061366019183,
        0.7594451998194603,
        0.6877039982235595,
        0.6422146186232567,
        0.6155333863954021,
        0.614958121249937,
        0.6099862597678622,
        0.6088316170115994,
        0.6085326345509863,
        0.604130006663195,
        0.5968699809418966,
        0.5986538252806011,
        0.6148183274350755,
        0.6022653373545164,
        0.599351932281909,
        0.5857513794445828
    ],
    "valid_acc": 0.25799086757990863,
    "best_acc": 0.8515981735159817,
    "time_elapsed(min)": 11.0,
    "time_elapsed(s)": 56.44462275505066,
    "model_name": "ResNeXt101_64x4d",
    "model_name_sub": "resnext101_64x4d"
}