{
    "cross_number": 3,
    "num_epochs": 20,
    "lr": 0.0025,
    "batch_size": 12,
    "train_loss": [
        4.8208757263340365,
        2.5252511623787552,
        1.2221791372723776,
        0.5739925921167413,
        0.28150124521288156,
        0.16215819074478868,
        0.09810850417164907,
        0.07355995685474513,
        0.06176383044468622,
        0.0553203330388012,
        0.05342702362176082,
        0.05261491757039338,
        0.04992640413956283,
        0.04791017938150118,
        0.04628006609998746,
        0.044537352602163405,
        0.05066464135857069,
        0.04659910839408228,
        0.04645944085635551,
        0.04675307665785698
    ],
    "train_acc": 0.07819634703196346,
    "valid_loss": [
        2.922124356439669,
        1.5108120033185777,
        1.0364923240387276,
        0.8110920011180721,
        0.6972794802221534,
        0.6226906000751339,
        0.5704155919486529,
        0.5582292300381072,
        0.5385537788476029,
        0.5326967870127665,
        0.5414708857743503,
        0.5259899999691199,
        0.533891439539929,
        0.5377600915755515,
        0.5434227745903477,
        0.5339988216451587,
        0.5298713254295799,
        0.5224779480940676,
        0.5382652924179214,
        0.5362640121211745
    ],
    "valid_acc": 0.3356164383561644,
    "best_acc": 0.8584474885844748,
    "time_elapsed(min)": 11.0,
    "time_elapsed(s)": 32.37101340293884,
    "model_name": "ResNeXt101_64x4d",
    "model_name_sub": "resnext101_64x4d"
}