{
    "cross_number": 3,
    "num_epochs": 20,
    "lr": 0.0025,
    "batch_size": 9,
    "train_loss": [
        4.748143458203094,
        2.3682223242031384,
        1.1653204107121244,
        0.5258401083530322,
        0.28590283840129227,
        0.14790873523571924,
        0.11037208446403583,
        0.06140305999704726,
        0.0548880884666251,
        0.049210590637314505,
        0.04266633425061017,
        0.04236706590267179,
        0.04210378192939272,
        0.0411375549379481,
        0.039693051936385566,
        0.03705644202801361,
        0.0361666294047609,
        0.03733287366228306,
        0.03690056026951499,
        0.04060932269402818
    ],
    "train_acc": 0.07591324200913241,
    "valid_loss": [
        2.659449044563999,
        1.4246938355164984,
        0.8733445730519621,
        0.7095409733791874,
        0.6391122105391058,
        0.5717259616820678,
        0.5252302747685462,
        0.501134154501639,
        0.4655580036086987,
        0.48291404160020285,
        0.47805993114789463,
        0.4558801713004096,
        0.44752324686372935,
        0.4569835610024325,
        0.456156504410638,
        0.4505273907968443,
        0.44876239455802597,
        0.4542794472199852,
        0.4623074050712055,
        0.46540919775526
    ],
    "valid_acc": 0.3356164383561644,
    "best_acc": 0.8721461187214612,
    "time_elapsed(min)": 11.0,
    "time_elapsed(s)": 56.92320895195007,
    "model_name": "ResNeXt101_64x4d",
    "model_name_sub": "resnext101_64x4d"
}