{
    "cross_number": 2,
    "num_epochs": 20,
    "lr": 0.001,
    "batch_size": 6,
    "train_loss": [
        5.113165982782024,
        3.5410812644109333,
        2.3189157635381776,
        1.4861975589843646,
        0.8909452006424943,
        0.5543312799338609,
        0.3766956311995036,
        0.24530882714954141,
        0.2061767133131419,
        0.19529661159860354,
        0.1947046962043602,
        0.17751517077933435,
        0.18282350018773585,
        0.168592860871186,
        0.15575301326964408,
        0.1573719808908358,
        0.15723217369299636,
        0.1583859673509859,
        0.15560806925370269,
        0.16418937171413883
    ],
    "train_acc": 0.033105022831050226,
    "valid_loss": [
        3.636240397414116,
        2.14028584630522,
        1.3694529937554711,
        1.0600543931534845,
        0.837040184524982,
        0.7252776176120116,
        0.7271437738473489,
        0.6676931146481265,
        0.6483550732572602,
        0.6511638922782691,
        0.6444096595355092,
        0.6366196494702607,
        0.6461417759602813,
        0.6031672384794036,
        0.6288624448599677,
        0.6349384897605401,
        0.6194180603560111,
        0.6281937412624183,
        0.610698559819019,
        0.6145363422365834
    ],
    "valid_acc": 0.228310502283105,
    "best_acc": 0.819634703196347,
    "time_elapsed(min)": 14.0,
    "time_elapsed(s)": 38.84708571434021,
    "model_name": "ResNeXt101_64x4d",
    "model_name_sub": "resnext101_64x4d"
}