{
    "cross_number": 5,
    "num_epochs": 20,
    "lr": 0.001,
    "batch_size": 5,
    "train_loss": [
        5.111071980754375,
        3.52432793042215,
        2.318241947457509,
        1.4892326126218318,
        0.9162303016686263,
        0.554366551964404,
        0.37821901458301205,
        0.2297080490680776,
        0.203179598141502,
        0.17952905888565596,
        0.1785495755455525,
        0.1565575789016312,
        0.16362859983649583,
        0.14246519566372812,
        0.147006216808023,
        0.13950751208861215,
        0.14703637590824165,
        0.14094404854768694,
        0.14048324389350259,
        0.1666156959364534
    ],
    "train_acc": 0.03764974329720479,
    "valid_loss": [
        3.486175246434669,
        1.9498039460889824,
        1.2898714042281452,
        0.940542477723126,
        0.7599150989561865,
        0.7365663008823923,
        0.6606300822650529,
        0.5837702068848936,
        0.5895552457306007,
        0.5599948593997928,
        0.5899587741045103,
        0.5714798812365338,
        0.5722948919176911,
        0.574838833504922,
        0.5697610303459234,
        0.5820266388906336,
        0.5680735194290133,
        0.5602909686404267,
        0.5723768597421955,
        0.5643968930383975
    ],
    "valid_acc": 0.2374429223744292,
    "best_acc": 0.8333333333333333,
    "time_elapsed(min)": 14.0,
    "time_elapsed(s)": 59.09418487548828,
    "model_name": "ResNeXt101_64x4d",
    "model_name_sub": "resnext101_64x4d"
}