{
    "cross_number": 4,
    "num_epochs": 20,
    "lr": 0.0025,
    "batch_size": 12,
    "train_loss": [
        4.801539711756249,
        2.4832663029840547,
        1.2029942878305095,
        0.581332014950171,
        0.2973340956927979,
        0.1581070265694432,
        0.09355541911894737,
        0.06142680720770604,
        0.05598716964715556,
        0.053633761311536784,
        0.05464778622382716,
        0.05047664333339015,
        0.04914813560165771,
        0.04635002124697378,
        0.04404177154376082,
        0.052797312452776794,
        0.04695641204765807,
        0.04698185048589151,
        0.044163479227317524,
        0.047053146635322535
    ],
    "train_acc": 0.08276255707762556,
    "valid_loss": [
        2.8551464570711738,
        1.4907143614063525,
        0.8956132935334559,
        0.7238194873071697,
        0.6171789255044232,
        0.6264608124755833,
        0.566260181061209,
        0.5529607799771714,
        0.5551958320892021,
        0.5587393365902443,
        0.5474528498845558,
        0.5497779940089135,
        0.5532636278092045,
        0.5548128634691238,
        0.5565713647344749,
        0.5598551990234688,
        0.5471446403901871,
        0.5437831433668529,
        0.5392419529491908,
        0.5513367422231256
    ],
    "valid_acc": 0.3378995433789954,
    "best_acc": 0.8447488584474885,
    "time_elapsed(min)": 11.0,
    "time_elapsed(s)": 30.95153784751892,
    "model_name": "ResNeXt101_64x4d",
    "model_name_sub": "resnext101_64x4d"
}