{
    "cross_number": 5,
    "num_epochs": 20,
    "lr": 0.0025,
    "batch_size": 7,
    "train_loss": [
        4.6838329904635705,
        2.426624229854675,
        1.1881577171602047,
        0.6051470409851379,
        0.31439904200473107,
        0.1702248543581654,
        0.10682242661204532,
        0.060258460270705236,
        0.049153969376637505,
        0.04685430478515009,
        0.04905850612476077,
        0.05598387771583052,
        0.03996277079506816,
        0.03872711164983073,
        0.03479735203261588,
        0.041791581390962146,
        0.04019540012800823,
        0.04178009456405028,
        0.03511555419030934,
        0.03780705890317033
    ],
    "train_acc": 0.0849971477467199,
    "valid_loss": [
        2.646128555411073,
        1.3554104313118274,
        0.9643021413724716,
        0.8534655602113025,
        0.789066315682809,
        0.6997402915114443,
        0.6444351803750591,
        0.5900756948878436,
        0.5769233765682847,
        0.5675659239266629,
        0.582664904700269,
        0.5705796290320859,
        0.5417476043452777,
        0.5503226154782601,
        0.5293428442360127,
        0.5390643055070209,
        0.5382751751240326,
        0.541362517113589,
        0.5471398377513033,
        0.5373295081277553
    ],
    "valid_acc": 0.3538812785388128,
    "best_acc": 0.867579908675799,
    "time_elapsed(min)": 13.0,
    "time_elapsed(s)": 2.4718642234802246,
    "model_name": "ResNeXt101_64x4d",
    "model_name_sub": "resnext101_64x4d"
}