{
    "cross_number": 5,
    "num_epochs": 20,
    "lr": 0.0025,
    "batch_size": 8,
    "train_loss": [
        4.708390772852704,
        2.4445966950703264,
        1.1713780789666357,
        0.5808857416195388,
        0.2965033317523484,
        0.18508726893937458,
        0.11304128566981042,
        0.0738175688125512,
        0.05658655079412107,
        0.05393169696628197,
        0.0484546153666425,
        0.04559551026402238,
        0.04629604658669767,
        0.039522564583720984,
        0.04020827386424124,
        0.03969157833544377,
        0.03790029608822522,
        0.03905481465598616,
        0.04164683342796017,
        0.039224796685673344
    ],
    "train_acc": 0.08214489446662863,
    "valid_loss": [
        2.6199830013867382,
        1.3660852345701766,
        1.1766614162758604,
        0.821296590376118,
        0.8082808593636779,
        0.7240116907173095,
        0.7014761185231002,
        0.624674681808,
        0.6248567247482604,
        0.6050921080285283,
        0.5902431589555522,
        0.5920720414415886,
        0.589631802653341,
        0.6002012784146282,
        0.5927640457539798,
        0.5869748997012978,
        0.6001420768539178,
        0.6015726070017575,
        0.5951223696526735,
        0.5967907188332653
    ],
    "valid_acc": 0.34931506849315064,
    "best_acc": 0.8584474885844748,
    "time_elapsed(min)": 12.0,
    "time_elapsed(s)": 24.401865005493164,
    "model_name": "ResNeXt101_64x4d",
    "model_name_sub": "resnext101_64x4d"
}