{
    "cross_number": 2,
    "num_epochs": 20,
    "lr": 0.001,
    "batch_size": 11,
    "train_loss": [
        5.223413303290328,
        3.8886829909940834,
        2.7043895552691803,
        1.8282883523125626,
        1.232530694812128,
        0.8368015091815223,
        0.5566142855645859,
        0.38947006147439894,
        0.362821206288863,
        0.34556182307195443,
        0.3320250773300591,
        0.3099706086700093,
        0.30777589645083636,
        0.2901105768043021,
        0.2802946587097427,
        0.28132416554577816,
        0.28659336600605756,
        0.2747279207762246,
        0.2864341702159137,
        0.27740253963120726
    ],
    "train_acc": 0.032534246575342464,
    "valid_loss": [
        4.288935215505835,
        2.7349155678596673,
        1.8282804992645298,
        1.3477585235414984,
        1.0829712551886632,
        0.8937641799994255,
        0.8093104697593815,
        0.7743078574674315,
        0.7494486409099135,
        0.7462199082657627,
        0.7393046192926903,
        0.7083414790292853,
        0.7277323011921285,
        0.7151649662688987,
        0.7232842366104801,
        0.7255326690466981,
        0.7202713620172788,
        0.7176081013938064,
        0.7122512602983,
        0.721635318578106
    ],
    "valid_acc": 0.2534246575342466,
    "best_acc": 0.817351598173516,
    "time_elapsed(min)": 11.0,
    "time_elapsed(s)": 43.24989628791809,
    "model_name": "ResNeXt101_64x4d",
    "model_name_sub": "resnext101_64x4d"
}