{
    "cross_number": 2,
    "num_epochs": 20,
    "lr": 0.0025,
    "batch_size": 10,
    "train_loss": [
        4.747416349578666,
        2.407118460223011,
        1.180674573738281,
        0.555266777929514,
        0.30043716674253823,
        0.1718214481609733,
        0.10863797157603107,
        0.06576025924224356,
        0.05768063618614419,
        0.053419484189162925,
        0.05331125231587315,
        0.04832041228177306,
        0.04677016612303924,
        0.0445357715215568,
        0.04001652977756782,
        0.04634880174916731,
        0.04386244521829295,
        0.0404793347240549,
        0.04098036068334291,
        0.044188710882171106
    ],
    "train_acc": 0.08447488584474885,
    "valid_loss": [
        2.766494633400277,
        1.4185389432732918,
        1.095271067668314,
        0.8576300095885856,
        0.76113677756291,
        0.7097964572579893,
        0.7112968967181362,
        0.7021241692664553,
        0.6609462292686309,
        0.6692298662989107,
        0.6762293337644439,
        0.6690536523110246,
        0.6551998121213151,
        0.6561968928887658,
        0.6661927928578227,
        0.6448909406418397,
        0.6545195469726303,
        0.6634544856574165,
        0.6437868185205274,
        0.6408276732959975
    ],
    "valid_acc": 0.3356164383561644,
    "best_acc": 0.8356164383561644,
    "time_elapsed(min)": 11.0,
    "time_elapsed(s)": 59.53625679016113,
    "model_name": "ResNeXt101_64x4d",
    "model_name_sub": "resnext101_64x4d"
}