{
    "cross_number": 4,
    "num_epochs": 20,
    "lr": 0.001,
    "batch_size": 9,
    "train_loss": [
        5.189908437532921,
        3.774609722094993,
        2.5513836292371357,
        1.7256072600410408,
        1.087085016275922,
        0.7119573975262576,
        0.48263401129882627,
        0.32038565283666737,
        0.29096393657159314,
        0.2737007562122116,
        0.2752670029892701,
        0.2607028235438956,
        0.2533895401411677,
        0.2424031142910866,
        0.22144890332926218,
        0.222453744979958,
        0.22946308823685124,
        0.231558414048528,
        0.23048906543687597,
        0.2229441680932698
    ],
    "train_acc": 0.034817351598173514,
    "valid_loss": [
        3.991185105010255,
        2.4772167728371817,
        1.578384090368062,
        1.0955109314559257,
        0.8203577227788429,
        0.7128389683896548,
        0.6274837912762001,
        0.5930527486927706,
        0.5753871554330195,
        0.5822715381645176,
        0.5682947410091962,
        0.5580001332580227,
        0.5667058049815975,
        0.5579856617809975,
        0.5623959996418594,
        0.5541936799577655,
        0.5732057179286055,
        0.5702623732081832,
        0.5465130859041867,
        0.5662870487734063
    ],
    "valid_acc": 0.2625570776255708,
    "best_acc": 0.8538812785388128,
    "time_elapsed(min)": 11.0,
    "time_elapsed(s)": 56.3603618144989,
    "model_name": "ResNeXt101_64x4d",
    "model_name_sub": "resnext101_64x4d"
}