{
    "cross_number": 2,
    "num_epochs": 20,
    "lr": 0.001,
    "batch_size": 5,
    "train_loss": [
        5.118969444406631,
        3.5538205664996143,
        2.3418176797426997,
        1.4938313902853286,
        0.9458431442731727,
        0.5972301050272162,
        0.3597306860015477,
        0.2596656066986422,
        0.2086921873944705,
        0.19247713313144568,
        0.17375285485674324,
        0.17661023685564053,
        0.16167733313294647,
        0.15827641862159655,
        0.15815724804997444,
        0.14972305906400696,
        0.14994345818004107,
        0.1540800178631902,
        0.1442999317093867,
        0.16277991673488118
    ],
    "train_acc": 0.030251141552511414,
    "valid_loss": [
        3.5711936752001443,
        2.059056494333973,
        1.3510645561634678,
        1.07230379922341,
        0.8951019556282862,
        0.8496237313523719,
        0.7188890577170607,
        0.6699550182560723,
        0.6635335521202653,
        0.6499276918254911,
        0.648023045370908,
        0.6690161114486283,
        0.660705160021093,
        0.6560905497828413,
        0.6847561414663991,
        0.6652919601045175,
        0.6406286194831234,
        0.6517585101622458,
        0.6576757368176631,
        0.6652592630189371
    ],
    "valid_acc": 0.1689497716894977,
    "best_acc": 0.8264840182648401,
    "time_elapsed(min)": 15.0,
    "time_elapsed(s)": 7.182401418685913,
    "model_name": "ResNeXt101_64x4d",
    "model_name_sub": "resnext101_64x4d"
}