{
    "cross_number": 5,
    "num_epochs": 20,
    "lr": 0.0025,
    "batch_size": 10,
    "train_loss": [
        4.760266261718236,
        2.3781753651292,
        1.1240850617323885,
        0.5242330897248818,
        0.2721418926648528,
        0.15550931887802097,
        0.12193451170462645,
        0.06806610837468269,
        0.0570624760637369,
        0.05429003194943538,
        0.049842956810084604,
        0.05130548596050626,
        0.04724705042673463,
        0.042189707891368486,
        0.046870306101284974,
        0.042493037409821174,
        0.04059772651708439,
        0.04469628785075423,
        0.041309172059135715,
        0.04752126169915343
    ],
    "train_acc": 0.07586993725042783,
    "valid_loss": [
        2.6661105341018607,
        1.3895917989347624,
        0.9030523760814101,
        0.7761351672345644,
        0.6506476415210662,
        0.611587880476969,
        0.6211327036085739,
        0.5590407328348453,
        0.5315572108358961,
        0.5316328898361421,
        0.5229795093745946,
        0.5103864135246162,
        0.520440061415065,
        0.5265004944617617,
        0.5383987754761969,
        0.523232254858839,
        0.5131276854437236,
        0.5120078851405072,
        0.5214984599994198,
        0.49554648919702937
    ],
    "valid_acc": 0.3835616438356164,
    "best_acc": 0.8538812785388128,
    "time_elapsed(min)": 11.0,
    "time_elapsed(s)": 41.088138580322266,
    "model_name": "ResNeXt101_64x4d",
    "model_name_sub": "resnext101_64x4d"
}