{
    "cross_number": 2,
    "num_epochs": 20,
    "lr": 0.001,
    "batch_size": 9,
    "train_loss": [
        5.164041506101007,
        3.7427372891608983,
        2.532141553008393,
        1.682042640161841,
        1.0855394611007547,
        0.7236225610624437,
        0.47033236913178883,
        0.30851487636770286,
        0.2875557313736987,
        0.27220501288873694,
        0.25490076125484623,
        0.25094198505713106,
        0.24243162142444555,
        0.2310031702461308,
        0.22438954736731231,
        0.21872447647970833,
        0.21960887441743318,
        0.2253279280785012,
        0.22670459845549848,
        0.2184339779977725
    ],
    "train_acc": 0.04223744292237443,
    "valid_loss": [
        4.007462472131808,
        2.505067038209471,
        1.6245973571522596,
        1.1929425589025837,
        0.9482831631417143,
        0.8491894474176511,
        0.7753083579854606,
        0.7321639681515628,
        0.7203848218570833,
        0.7174410212223661,
        0.7034385765149985,
        0.7090268616296657,
        0.7012058677126284,
        0.7031834806277327,
        0.7035379428161334,
        0.7096364260587382,
        0.693958030362958,
        0.7063398180554991,
        0.6984659454798046,
        0.7182434899349736
    ],
    "valid_acc": 0.2374429223744292,
    "best_acc": 0.8082191780821917,
    "time_elapsed(min)": 12.0,
    "time_elapsed(s)": 15.6210458278656,
    "model_name": "ResNeXt101_64x4d",
    "model_name_sub": "resnext101_64x4d"
}