{
    "cross_number": 4,
    "num_epochs": 20,
    "lr": 0.001,
    "batch_size": 5,
    "train_loss": [
        5.115791561396699,
        3.5472351088099283,
        2.36110736974026,
        1.510058399238815,
        0.9476412891508101,
        0.5882434858834227,
        0.38144807036983097,
        0.2561010565145205,
        0.20702281837525977,
        0.19480416063457456,
        0.1879727241676726,
        0.18039263465088795,
        0.16462632464074858,
        0.15621193476897327,
        0.1523063870372259,
        0.1497157991557599,
        0.15875338330720318,
        0.14882170360696984,
        0.1689289924901268,
        0.1534869265147234
    ],
    "train_acc": 0.030821917808219176,
    "valid_loss": [
        3.359517998074832,
        1.9442486765041744,
        1.284568256166972,
        0.9067270577328118,
        0.7309871998500742,
        0.6285034055326167,
        0.5962399509023093,
        0.526954697666171,
        0.5052677231944979,
        0.5128604479859153,
        0.501644601403272,
        0.5011934314176151,
        0.5049778574420624,
        0.495155434458002,
        0.4841311830840154,
        0.48200053453964253,
        0.4833845101694521,
        0.5080201987551364,
        0.4977391433798959,
        0.492365825197821
    ],
    "valid_acc": 0.273972602739726,
    "best_acc": 0.8515981735159817,
    "time_elapsed(min)": 15.0,
    "time_elapsed(s)": 0.27204442024230957,
    "model_name": "ResNeXt101_64x4d",
    "model_name_sub": "resnext101_64x4d"
}