{
    "cross_number": 5,
    "num_epochs": 20,
    "lr": 0.001,
    "batch_size": 11,
    "train_loss": [
        5.209628460139325,
        3.923213286190392,
        2.720363775050375,
        1.8738740273223764,
        1.2380758611664933,
        0.8431574870570346,
        0.5516583204473419,
        0.38036629997929094,
        0.3784723298436087,
        0.3384175468735605,
        0.33746470450606947,
        0.3146436596878991,
        0.3083140890613938,
        0.2848250168480332,
        0.2873715969558042,
        0.29023311286739667,
        0.28000805041175264,
        0.2820093329555976,
        0.2803468215961968,
        0.291136471453695
    ],
    "train_acc": 0.037079292641186534,
    "valid_loss": [
        4.288219228727088,
        2.7031398135233142,
        1.8119166625416987,
        1.2989960761919415,
        1.0009986648684768,
        0.8329811017943299,
        0.726125348716566,
        0.7078755822151763,
        0.681675274146202,
        0.6742466068975458,
        0.6792170417975617,
        0.6644090149024305,
        0.6620500370451848,
        0.6605108425565506,
        0.6666212278550074,
        0.6463325119590106,
        0.6601997819223088,
        0.6721089658535779,
        0.6504624019202576,
        0.6580946521331731
    ],
    "valid_acc": 0.2191780821917808,
    "best_acc": 0.8378995433789954,
    "time_elapsed(min)": 11.0,
    "time_elapsed(s)": 24.522358655929565,
    "model_name": "ResNeXt101_64x4d",
    "model_name_sub": "resnext101_64x4d"
}