{
    "cross_number": 2,
    "num_epochs": 20,
    "lr": 0.0025,
    "batch_size": 8,
    "train_loss": [
        4.669323993055788,
        2.2904029562048716,
        1.0983834635449328,
        0.5695537183790991,
        0.28042930514300796,
        0.15215843087530026,
        0.10578786135230163,
        0.07073443515660012,
        0.05256218382808035,
        0.05098347503215619,
        0.04432184668895725,
        0.04228063941971488,
        0.04720967110314462,
        0.04021698768892789,
        0.03847856672914469,
        0.04134503976105963,
        0.037041638999088716,
        0.03901148205155243,
        0.04060676701996288,
        0.036443044231634705
    ],
    "train_acc": 0.07876712328767123,
    "valid_loss": [
        2.627276121753536,
        1.5092244512958615,
        1.0738208500761963,
        0.8769145268079352,
        0.8017178418021224,
        0.7314526088297639,
        0.7137742353450149,
        0.660249090970379,
        0.6632431834663974,
        0.6342418562603868,
        0.6432910469449955,
        0.6439806690363035,
        0.6438667707179235,
        0.6269188503900619,
        0.630247627104288,
        0.646144970366944,
        0.6576780180986885,
        0.6499468443498492,
        0.6232464400175364,
        0.6374321742553145
    ],
    "valid_acc": 0.3333333333333333,
    "best_acc": 0.8493150684931506,
    "time_elapsed(min)": 12.0,
    "time_elapsed(s)": 47.08710718154907,
    "model_name": "ResNeXt101_64x4d",
    "model_name_sub": "resnext101_64x4d"
}