{
    "cross_number": 3,
    "num_epochs": 20,
    "lr": 0.0025,
    "batch_size": 10,
    "train_loss": [
        4.784486611684163,
        2.389305981054698,
        1.1606419493006244,
        0.5464498141278687,
        0.2986155944753047,
        0.1454460522389575,
        0.11672911443853895,
        0.07410180456851308,
        0.06381910439308512,
        0.057282919485172994,
        0.05431043473178666,
        0.048505223852680086,
        0.04990499787411087,
        0.045613727321822756,
        0.04473986620185514,
        0.04681733319085074,
        0.04572350255290225,
        0.04318933079942006,
        0.04375515883197353,
        0.044506452686353226
    ],
    "train_acc": 0.0730593607305936,
    "valid_loss": [
        2.6277090849941724,
        1.3753862360568896,
        0.9511088791503209,
        0.7655336478529455,
        0.5838465947470709,
        0.5468873734751792,
        0.5525833997348127,
        0.5000628739059584,
        0.5107166829718847,
        0.5088026676344001,
        0.4868425802246893,
        0.4940562824544297,
        0.4854450898083378,
        0.49342358889713134,
        0.49672550546030886,
        0.49512181890550067,
        0.47623490036962784,
        0.49982129714396445,
        0.48869470170099444,
        0.5049529315129807
    ],
    "valid_acc": 0.36757990867579904,
    "best_acc": 0.8538812785388128,
    "time_elapsed(min)": 11.0,
    "time_elapsed(s)": 40.510655641555786,
    "model_name": "ResNeXt101_64x4d",
    "model_name_sub": "resnext101_64x4d"
}