{
    "cross_number": 4,
    "num_epochs": 20,
    "lr": 0.001,
    "batch_size": 6,
    "train_loss": [
        5.152754531331258,
        3.613389494484418,
        2.3914799457543516,
        1.5088685716259969,
        0.9659483453182325,
        0.570526273844585,
        0.3706277588714067,
        0.25477418367278903,
        0.21854193307051104,
        0.2068457654230807,
        0.18877171975088447,
        0.18277270164442797,
        0.17603519479807925,
        0.17069942513098046,
        0.1675408529245282,
        0.16782293223763164,
        0.15743250094915498,
        0.15777087325153694,
        0.15684474301715828,
        0.16200524202407632
    ],
    "train_acc": 0.03767123287671233,
    "valid_loss": [
        3.6614384585863924,
        2.056249490339462,
        1.2810265229989404,
        0.8575830330995664,
        0.6593290527593599,
        0.6196018928942615,
        0.5628796974834922,
        0.5066361771768904,
        0.5060506395944585,
        0.5002605361442962,
        0.5108161249695575,
        0.5077157728884318,
        0.484410319451804,
        0.49856029917830474,
        0.49273348171008774,
        0.49544188375138254,
        0.5032925562716204,
        0.49843831776245817,
        0.49178761447307795,
        0.4952793172879578
    ],
    "valid_acc": 0.2602739726027397,
    "best_acc": 0.8630136986301369,
    "time_elapsed(min)": 14.0,
    "time_elapsed(s)": 21.022101402282715,
    "model_name": "ResNeXt101_64x4d",
    "model_name_sub": "resnext101_64x4d"
}