{
    "cross_number": 2,
    "num_epochs": 20,
    "lr": 0.0025,
    "batch_size": 11,
    "train_loss": [
        4.771622847884758,
        2.4002949351861598,
        1.1056043187232867,
        0.5273028552600237,
        0.29725019899983657,
        0.17383864436502736,
        0.10576170372997823,
        0.07044679830892683,
        0.059195915464584005,
        0.057545794821535684,
        0.0566831817244473,
        0.053168250576350586,
        0.053342306318790673,
        0.04666242254557743,
        0.046093332438759474,
        0.04509666079621269,
        0.0441063010425107,
        0.04150844251547757,
        0.04290697669140467,
        0.04325839702611934
    ],
    "train_acc": 0.0839041095890411,
    "valid_loss": [
        2.7575820793299917,
        1.4747713031289784,
        1.079774452058692,
        0.8264793164892011,
        0.7471730142967886,
        0.7069804626410683,
        0.7200997714888832,
        0.6697317500637002,
        0.6784112760924721,
        0.6536911764781769,
        0.6504509525382083,
        0.654541803392067,
        0.6482337958787538,
        0.6640474529911394,
        0.6600084294305613,
        0.658001251467695,
        0.6536790757997123,
        0.6475381957001338,
        0.6383497353056318,
        0.6263950915675457
    ],
    "valid_acc": 0.3538812785388128,
    "best_acc": 0.8378995433789954,
    "time_elapsed(min)": 11.0,
    "time_elapsed(s)": 44.80175757408142,
    "model_name": "ResNeXt101_64x4d",
    "model_name_sub": "resnext101_64x4d"
}