{
    "cross_number": 3,
    "num_epochs": 20,
    "lr": 0.001,
    "batch_size": 11,
    "train_loss": [
        5.219501274361458,
        3.905407500049295,
        2.7384581386906914,
        1.879710693167497,
        1.2896265235121391,
        0.8477613891402608,
        0.5884310066802044,
        0.4020017830731526,
        0.3759179903645085,
        0.3537088229265659,
        0.34583747695672185,
        0.32849142598370984,
        0.31085242328476415,
        0.30108729530483075,
        0.30225227952649875,
        0.305546020093846,
        0.29276685674832154,
        0.2905425132851895,
        0.28342879126401255,
        0.288294742666355
    ],
    "train_acc": 0.037100456621004564,
    "valid_loss": [
        4.24891030951722,
        2.7253780362268563,
        1.8480971297716986,
        1.2614041408991705,
        1.0042561289246223,
        0.8209408633240826,
        0.722862597810079,
        0.6956844908529765,
        0.6873404490314934,
        0.6926969154376418,
        0.6684797788251481,
        0.6516217894545974,
        0.6512648755148666,
        0.6560544901140476,
        0.6507522082424055,
        0.6443939797376117,
        0.6761407884832931,
        0.6416452130702532,
        0.6215136282860416,
        0.6208882286940536
    ],
    "valid_acc": 0.271689497716895,
    "best_acc": 0.8264840182648401,
    "time_elapsed(min)": 11.0,
    "time_elapsed(s)": 34.25145721435547,
    "model_name": "ResNeXt101_64x4d",
    "model_name_sub": "resnext101_64x4d"
}