{
    "cross_number": 2,
    "num_epochs": 20,
    "lr": 0.0025,
    "batch_size": 13,
    "train_loss": [
        4.856829208326122,
        2.5524513300287124,
        1.2564602113545758,
        0.5995171168589428,
        0.30161690377294337,
        0.16919428789690477,
        0.10866399186335879,
        0.0687464743546427,
        0.06387335126879348,
        0.060480072274676534,
        0.055330647324683936,
        0.05438023216737494,
        0.057697996684269275,
        0.05067401677348808,
        0.05097800220541452,
        0.0505736235478153,
        0.047348175864437056,
        0.04978852523022999,
        0.049605666024006526,
        0.05098217003766158
    ],
    "train_acc": 0.07363013698630136,
    "valid_loss": [
        2.9817809133224835,
        1.672005630927543,
        1.0235290464745264,
        0.8764938233785977,
        0.7327327141070474,
        0.6919503225328307,
        0.6679308595790711,
        0.632304545202756,
        0.6286805031574481,
        0.6271715402841296,
        0.6391979187522849,
        0.6251787653354477,
        0.6213807904897215,
        0.6242252473281399,
        0.6300352766225327,
        0.6398808596545158,
        0.6234134354683907,
        0.637902570216487,
        0.6311694122000372,
        0.627302308128849
    ],
    "valid_acc": 0.3378995433789954,
    "best_acc": 0.8378995433789954,
    "time_elapsed(min)": 11.0,
    "time_elapsed(s)": 51.39085793495178,
    "model_name": "ResNeXt101_64x4d",
    "model_name_sub": "resnext101_64x4d"
}