{
    "cross_number": 3,
    "num_epochs": 20,
    "lr": 0.0025,
    "batch_size": 11,
    "train_loss": [
        4.763739873557331,
        2.4750913904818224,
        1.1808434509455341,
        0.5628069736250595,
        0.30310758139478833,
        0.1671620192384713,
        0.10918792634649568,
        0.0713049371367465,
        0.06015422715609851,
        0.05289611592569886,
        0.04982559618297709,
        0.049798050763502244,
        0.04885460938684234,
        0.04274801732908475,
        0.046979665813635885,
        0.04392913865248702,
        0.047577730466114125,
        0.043153650599391497,
        0.04207784872444678,
        0.04252363867753666
    ],
    "train_acc": 0.08105022831050228,
    "valid_loss": [
        2.70509741622019,
        1.435514732310761,
        0.9175223091013356,
        0.7979264092125576,
        0.6872761928174458,
        0.5942632471759842,
        0.5993015276582818,
        0.5718184201276466,
        0.5702250460545494,
        0.5563336840095041,
        0.5441372863029781,
        0.5518427059292521,
        0.5435398483955084,
        0.5302761540191087,
        0.5548646341856212,
        0.5407456599822328,
        0.5225870717810169,
        0.5334570663024302,
        0.5322012238323552,
        0.5318125766408566
    ],
    "valid_acc": 0.3447488584474886,
    "best_acc": 0.8424657534246575,
    "time_elapsed(min)": 11.0,
    "time_elapsed(s)": 24.392135858535767,
    "model_name": "ResNeXt101_64x4d",
    "model_name_sub": "resnext101_64x4d"
}