{
    "cross_number": 2,
    "num_epochs": 20,
    "lr": 0.0025,
    "batch_size": 9,
    "train_loss": [
        4.675658035768222,
        2.2922973121478134,
        1.0907986787696407,
        0.5293718653998963,
        0.29826570764081933,
        0.1517291449086919,
        0.09558310050019765,
        0.06296291833182108,
        0.04865809566220141,
        0.05130958311062,
        0.04717753312792884,
        0.0447993616618165,
        0.044185686312705176,
        0.041389611074445797,
        0.04296577179147416,
        0.03770789823475715,
        0.03442973192392096,
        0.03774433970062241,
        0.03416325563201298,
        0.037329941166705155
    ],
    "train_acc": 0.08162100456621005,
    "valid_loss": [
        2.551523715665896,
        1.4025086893202507,
        0.9984906364793646,
        0.9068996436281563,
        0.7560254555858977,
        0.7322199607446586,
        0.6916948813555941,
        0.6987455888868195,
        0.6715206108119798,
        0.6646348602355343,
        0.679392800038068,
        0.6659217938678722,
        0.6695748683677553,
        0.6461393187103206,
        0.6488666594385692,
        0.6512756295986983,
        0.6544779913678561,
        0.6570603840614426,
        0.6645971795748153,
        0.6429063143074666
    ],
    "valid_acc": 0.37671232876712324,
    "best_acc": 0.8333333333333333,
    "time_elapsed(min)": 12.0,
    "time_elapsed(s)": 19.094547271728516,
    "model_name": "ResNeXt101_64x4d",
    "model_name_sub": "resnext101_64x4d"
}