{
    "cross_number": 4,
    "num_epochs": 20,
    "lr": 0.0025,
    "batch_size": 13,
    "train_loss": [
        4.859645908826018,
        2.542694679406136,
        1.2411699113032044,
        0.5802818282792285,
        0.2879307570327158,
        0.17105198180149883,
        0.1012779893544949,
        0.07520510661989858,
        0.061975028051156976,
        0.057477923489673295,
        0.05637149307685458,
        0.0584845501295882,
        0.05066301346943633,
        0.051725100482427025,
        0.049345237862097616,
        0.050124483043753186,
        0.052197798581572766,
        0.05113037196987364,
        0.049680067661120535,
        0.04896992960408943
    ],
    "train_acc": 0.0702054794520548,
    "valid_loss": [
        2.9437244199726678,
        1.5617243580894382,
        0.9768538368891363,
        0.7441718164644285,
        0.6860910419663883,
        0.6156569716933111,
        0.5803779298992462,
        0.5626679044642132,
        0.5466266346236343,
        0.5453480265898519,
        0.5418397763820544,
        0.546329734379162,
        0.5456586164681743,
        0.5419826222643188,
        0.5449543497844102,
        0.5421165284364735,
        0.5362764164363141,
        0.5464766215720133,
        0.5508524867531643,
        0.5428604199359678
    ],
    "valid_acc": 0.3515981735159817,
    "best_acc": 0.8561643835616438,
    "time_elapsed(min)": 11.0,
    "time_elapsed(s)": 29.184154748916626,
    "model_name": "ResNeXt101_64x4d",
    "model_name_sub": "resnext101_64x4d"
}