{
    "cross_number": 4,
    "num_epochs": 20,
    "lr": 0.0025,
    "batch_size": 7,
    "train_loss": [
        4.717883724191962,
        2.4709500410513248,
        1.2390743764074834,
        0.6250458568734325,
        0.34319113230026543,
        0.17871054353247734,
        0.10368984489070175,
        0.0756991556531975,
        0.04891293203898336,
        0.047338656318314444,
        0.046711383925933714,
        0.0475624036947563,
        0.04133930806863679,
        0.037902246489557416,
        0.03432668677980897,
        0.04334184158695479,
        0.03589823193259146,
        0.038888500145951195,
        0.034857181706210626,
        0.03493554737965351
    ],
    "train_acc": 0.07591324200913241,
    "valid_loss": [
        2.4696039009039805,
        1.4942862191428876,
        0.9742372083099193,
        0.7942174332148341,
        0.7162537839620897,
        0.7274888574430659,
        0.727001397901844,
        0.6531565182105549,
        0.5993619488964717,
        0.6060643450566461,
        0.6179629860331036,
        0.585933637306664,
        0.5772594146900406,
        0.5787286573367674,
        0.5960677400588581,
        0.6022147358879957,
        0.5916912870507658,
        0.6175928804996853,
        0.6186747584241064,
        0.5895813028923487
    ],
    "valid_acc": 0.363013698630137,
    "best_acc": 0.8515981735159817,
    "time_elapsed(min)": 13.0,
    "time_elapsed(s)": 2.4353878498077393,
    "model_name": "ResNeXt101_64x4d",
    "model_name_sub": "resnext101_64x4d"
}