{
    "cross_number": 3,
    "num_epochs": 20,
    "lr": 0.0025,
    "batch_size": 8,
    "train_loss": [
        4.744611548506506,
        2.4276300380219062,
        1.1529287821081675,
        0.5532898358218202,
        0.3103215206567555,
        0.16096556015720923,
        0.1054900212545101,
        0.06645167175016992,
        0.05080750197614437,
        0.04777615627095307,
        0.043508149883348377,
        0.039218937608171,
        0.041427594656337344,
        0.039004934335033915,
        0.036824907601458026,
        0.03936876362130114,
        0.03724874838012947,
        0.03701493820626306,
        0.04273501768299978,
        0.03601667603911602
    ],
    "train_acc": 0.0776255707762557,
    "valid_loss": [
        2.655700204579253,
        1.4712531993922577,
        0.952142468734419,
        0.8683970472924242,
        0.7604674832325548,
        0.6454441950881862,
        0.6640800690133822,
        0.5944776443050128,
        0.5864110531872266,
        0.5669793148767458,
        0.5794968630216982,
        0.558228194509467,
        0.5429330001665985,
        0.553738764287334,
        0.5456323260313845,
        0.5621816772270148,
        0.5541215924095345,
        0.5645042886472729,
        0.5485358601308441,
        0.5615053317726475
    ],
    "valid_acc": 0.3515981735159817,
    "best_acc": 0.8470319634703196,
    "time_elapsed(min)": 12.0,
    "time_elapsed(s)": 25.316023111343384,
    "model_name": "ResNeXt101_64x4d",
    "model_name_sub": "resnext101_64x4d"
}