{
    "cross_number": 3,
    "num_epochs": 20,
    "lr": 0.001,
    "batch_size": 6,
    "train_loss": [
        5.142164233612688,
        3.564883400316108,
        2.339796244689863,
        1.499932692067264,
        0.9128907954652016,
        0.5719324495796472,
        0.34559642168859095,
        0.2244836699778903,
        0.20722337791772738,
        0.19389555377451934,
        0.19916401379933096,
        0.1796372596378604,
        0.17619667857987423,
        0.16918714247541886,
        0.1675382878580322,
        0.1617733729901175,
        0.1566572447932542,
        0.16106125325832057,
        0.1588104596514612,
        0.15610380484786343
    ],
    "train_acc": 0.033105022831050226,
    "valid_loss": [
        3.626548894464153,
        2.1104933627664226,
        1.3361636943196598,
        0.919238344651379,
        0.755489409225036,
        0.5995969653946079,
        0.5818806170192483,
        0.5642721878288135,
        0.5728576669775663,
        0.5516845655551001,
        0.548381766278858,
        0.5377718246069877,
        0.5490624325426474,
        0.551561852929833,
        0.5154582814836542,
        0.5271585034589245,
        0.5267960637909909,
        0.5363403438424615,
        0.5372304645086294,
        0.5520396166391772
    ],
    "valid_acc": 0.23515981735159816,
    "best_acc": 0.8333333333333333,
    "time_elapsed(min)": 14.0,
    "time_elapsed(s)": 46.01593255996704,
    "model_name": "ResNeXt101_64x4d",
    "model_name_sub": "resnext101_64x4d"
}