{
    "cross_number": 5,
    "num_epochs": 20,
    "lr": 0.0025,
    "batch_size": 13,
    "train_loss": [
        4.874883932449855,
        2.559022654959357,
        1.2619418897631505,
        0.5883523804319972,
        0.29301390249475506,
        0.17358211589009165,
        0.1099894995956814,
        0.06962654231189491,
        0.06721775230451679,
        0.07132362836363039,
        0.05861481405152842,
        0.053084569371688456,
        0.059371930897167864,
        0.05286218580740456,
        0.0506257186338297,
        0.05109514561904136,
        0.05102365279407652,
        0.050309716859334074,
        0.05029744749779336,
        0.0484771736134088
    ],
    "train_acc": 0.07472903593839132,
    "valid_loss": [
        3.011084521742172,
        1.5890006436604887,
        1.0826258966911873,
        0.7767710207395901,
        0.6888971874090635,
        0.6368185191257903,
        0.5925317279075923,
        0.5745130190838418,
        0.5747890630269159,
        0.5676438090089522,
        0.5687467863859788,
        0.5616612245571123,
        0.5669996204645666,
        0.5822750107134314,
        0.5802183170722092,
        0.5739828388984889,
        0.5650097638300565,
        0.5874665268616045,
        0.5778656409347438,
        0.5710937577771814
    ],
    "valid_acc": 0.33105022831050224,
    "best_acc": 0.8584474885844748,
    "time_elapsed(min)": 11.0,
    "time_elapsed(s)": 31.34096121788025,
    "model_name": "ResNeXt101_64x4d",
    "model_name_sub": "resnext101_64x4d"
}