{
    "cross_number": 3,
    "num_epochs": 20,
    "lr": 0.0025,
    "batch_size": 13,
    "train_loss": [
        4.834055502665097,
        2.515161340435346,
        1.197693957347576,
        0.5984961314968866,
        0.3027111574599188,
        0.15338725334492653,
        0.10728190313880098,
        0.06582488905910623,
        0.05843208309211959,
        0.06167928854930618,
        0.054222438014516414,
        0.053968003071785044,
        0.05556288506882478,
        0.05056005729081696,
        0.05196230306787646,
        0.0525397232831477,
        0.04851397319769138,
        0.048613698317426936,
        0.04940579909316719,
        0.052173916095246874
    ],
    "train_acc": 0.0776255707762557,
    "valid_loss": [
        2.952337267191987,
        1.5074352777167543,
        1.0012996477079175,
        0.7961712257774998,
        0.6914362779491023,
        0.6185104764623729,
        0.597619992344891,
        0.5849352403369532,
        0.5742811418593474,
        0.5621638946133117,
        0.557866466508064,
        0.5580186031112387,
        0.5693088797639766,
        0.5496942136589795,
        0.5667429751967459,
        0.5539531867321767,
        0.5671098976306719,
        0.5616116808497742,
        0.5579582005569107,
        0.5443703103725497
    ],
    "valid_acc": 0.34931506849315064,
    "best_acc": 0.8401826484018264,
    "time_elapsed(min)": 11.0,
    "time_elapsed(s)": 29.036442756652832,
    "model_name": "ResNeXt101_64x4d",
    "model_name_sub": "resnext101_64x4d"
}