{
    "cross_number": 2,
    "num_epochs": 20,
    "lr": 0.0025,
    "batch_size": 7,
    "train_loss": [
        4.730724797945589,
        2.4068022102253623,
        1.2406353335232223,
        0.6512947014988013,
        0.3213705106757445,
        0.1937128800992348,
        0.13196851261870163,
        0.07535396847761232,
        0.05905459799695352,
        0.050979563387506324,
        0.04880117759114922,
        0.047676501616508146,
        0.041107047916141226,
        0.046589598725188405,
        0.037443887951600974,
        0.03621101375567178,
        0.03759908099041095,
        0.03585106186961041,
        0.03899781285178078,
        0.036799283060309
    ],
    "train_acc": 0.08276255707762556,
    "valid_loss": [
        2.6459261908378777,
        1.602699780709123,
        1.2270873185400277,
        0.9180798420329582,
        0.8166126751289894,
        0.8426604122859022,
        0.7511762830824272,
        0.6775103738471934,
        0.6591173990142689,
        0.6872700944725747,
        0.6826486345912122,
        0.629938915193285,
        0.6443990835703093,
        0.6639096695870229,
        0.6592194196134465,
        0.6371960099286837,
        0.6364959034299027,
        0.632198389596731,
        0.6412947555412815,
        0.6547111168160362
    ],
    "valid_acc": 0.3607305936073059,
    "best_acc": 0.8447488584474885,
    "time_elapsed(min)": 13.0,
    "time_elapsed(s)": 20.590009212493896,
    "model_name": "ResNeXt101_64x4d",
    "model_name_sub": "resnext101_64x4d"
}