{
    "cross_number": 5,
    "num_epochs": 20,
    "lr": 0.0025,
    "batch_size": 11,
    "train_loss": [
        4.768212248241296,
        2.403907282449012,
        1.1366307495392465,
        0.5428296592972718,
        0.27985962373626894,
        0.167836439776135,
        0.10483836318343384,
        0.06593090488218914,
        0.05705001092682174,
        0.051972610435007095,
        0.052410011144149865,
        0.04803940107651731,
        0.05018483690760235,
        0.04281145467327804,
        0.046292741893999456,
        0.042552213100063005,
        0.04146014310045543,
        0.04635398081597844,
        0.04549879821403089,
        0.04460572474197837
    ],
    "train_acc": 0.08841985168282943,
    "valid_loss": [
        2.7680136169472784,
        1.36785108762789,
        0.9120535531408711,
        0.7012983875595815,
        0.647195607559866,
        0.6529279910878504,
        0.5592959297132002,
        0.5268942787392771,
        0.5110936706639044,
        0.5139708533738506,
        0.5221611051458747,
        0.5216688197701489,
        0.5155133366176526,
        0.5201904658934093,
        0.504601694190594,
        0.5132422441421034,
        0.5039610648400163,
        0.5094089100996381,
        0.5038665193962316,
        0.5021372690422622
    ],
    "valid_acc": 0.3356164383561644,
    "best_acc": 0.8721461187214612,
    "time_elapsed(min)": 11.0,
    "time_elapsed(s)": 24.278127431869507,
    "model_name": "ResNeXt101_64x4d",
    "model_name_sub": "resnext101_64x4d"
}