{
    "cross_number": 4,
    "num_epochs": 20,
    "lr": 0.0025,
    "batch_size": 8,
    "train_loss": [
        4.709618658779963,
        2.4180694562659415,
        1.2175492830744616,
        0.6099590040981497,
        0.29376453169744854,
        0.17084568116354615,
        0.09767799986926116,
        0.06069897269600467,
        0.05439883835834863,
        0.04815768513862537,
        0.040818978228593525,
        0.04150114389621232,
        0.038363392898583246,
        0.03714686320439729,
        0.03913980079006795,
        0.0373218040785765,
        0.03703422426377938,
        0.039380782364642236,
        0.03817283832914617,
        0.031738664891111525
    ],
    "train_acc": 0.07819634703196346,
    "valid_loss": [
        2.6901305287940316,
        1.3910093427248742,
        1.0301416617005927,
        0.8147424032835111,
        0.6354549050535241,
        0.5961959406937638,
        0.5835283673857445,
        0.5480701195662969,
        0.5254704518941099,
        0.5314601820353504,
        0.5215882700889214,
        0.5223075955060043,
        0.5110525942692473,
        0.523481689993139,
        0.5299433608067362,
        0.5270375905720066,
        0.5197663167363977,
        0.5332703241933835,
        0.5224731324334123,
        0.5212994046066994
    ],
    "valid_acc": 0.3242009132420091,
    "best_acc": 0.8515981735159817,
    "time_elapsed(min)": 12.0,
    "time_elapsed(s)": 23.356223583221436,
    "model_name": "ResNeXt101_64x4d",
    "model_name_sub": "resnext101_64x4d"
}