{
    "cross_number": 5,
    "num_epochs": 20,
    "lr": 0.0025,
    "batch_size": 9,
    "train_loss": [
        4.696750657733889,
        2.2898324216629393,
        1.092768881331834,
        0.5245104703693069,
        0.2406202186211408,
        0.16021210685610363,
        0.0914102494238498,
        0.055739199629513556,
        0.051583662589813256,
        0.04825166739572288,
        0.04608368045021926,
        0.0438822226692363,
        0.03988733075727022,
        0.04029775351281684,
        0.03982478621773341,
        0.039230804409060356,
        0.03980767943498429,
        0.039443908693323086,
        0.043302335330118846,
        0.03755139132150907
    ],
    "train_acc": 0.09127210496292071,
    "valid_loss": [
        2.5589525764935637,
        1.4298878971436253,
        0.9246889964154322,
        0.8326078600262943,
        0.683747234869085,
        0.6628331597128959,
        0.5688438063921177,
        0.5304183983690527,
        0.5187954160636801,
        0.5309599568582561,
        0.5277016119750804,
        0.5349090760573745,
        0.5335485490536547,
        0.5286496447348227,
        0.5258094751059192,
        0.5331025244923283,
        0.5289437476902792,
        0.524937767873531,
        0.5237152862477384,
        0.5260445844279985
    ],
    "valid_acc": 0.3721461187214612,
    "best_acc": 0.8493150684931506,
    "time_elapsed(min)": 11.0,
    "time_elapsed(s)": 56.59760618209839,
    "model_name": "ResNeXt101_64x4d",
    "model_name_sub": "resnext101_64x4d"
}