{
    "cross_number": 1,
    "num_epochs": 20,
    "lr": 0.001,
    "batch_size": 10,
    "train_loss": [
        5.137076668543358,
        3.644502318613061,
        2.442973825349111,
        1.59526517939622,
        1.0380230099983412,
        0.6805366005697479,
        0.43306727067792794,
        0.2946603311965727,
        0.27125337250428655,
        0.25822374047754015,
        0.22147756139641483,
        0.22693242307020922,
        0.21284131462511408,
        0.21838557816293414,
        0.2084628592530206,
        0.20394892902985284,
        0.2050917876212428,
        0.20767783025730419,
        0.2002497855743997,
        0.20679093478885416
    ],
    "train_acc": 0.045662100456621,
    "valid_loss": [
        3.976455084265095,
        2.461937851013114,
        1.658870421043814,
        1.2336452804743971,
        0.9634602797902339,
        0.8226270584483125,
        0.7398849672650638,
        0.691406590481327,
        0.684983289473133,
        0.6712275176015619,
        0.6746466642577355,
        0.6855414403627996,
        0.6774974979766427,
        0.6729788305280415,
        0.6706193001711205,
        0.6712106150579235,
        0.6544252307447669,
        0.6734167205416448,
        0.6541633215737125,
        0.6638442629344388
    ],
    "valid_acc": 0.2694063926940639,
    "best_acc": 0.8013698630136986,
    "time_elapsed(min)": 7.0,
    "time_elapsed(s)": 51.25344491004944,
    "model_name": "ResNeXt101_32x4d",
    "model_name_sub": "resnext101_32x4d"
}