{
    "cross_number": 1,
    "num_epochs": 20,
    "lr": 0.0025,
    "batch_size": 14,
    "train_loss": [
        4.822061915920205,
        2.5348063010603323,
        1.2672381081265403,
        0.660707639266639,
        0.3529698540324762,
        0.2139164682681838,
        0.13151342917624945,
        0.07623639520997666,
        0.06370933449584736,
        0.06217107324133793,
        0.05683595086469158,
        0.05194331838677055,
        0.05552232076868959,
        0.04984244135671963,
        0.05069378228883629,
        0.048660863273815344,
        0.048229622012472044,
        0.05640363903316461,
        0.04860640486880933,
        0.051146200303090354
    ],
    "train_acc": 0.06963470319634703,
    "valid_loss": [
        3.0249173815391925,
        1.6337443658206017,
        1.1592198712368533,
        0.876348667765317,
        0.8824635882900186,
        0.7509951717369089,
        0.7242878734317,
        0.7124165684393008,
        0.7044214585192128,
        0.6864755333286442,
        0.67974001699931,
        0.6705206419643202,
        0.6928176200485121,
        0.6911558043466856,
        0.686610088228635,
        0.6822574544170675,
        0.6745200251743674,
        0.6792600645118108,
        0.6784055029726737,
        0.678094355806232
    ],
    "valid_acc": 0.2968036529680365,
    "best_acc": 0.819634703196347,
    "time_elapsed(min)": 7.0,
    "time_elapsed(s)": 8.342654466629028,
    "model_name": "ResNeXt101_32x4d",
    "model_name_sub": "resnext101_32x4d"
}