{
    "cross_number": 1,
    "num_epochs": 20,
    "lr": 0.0025,
    "batch_size": 8,
    "train_loss": [
        4.711259141904578,
        2.4690000776830874,
        1.3346097216214219,
        0.6908030707270043,
        0.40682094323036333,
        0.219060340309388,
        0.1339104001040328,
        0.09530900125327992,
        0.061157368897507176,
        0.050759548334124154,
        0.04439786334254154,
        0.03886634442257827,
        0.04139924927967596,
        0.03617912642317548,
        0.04082976464930599,
        0.03539458175772401,
        0.03316765402328886,
        0.036764906306823365,
        0.038038617002110094,
        0.035131558631312905
    ],
    "train_acc": 0.07591324200913241,
    "valid_loss": [
        2.6806620158016954,
        1.6773418906616837,
        1.3178777329997928,
        1.0276345417379789,
        1.0730533669256184,
        0.8105406222278124,
        0.8377771447646564,
        0.7459647820148294,
        0.705754147340718,
        0.6940288987504021,
        0.6794844564969,
        0.6719407131002374,
        0.6736016085703079,
        0.6640031798041031,
        0.6885892453871362,
        0.6787946774671066,
        0.6923373636606758,
        0.6693813310910578,
        0.6747901445790513,
        0.6870086010732607
    ],
    "valid_acc": 0.3264840182648402,
    "best_acc": 0.8264840182648401,
    "time_elapsed(min)": 8.0,
    "time_elapsed(s)": 41.03050184249878,
    "model_name": "ResNeXt101_32x4d",
    "model_name_sub": "resnext101_32x4d"
}