{
    "cross_number": 1,
    "num_epochs": 20,
    "lr": 0.001,
    "batch_size": 6,
    "train_loss": [
        5.049363677632319,
        3.4297863800231725,
        2.272894228566183,
        1.47399798382635,
        0.9069756341919507,
        0.5617712442189047,
        0.33957184654698797,
        0.2242576809319323,
        0.1878029368179914,
        0.18215481887176022,
        0.17091368184718367,
        0.15557318557155866,
        0.1481412603991897,
        0.14806940373390504,
        0.1525911002751593,
        0.13869349435226966,
        0.13748052489165574,
        0.14302733162902806,
        0.14269844278029792,
        0.14336969667713936
    ],
    "train_acc": 0.04280821917808219,
    "valid_loss": [
        3.520327414551826,
        2.0735419106810062,
        1.3758193352451062,
        1.0361165523733178,
        0.8085199774128117,
        0.771495057091321,
        0.6895563581269489,
        0.6305713408103545,
        0.6227342884808983,
        0.6010884156272019,
        0.5941590384439859,
        0.5994646181033491,
        0.5902957318682377,
        0.607355080264276,
        0.6056223650820145,
        0.6236766317846534,
        0.5855696572832865,
        0.5980250400631395,
        0.610178974788789,
        0.6049280642876274
    ],
    "valid_acc": 0.22602739726027396,
    "best_acc": 0.8310502283105022,
    "time_elapsed(min)": 9.0,
    "time_elapsed(s)": 45.05258131027222,
    "model_name": "ResNeXt101_32x4d",
    "model_name_sub": "resnext101_32x4d"
}