{
    "cross_number": 1,
    "num_epochs": 20,
    "lr": 0.0001,
    "batch_size": 11,
    "train_loss": [
        5.425646283855177,
        5.280311422805264,
        5.13965352594036,
        5.000536512294317,
        4.841235494232613,
        4.671564992976515,
        4.491550538093532,
        4.359271809118524,
        4.343766036643285,
        4.327813704128134,
        4.307961995743181,
        4.287050734235816,
        4.275014904536069,
        4.247663746413575,
        4.240670941599972,
        4.236703807224422,
        4.234373628821003,
        4.230518368145102,
        4.236051656067644,
        4.231860363728379
    ],
    "train_acc": 0.006278538812785388,
    "valid_loss": [
        5.327757313915583,
        5.199813115542338,
        5.068776758838462,
        4.916689854234321,
        4.7458020987576,
        4.538229445888572,
        4.37105295429491,
        4.333160166871058,
        4.331895448845815,
        4.304222855393745,
        4.265976303788625,
        4.224010293886542,
        4.223859411940727,
        4.221537844775474,
        4.208408677414672,
        4.194251959182356,
        4.198037381585874,
        4.211885297135131,
        4.159228692316029,
        4.183407070974237
    ],
    "valid_acc": 0.00684931506849315,
    "best_acc": 0.4063926940639269,
    "time_elapsed(min)": 7.0,
    "time_elapsed(s)": 36.11921000480652,
    "model_name": "ResNeXt101_32x4d",
    "model_name_sub": "resnext101_32x4d"
}