{
    "cross_number": 1,
    "num_epochs": 20,
    "lr": 0.0001,
    "batch_size": 10,
    "train_loss": [
        5.407623358513122,
        5.26200842639627,
        5.132134002093311,
        4.976525281662266,
        4.818533737909848,
        4.640869024681718,
        4.4495851846590435,
        4.30925743792155,
        4.288350014109589,
        4.267929799480525,
        4.24810303672808,
        4.228240666596313,
        4.2072235073673125,
        4.203176006334558,
        4.181589292608984,
        4.166857394997932,
        4.1755490499000025,
        4.171415680075345,
        4.177798725154302,
        4.175656096848178
    ],
    "train_acc": 0.006278538812785388,
    "valid_loss": [
        5.312590318183377,
        5.190418001723616,
        5.0599520239111495,
        4.906269293397529,
        4.723288359707349,
        4.515953817324007,
        4.286523481482241,
        4.30068622985387,
        4.248431649926591,
        4.231243650662845,
        4.190774593179085,
        4.181049840091026,
        4.184324166546129,
        4.134008478356279,
        4.134707450866699,
        4.1209205677520195,
        4.0943866734091,
        4.123122707349524,
        4.110550527703272,
        4.122961012740113
    ],
    "valid_acc": 0.01598173515981735,
    "best_acc": 0.4292237442922374,
    "time_elapsed(min)": 7.0,
    "time_elapsed(s)": 52.8550591468811,
    "model_name": "ResNeXt101_32x4d",
    "model_name_sub": "resnext101_32x4d"
}