{
    "cross_number": 1,
    "num_epochs": 20,
    "lr": 0.0025,
    "batch_size": 6,
    "train_loss": [
        4.844386744989108,
        2.699710247451312,
        1.675780983207977,
        0.984801565131096,
        0.6399178459781082,
        0.4009581096725513,
        0.24572721369921752,
        0.12275306357721454,
        0.07591156443989236,
        0.06260306115759766,
        0.05965094160199268,
        0.05751145571113041,
        0.045459847087168125,
        0.04728996778410949,
        0.04445127635390485,
        0.04371668522290834,
        0.04760978687299441,
        0.0426807712017214,
        0.05478105150890371,
        0.04642938779928556
    ],
    "train_acc": 0.06735159817351598,
    "valid_loss": [
        2.8195785871923786,
        1.9640244212869096,
        1.4313310633783471,
        1.1375608300305393,
        1.1073556815669552,
        0.9489506222307682,
        0.9972062151789767,
        0.6562321314026844,
        0.6349151199045655,
        0.6248195107838088,
        0.6256288421174435,
        0.6210660214267977,
        0.6273807671849221,
        0.6139509949453609,
        0.6103450600440575,
        0.6006047388535529,
        0.6009874726607375,
        0.6161258930646597,
        0.6337257998784979,
        0.618401621646975
    ],
    "valid_acc": 0.30365296803652964,
    "best_acc": 0.8378995433789954,
    "time_elapsed(min)": 9.0,
    "time_elapsed(s)": 45.44562244415283,
    "model_name": "ResNeXt101_32x4d",
    "model_name_sub": "resnext101_32x4d"
}