{
    "cross_number": 1,
    "num_epochs": 20,
    "lr": 0.0001,
    "batch_size": 9,
    "train_loss": [
        5.408773304664925,
        5.263814430530757,
        5.112252229697083,
        4.940353631156764,
        4.773308477989615,
        4.56875207489484,
        4.387530159052104,
        4.230401786631101,
        4.213299360585539,
        4.186790318929986,
        4.164867591368009,
        4.148027078337865,
        4.133195003009822,
        4.10493977184165,
        4.088074415922165,
        4.087031013753316,
        4.093538361461195,
        4.097645052083551,
        4.0785457046881115,
        4.084562807866972
    ],
    "train_acc": 0.008561643835616438,
    "valid_loss": [
        5.302430753838526,
        5.16702647405128,
        5.009110689163208,
        4.832824984641924,
        4.614052850906163,
        4.370786652173082,
        4.1504363327810205,
        4.120194952781886,
        4.102117967932192,
        4.063549051546071,
        4.0607151021696115,
        4.015270474838884,
        3.9999664923916125,
        3.956794655486329,
        3.9735909749383795,
        3.9770943253007656,
        3.933214404811598,
        3.9624504961379587,
        3.943060760628687,
        3.9392124153163337
    ],
    "valid_acc": 0.0228310502283105,
    "best_acc": 0.4292237442922374,
    "time_elapsed(min)": 8.0,
    "time_elapsed(s)": 21.192898273468018,
    "model_name": "ResNeXt101_32x4d",
    "model_name_sub": "resnext101_32x4d"
}