{
    "cross_number": 1,
    "num_epochs": 20,
    "lr": 0.0025,
    "batch_size": 12,
    "train_loss": [
        4.788637840584533,
        2.459160703502289,
        1.2127127941340616,
        0.5824901607550986,
        0.2756060040364527,
        0.15281202707898944,
        0.09798039474256642,
        0.059309625398520735,
        0.054984285483417446,
        0.05168497504998151,
        0.04600467083797063,
        0.0474652550884918,
        0.0482117537255973,
        0.03976518422212094,
        0.04124812781172868,
        0.04219725795651544,
        0.04057483301076987,
        0.041189080525240666,
        0.03996477201453423,
        0.042444717457951746
    ],
    "train_acc": 0.07420091324200913,
    "valid_loss": [
        2.9416236616160774,
        1.708652140343026,
        1.0586873693008945,
        0.9325843453407288,
        0.8360116179675272,
        0.7421129709237242,
        0.7233812410945761,
        0.7161110094557069,
        0.6801544512583785,
        0.6692913109309053,
        0.672875562351044,
        0.6639154847354105,
        0.6827991179713647,
        0.6541140426511634,
        0.6637530739176764,
        0.6571337895034111,
        0.6709709408348554,
        0.6754673792891306,
        0.6490145032230306,
        0.6732075791040512
    ],
    "valid_acc": 0.30365296803652964,
    "best_acc": 0.819634703196347,
    "time_elapsed(min)": 7.0,
    "time_elapsed(s)": 29.62529468536377,
    "model_name": "ResNeXt101_32x4d",
    "model_name_sub": "resnext101_32x4d"
}