{
    "cross_number": 1,
    "num_epochs": 20,
    "lr": 0.001,
    "batch_size": 8,
    "train_loss": [
        5.060364381363403,
        3.4628697573866476,
        2.2351758920983094,
        1.4663626891837271,
        0.9466290822312168,
        0.5708635475945799,
        0.3747886255995868,
        0.2436563258301722,
        0.22185136428842805,
        0.20490765156539065,
        0.18569075115467315,
        0.19191791784001266,
        0.17612645149094874,
        0.16798880536398386,
        0.15707371237615472,
        0.16557320052562238,
        0.16723951938898052,
        0.1558468479271893,
        0.15988927535270447,
        0.16493129352592442
    ],
    "train_acc": 0.04223744292237443,
    "valid_loss": [
        3.641728296671828,
        2.1933781855726897,
        1.4639387876475782,
        1.0691745858214217,
        0.8849088405365269,
        0.8107479814797232,
        0.743530326101878,
        0.7019126913999314,
        0.6811066678805983,
        0.6595723115622181,
        0.6712231636047363,
        0.6606575192449844,
        0.6638915465983082,
        0.6537300140073855,
        0.634508486701065,
        0.6624037660148046,
        0.6489857998612809,
        0.6559333332461309,
        0.6516619152538309,
        0.6504081921082109
    ],
    "valid_acc": 0.2557077625570776,
    "best_acc": 0.8264840182648401,
    "time_elapsed(min)": 8.0,
    "time_elapsed(s)": 43.5759642124176,
    "model_name": "ResNeXt101_32x4d",
    "model_name_sub": "resnext101_32x4d"
}