{
    "cross_number": 1,
    "num_epochs": 20,
    "lr": 0.0025,
    "batch_size": 7,
    "train_loss": [
        4.749918176975425,
        2.7211985971149244,
        1.534208358746005,
        0.8987962888834411,
        0.5091589912559548,
        0.32494841538769403,
        0.19722351368163715,
        0.09903569428035437,
        0.06695118710530505,
        0.06440778940115506,
        0.05014090374171666,
        0.04819947989635195,
        0.050194352009380445,
        0.044815874171866416,
        0.0429930874007248,
        0.04252463308047103,
        0.042257296728378496,
        0.04272761872834547,
        0.03951910414071711,
        0.04297697569454114
    ],
    "train_acc": 0.07191780821917808,
    "valid_loss": [
        3.0996021285448987,
        1.7442962057786444,
        1.4581602741390058,
        1.1934626067065757,
        0.8636487258181452,
        1.0515331973291968,
        0.9036675542763107,
        0.768690187649878,
        0.7267969915830449,
        0.7220936804588833,
        0.7059970380351389,
        0.7040228294357488,
        0.6953860861132322,
        0.7020123074167157,
        0.7044454037401077,
        0.7075563231419313,
        0.7143023017173012,
        0.6896829118364232,
        0.7009150795053827,
        0.6936995254698758
    ],
    "valid_acc": 0.2465753424657534,
    "best_acc": 0.817351598173516,
    "time_elapsed(min)": 8.0,
    "time_elapsed(s)": 56.01972675323486,
    "model_name": "ResNeXt101_32x4d",
    "model_name_sub": "resnext101_32x4d"
}