{
    "cross_number": 1,
    "num_epochs": 20,
    "lr": 0.0001,
    "batch_size": 8,
    "train_loss": [
        5.409011396643233,
        5.252146091635368,
        5.089048529324466,
        4.914114677742736,
        4.717042084698264,
        4.514174966507307,
        4.313411714823823,
        4.1394450272599315,
        4.113855961795267,
        4.099536434156165,
        4.0711375621900165,
        4.067905888709848,
        4.030100076710252,
        4.003917976057148,
        3.9950824502396256,
        4.001059741190035,
        4.002426717923656,
        4.0044411731092895,
        4.002908349581505,
        3.9981042456953495
    ],
    "train_acc": 0.007420091324200913,
    "valid_loss": [
        5.291631480874536,
        5.136362012662844,
        4.957098111714402,
        4.752043073035811,
        4.510950613239585,
        4.2733248488543785,
        3.9868611081005776,
        3.9645646260753615,
        3.927005019906449,
        3.9280278214580937,
        3.9044682271948687,
        3.8701319455011793,
        3.822482327892356,
        3.824458066731283,
        3.8441127054223188,
        3.8030367997139014,
        3.8120161213286936,
        3.802103605444573,
        3.7921131734978664,
        3.8012172740344043
    ],
    "valid_acc": 0.0228310502283105,
    "best_acc": 0.4360730593607306,
    "time_elapsed(min)": 8.0,
    "time_elapsed(s)": 45.135374546051025,
    "model_name": "ResNeXt101_32x4d",
    "model_name_sub": "resnext101_32x4d"
}