{
    "cross_number": 1,
    "num_epochs": 20,
    "lr": 0.0001,
    "batch_size": 14,
    "train_loss": [
        5.432806680735932,
        5.30566870785195,
        5.193401706273153,
        5.076546149711087,
        4.9434009931947545,
        4.81719275478903,
        4.669884124302973,
        4.557798569060896,
        4.544755815915321,
        4.520750081702454,
        4.51394426550495,
        4.492990824729884,
        4.487794084091709,
        4.462588789800531,
        4.451044736387523,
        4.458949053124206,
        4.448441054723034,
        4.4495103620503045,
        4.43935633467757,
        4.4490047421085235
    ],
    "train_acc": 0.005136986301369863,
    "valid_loss": [
        5.347240291229666,
        5.246714618108044,
        5.1472591744165985,
        5.035139656502362,
        4.910049849993562,
        4.768649464872874,
        4.608981051945795,
        4.591697623196258,
        4.589478196618764,
        4.571260563314778,
        4.5563243295504074,
        4.542198864836671,
        4.515337208090307,
        4.493625612563738,
        4.485327801203619,
        4.499317953031357,
        4.502160333607295,
        4.492085095409934,
        4.498247120478382,
        4.490943536366502
    ],
    "valid_acc": 0.0091324200913242,
    "best_acc": 0.3059360730593607,
    "time_elapsed(min)": 7.0,
    "time_elapsed(s)": 8.956337213516235,
    "model_name": "ResNeXt101_32x4d",
    "model_name_sub": "resnext101_32x4d"
}