{
    "cross_number": 1,
    "num_epochs": 20,
    "lr": 0.0001,
    "batch_size": 6,
    "train_loss": [
        5.411739563288754,
        5.233952456957673,
        5.039261058585285,
        4.841096833960651,
        4.6149170333392,
        4.389993211177931,
        4.166266607911619,
        3.9812064636243534,
        3.965472003368482,
        3.937881298261146,
        3.910060070965388,
        3.9058264853203135,
        3.86772290484546,
        3.8482419489181203,
        3.830531945783798,
        3.8355052634461284,
        3.818789645417096,
        3.823769072963767,
        3.8262443362850034,
        3.8178871804720735
    ],
    "train_acc": 0.0028538812785388126,
    "valid_loss": [
        5.264035492727201,
        5.066818883974258,
        4.841243959453008,
        4.5696502907635415,
        4.2768595675899554,
        3.9527493176394946,
        3.67455507957772,
        3.604017084592009,
        3.6342991214908964,
        3.6074470493891466,
        3.577769289278004,
        3.5302472277863384,
        3.5184318137495487,
        3.4735892831462705,
        3.4662166686907208,
        3.511775552409969,
        3.4748624481566965,
        3.4801282719390034,
        3.4550304216881322,
        3.4172499865701753
    ],
    "valid_acc": 0.0136986301369863,
    "best_acc": 0.5182648401826484,
    "time_elapsed(min)": 9.0,
    "time_elapsed(s)": 47.45618796348572,
    "model_name": "ResNeXt101_32x4d",
    "model_name_sub": "resnext101_32x4d"
}