{
    "cross_number": 1,
    "num_epochs": 20,
    "lr": 0.0001,
    "batch_size": 15,
    "train_loss": [
        5.435606108136373,
        5.3212054069728065,
        5.2116154522111975,
        5.108357299680579,
        4.989686530746826,
        4.8587770911112225,
        4.724965827105796,
        4.625141341392308,
        4.602999725570418,
        4.592901771199213,
        4.583977241222173,
        4.564748285567924,
        4.552951098304906,
        4.535749268041898,
        4.524489647721591,
        4.51744873474722,
        4.521249700898993,
        4.522221683639369,
        4.519423119825859,
        4.527359101053786
    ],
    "train_acc": 0.003424657534246575,
    "valid_loss": [
        5.370566978846511,
        5.275709766231171,
        5.181555460577142,
        5.0636954568836785,
        4.956071118785911,
        4.82099361942239,
        4.685530348999859,
        4.665707960520705,
        4.643596407485335,
        4.646224524876843,
        4.612279111391877,
        4.600839092306895,
        4.57211863831298,
        4.564785464169228,
        4.553073807938458,
        4.575215627069342,
        4.575739112618852,
        4.574712106626328,
        4.557845553306684,
        4.561271242899437
    ],
    "valid_acc": 0.0045662100456621,
    "best_acc": 0.319634703196347,
    "time_elapsed(min)": 7.0,
    "time_elapsed(s)": 2.525113105773926,
    "model_name": "ResNeXt101_32x4d",
    "model_name_sub": "resnext101_32x4d"
}