{
    "cross_number": 1,
    "num_epochs": 20,
    "lr": 0.001,
    "batch_size": 13,
    "train_loss": [
        5.198018683690458,
        3.871913343259733,
        2.685577586905597,
        1.8406857311317366,
        1.2620569495441707,
        0.8403715844772178,
        0.5595569935665555,
        0.37472427161793187,
        0.35933397836200726,
        0.3403824335857205,
        0.32098888450187363,
        0.32275402505103856,
        0.3007101285352146,
        0.29241552739723087,
        0.27804606145069205,
        0.28733081073759625,
        0.2733830917779713,
        0.2895344595794808,
        0.2706961286037344,
        0.26459346983802917
    ],
    "train_acc": 0.03538812785388128,
    "valid_loss": [
        4.254783280908245,
        2.911397100039269,
        2.000983701721174,
        1.4762118110373683,
        1.1555998147078301,
        0.9983102509828463,
        0.8820771126578387,
        0.8482741791771972,
        0.8382487054829184,
        0.8130489425163835,
        0.8050775849111548,
        0.8016288847955939,
        0.8065725114519737,
        0.7898903852456236,
        0.7854580570981927,
        0.7953418083659046,
        0.7883590181532516,
        0.7827528990022669,
        0.791143864087046,
        0.8018888942046797
    ],
    "valid_acc": 0.2146118721461187,
    "best_acc": 0.8105022831050228,
    "time_elapsed(min)": 7.0,
    "time_elapsed(s)": 20.44662094116211,
    "model_name": "ResNeXt101_32x4d",
    "model_name_sub": "resnext101_32x4d"
}