{
    "cross_number": 1,
    "num_epochs": 20,
    "lr": 0.0001,
    "batch_size": 13,
    "train_loss": [
        5.4184955369391945,
        5.304512680665543,
        5.189419971209139,
        5.068343540849207,
        4.936687819761772,
        4.796950223239045,
        4.648196763643935,
        4.532507698557692,
        4.514908137386793,
        4.494207955114374,
        4.482919118720103,
        4.464672797074601,
        4.443864467209333,
        4.440523479082813,
        4.418700236163727,
        4.418322164990586,
        4.420228053717853,
        4.4167254161616984,
        4.406277395274541,
        4.41495349799117
    ],
    "train_acc": 0.008561643835616438,
    "valid_loss": [
        5.350745304534424,
        5.253512828861742,
        5.141955553124484,
        5.029545306070754,
        4.900921256574866,
        4.755878791417161,
        4.576972206977949,
        4.558218535767298,
        4.546381136053774,
        4.527813010019798,
        4.519026832493473,
        4.4761454786884185,
        4.489702863780331,
        4.456347450273767,
        4.4527095452835574,
        4.445399514072018,
        4.449562522374332,
        4.441161700035339,
        4.441934680285519,
        4.439766954613603
    ],
    "valid_acc": 0.01598173515981735,
    "best_acc": 0.34931506849315064,
    "time_elapsed(min)": 7.0,
    "time_elapsed(s)": 21.447946548461914,
    "model_name": "ResNeXt101_32x4d",
    "model_name_sub": "resnext101_32x4d"
}