{
    "cross_number": 1,
    "num_epochs": 20,
    "lr": 0.0025,
    "batch_size": 10,
    "train_loss": [
        4.714608025877443,
        2.4458343246483913,
        1.2536062929251968,
        0.6670376366540177,
        0.3440707620301339,
        0.18205114996026708,
        0.13747566388962476,
        0.07247907569904101,
        0.05576192621209714,
        0.05387447459716775,
        0.045658749236925145,
        0.04541421363546968,
        0.04125607670306071,
        0.043910539113665555,
        0.03801616818269876,
        0.043677213071254356,
        0.04586820020106489,
        0.03906406255196525,
        0.0414653975733441,
        0.0455698423400164
    ],
    "train_acc": 0.0884703196347032,
    "valid_loss": [
        2.950637811939466,
        1.5689641308022417,
        1.1591893381451908,
        0.9245525366503354,
        0.8390814779181731,
        0.7676503150702612,
        0.7015823181293327,
        0.6306172867888185,
        0.633747510765105,
        0.6109965720031088,
        0.6088285278869138,
        0.6231680738327166,
        0.5946206596667227,
        0.6039819805861608,
        0.5853207889331938,
        0.6074511452692829,
        0.6012235936032583,
        0.6107323905920874,
        0.6081978002197395,
        0.6064008898250589
    ],
    "valid_acc": 0.228310502283105,
    "best_acc": 0.8333333333333333,
    "time_elapsed(min)": 7.0,
    "time_elapsed(s)": 51.46543908119202,
    "model_name": "ResNeXt101_32x4d",
    "model_name_sub": "resnext101_32x4d"
}