{
    "cross_number": 1,
    "num_epochs": 20,
    "lr": 0.001,
    "batch_size": 15,
    "train_loss": [
        5.228505901277882,
        4.031837908780738,
        2.872458732291444,
        2.021177251453269,
        1.4204839296536902,
        0.9967160514772755,
        0.6876599540653294,
        0.49687171058907903,
        0.4540069361459719,
        0.4402754837774659,
        0.4163590729083509,
        0.39858951549721905,
        0.3809102317445899,
        0.3736398198373922,
        0.37148017323996924,
        0.3629176320431575,
        0.3618158627913831,
        0.350553363255442,
        0.35919824719735205,
        0.3614510875195265
    ],
    "train_acc": 0.03538812785388128,
    "valid_loss": [
        4.398275328009096,
        3.029811045894884,
        2.175413108851812,
        1.6147259604440976,
        1.2708643678932974,
        1.0607417895369333,
        0.9314512349154851,
        0.8969727334094374,
        0.8833038802832773,
        0.8553842753171921,
        0.8497728378805396,
        0.8548093693305369,
        0.8328232757032734,
        0.8438499220838286,
        0.8387009370816897,
        0.8246402011750495,
        0.8425505570557019,
        0.8440155997259976,
        0.8360071431284082,
        0.8290013657653168
    ],
    "valid_acc": 0.25799086757990863,
    "best_acc": 0.7831050228310502,
    "time_elapsed(min)": 7.0,
    "time_elapsed(s)": 1.229093074798584,
    "model_name": "ResNeXt101_32x4d",
    "model_name_sub": "resnext101_32x4d"
}