{
    "cross_number": 1,
    "num_epochs": 20,
    "lr": 0.001,
    "batch_size": 14,
    "train_loss": [
        5.2017084795590405,
        3.9199494539874875,
        2.7864744940849198,
        1.9685387265736654,
        1.3436756187105832,
        0.9205817010032532,
        0.6396211555491299,
        0.44614965245808097,
        0.4027433408143586,
        0.3837263232360692,
        0.3751073329450061,
        0.35559941377473747,
        0.34574624608572757,
        0.32481277191407604,
        0.3293228125599421,
        0.310145085396832,
        0.3255976834695905,
        0.32104581317196695,
        0.3252263278041256,
        0.32302473463356224
    ],
    "train_acc": 0.03824200913242009,
    "valid_loss": [
        4.2864326570676345,
        2.884313596438055,
        2.0199494209463738,
        1.5035222787835283,
        1.1807978207662226,
        0.984053955502706,
        0.8800199770764129,
        0.8489908958406753,
        0.825190330340982,
        0.8141080286677025,
        0.820119835062114,
        0.8059629129764696,
        0.8015411119210666,
        0.8069400391350053,
        0.7697700096047633,
        0.7712214384993462,
        0.7828020147945238,
        0.794384839055745,
        0.7894084703976705,
        0.7887010651908509
    ],
    "valid_acc": 0.2420091324200913,
    "best_acc": 0.7968036529680365,
    "time_elapsed(min)": 7.0,
    "time_elapsed(s)": 8.339505195617676,
    "model_name": "ResNeXt101_32x4d",
    "model_name_sub": "resnext101_32x4d"
}