{
    "cross_number": 1,
    "num_epochs": 20,
    "lr": 0.001,
    "batch_size": 7,
    "train_loss": [
        5.069388780283601,
        3.4893895699281128,
        2.2689130674350206,
        1.4554898454106018,
        0.89273104587034,
        0.57951697903647,
        0.3794984397516675,
        0.23832138783838516,
        0.20524422843519546,
        0.19275370043315435,
        0.1934227313267994,
        0.1737505640689981,
        0.1689965973319018,
        0.16219152347078403,
        0.1477676350517054,
        0.158179540384867,
        0.1539954745091634,
        0.156972591786488,
        0.15942607366705322,
        0.15166353143232802
    ],
    "train_acc": 0.037100456621004564,
    "valid_loss": [
        3.6283778202588155,
        2.194713051188482,
        1.3845807450002732,
        1.11312346946295,
        0.9044955211211013,
        0.7441841004816092,
        0.7326282437159318,
        0.6365545949554199,
        0.6068366187110067,
        0.6286707080041641,
        0.6513317302975072,
        0.5909260405295583,
        0.5932342120739695,
        0.6208093469009892,
        0.6193263893053956,
        0.607083835579523,
        0.5970405905664852,
        0.6186260879592604,
        0.6003806776107719,
        0.6169952871469296
    ],
    "valid_acc": 0.21232876712328766,
    "best_acc": 0.821917808219178,
    "time_elapsed(min)": 8.0,
    "time_elapsed(s)": 58.836620807647705,
    "model_name": "ResNeXt101_32x4d",
    "model_name_sub": "resnext101_32x4d"
}