{
    "cross_number": 1,
    "num_epochs": 20,
    "lr": 0.001,
    "batch_size": 12,
    "train_loss": [
        5.175730238222096,
        3.811536281076196,
        2.6127936252175945,
        1.7908493402886063,
        1.1766252395224899,
        0.7988394558021467,
        0.5459677029962409,
        0.3676079822933837,
        0.34074538292950146,
        0.3282397864003704,
        0.31237891224557407,
        0.28746643039869935,
        0.2789226310098008,
        0.2753634467108609,
        0.26746272316125974,
        0.26616042199200146,
        0.25402327810656533,
        0.2548953765263296,
        0.2605750329588374,
        0.2552514577871316
    ],
    "train_acc": 0.03424657534246575,
    "valid_loss": [
        4.21044852309031,
        2.712976093161596,
        1.8601492520881027,
        1.403251143350993,
        1.1381047580340138,
        0.9909225571645449,
        0.8759971799915784,
        0.8184969306808628,
        0.8259703141369231,
        0.8005206446125083,
        0.7898275452117397,
        0.7916322201490402,
        0.79273505223124,
        0.7849138277034237,
        0.7820525014237182,
        0.7985596640469277,
        0.7871275927922498,
        0.797354278090882,
        0.7666235178300779,
        0.7933247068973437
    ],
    "valid_acc": 0.2146118721461187,
    "best_acc": 0.8105022831050228,
    "time_elapsed(min)": 7.0,
    "time_elapsed(s)": 29.444926738739014,
    "model_name": "ResNeXt101_32x4d",
    "model_name_sub": "resnext101_32x4d"
}