{
    "cross_number": 1,
    "num_epochs": 20,
    "lr": 0.0025,
    "batch_size": 13,
    "train_loss": [
        4.768757929676744,
        2.4569389573787443,
        1.204305388849892,
        0.6101567308720388,
        0.31485975942825345,
        0.17743546853360792,
        0.11327663631939656,
        0.07688199443908485,
        0.06088328553304144,
        0.057116178671306334,
        0.05081352391110129,
        0.05038167474170526,
        0.04712759028401515,
        0.04455498318808774,
        0.043442491226144915,
        0.04723502316652504,
        0.04401949731756393,
        0.043995293053972734,
        0.046508777134979494,
        0.04341590762580639
    ],
    "train_acc": 0.08105022831050228,
    "valid_loss": [
        2.936695559928406,
        1.604188538849626,
        1.1780641129299931,
        0.9209910008256839,
        0.8201906512997467,
        0.7427898717695447,
        0.7295428077566978,
        0.676648837246307,
        0.6757464247955579,
        0.6463078804416199,
        0.6594364913222996,
        0.6554294916456693,
        0.6539342481659972,
        0.6644526717325324,
        0.6616957529562794,
        0.654454326384688,
        0.6364478370234302,
        0.6538814111149203,
        0.6558821346763879,
        0.6510139451485518
    ],
    "valid_acc": 0.3515981735159817,
    "best_acc": 0.8242009132420091,
    "time_elapsed(min)": 7.0,
    "time_elapsed(s)": 20.787039756774902,
    "model_name": "ResNeXt101_32x4d",
    "model_name_sub": "resnext101_32x4d"
}