{
    "cross_number": 1,
    "num_epochs": 20,
    "lr": 0.0001,
    "batch_size": 7,
    "train_loss": [
        5.411606465300468,
        5.2472816858117435,
        5.076595711381468,
        4.892489957755015,
        4.6912245663333705,
        4.485761850527977,
        4.2734890679518385,
        4.105476795674459,
        4.073424543556013,
        4.050466100647025,
        4.032028525251231,
        4.021027870782434,
        3.986568777800695,
        3.9719420690514724,
        3.9536482351555673,
        3.948353496452445,
        3.935489666108127,
        3.953047911870425,
        3.9601972763124667,
        3.9369716399336516
    ],
    "train_acc": 0.007420091324200913,
    "valid_loss": [
        5.28925138848013,
        5.1226979847912375,
        4.927749883094335,
        4.709210874827485,
        4.443449748705511,
        4.153066787001205,
        3.882298474442469,
        3.857981181580182,
        3.7860337773414505,
        3.7787860430538927,
        3.786771302353846,
        3.722988541267778,
        3.765115633402785,
        3.662125950534594,
        3.6301922455225903,
        3.6933387501599038,
        3.691884887272909,
        3.700569701521364,
        3.6949187947190514,
        3.626118613704699
    ],
    "valid_acc": 0.02054794520547945,
    "best_acc": 0.4634703196347032,
    "time_elapsed(min)": 9.0,
    "time_elapsed(s)": 0.802269697189331,
    "model_name": "ResNeXt101_32x4d",
    "model_name_sub": "resnext101_32x4d"
}