{
    "cross_number": 1,
    "num_epochs": 20,
    "lr": 0.001,
    "batch_size": 5,
    "train_loss": [
        5.075949708212456,
        3.479939089654243,
        2.244980123897666,
        1.4458986822022424,
        0.9420883260395156,
        0.6148727027163522,
        0.36836421836303657,
        0.22759011831797965,
        0.19765203126353215,
        0.17377499291741344,
        0.14811471481403532,
        0.15403332376265771,
        0.1473936584106217,
        0.14295454243980518,
        0.14067574339859257,
        0.13952763834394105,
        0.14531531497266262,
        0.12880145591050046,
        0.14141808219092417,
        0.14377287615805048
    ],
    "train_acc": 0.03595890410958904,
    "valid_loss": [
        3.394777826522583,
        2.0828920191825797,
        1.4229003233180197,
        1.1137664655231994,
        0.8796458444366716,
        0.7710658820456566,
        0.6512521293448055,
        0.605478705515124,
        0.5952135371437645,
        0.5758960767878756,
        0.5613889965870881,
        0.5924883219402828,
        0.5716766023462996,
        0.5713087224399407,
        0.5612854952445534,
        0.5674839097024132,
        0.57172802862707,
        0.5724415943248742,
        0.5633487414183801,
        0.5686315391010702
    ],
    "valid_acc": 0.2420091324200913,
    "best_acc": 0.8470319634703196,
    "time_elapsed(min)": 10.0,
    "time_elapsed(s)": 28.567272901535034,
    "model_name": "ResNeXt101_32x4d",
    "model_name_sub": "resnext101_32x4d"
}