{
    "cross_number": 1,
    "num_epochs": 20,
    "lr": 0.0001,
    "batch_size": 4,
    "train_loss": [
        5.402412531038397,
        5.21191753862111,
        4.997034566043174,
        4.766163755225264,
        4.541410969816931,
        4.2988717365482625,
        4.0818941849007455,
        3.887505338616567,
        3.8644614018261705,
        3.858957617794542,
        3.822259897510755,
        3.796904972699135,
        3.7766719866016683,
        3.7549345977774493,
        3.736528145668169,
        3.738896080348045,
        3.7351014630435264,
        3.738665458818549,
        3.733376058269309,
        3.717772965017519
    ],
    "train_acc": 0.00684931506849315,
    "valid_loss": [
        5.221876880349634,
        4.982883932383637,
        4.674932205513732,
        4.309511008327955,
        3.968350107811357,
        3.6045818241763876,
        3.244470342653527,
        3.2206803282646286,
        3.2124626168377324,
        3.1775089769058575,
        3.104721806365061,
        3.1344195773068084,
        3.0964704278397233,
        3.0668717715293847,
        3.057288299412488,
        3.0270167268030175,
        3.0431160883272077,
        3.0347415018299397,
        3.038977566375036,
        2.972258472551494
    ],
    "valid_acc": 0.0228310502283105,
    "best_acc": 0.502283105022831,
    "time_elapsed(min)": 11.0,
    "time_elapsed(s)": 45.5099401473999,
    "model_name": "ResNeXt101_32x4d",
    "model_name_sub": "resnext101_32x4d"
}