{
    "cross_number": 1,
    "num_epochs": 20,
    "lr": 0.0025,
    "batch_size": 15,
    "train_loss": [
        4.842535254889971,
        2.5798180960629082,
        1.2981142327189445,
        0.6755649464281455,
        0.34214323526886226,
        0.19075075484659165,
        0.12873248799308523,
        0.07603551193510424,
        0.06729542890448786,
        0.06128314933548235,
        0.0626257169634512,
        0.05376899455457109,
        0.05344361862907671,
        0.05549612857579981,
        0.05037765921897268,
        0.04731832234163399,
        0.04921202432070795,
        0.048773017909684004,
        0.05018848998867588,
        0.05144794376197029
    ],
    "train_acc": 0.0702054794520548,
    "valid_loss": [
        3.0733805372290415,
        1.7489743632813022,
        1.0966431445454898,
        0.8531682869444971,
        0.7629090890492478,
        0.7146991988363331,
        0.6922985339562778,
        0.6736847374537219,
        0.6418057500499569,
        0.6303967233390024,
        0.6343177731008562,
        0.64388857036829,
        0.6163423239980659,
        0.6382544169278994,
        0.6201290445887062,
        0.6290967654283732,
        0.6360839877838957,
        0.6386471093721586,
        0.6472612289227035,
        0.6235893787178275
    ],
    "valid_acc": 0.3356164383561644,
    "best_acc": 0.8242009132420091,
    "time_elapsed(min)": 7.0,
    "time_elapsed(s)": 1.9596073627471924,
    "model_name": "ResNeXt101_32x4d",
    "model_name_sub": "resnext101_32x4d"
}