{
    "cross_number": 1,
    "num_epochs": 20,
    "lr": 0.0025,
    "batch_size": 11,
    "train_loss": [
        4.726414748658873,
        2.4877905284296977,
        1.294205709203193,
        0.6688379230802735,
        0.3164783570337105,
        0.20391940017396662,
        0.12061621254463106,
        0.09117622584419231,
        0.06430675752022938,
        0.053530279041978115,
        0.05775811716161464,
        0.04933806268400492,
        0.04683717676612748,
        0.04278031829585104,
        0.043424393308187356,
        0.042517688672364475,
        0.042758013099989084,
        0.041979438446134706,
        0.04046454785984928,
        0.039234501436208144
    ],
    "train_acc": 0.08732876712328766,
    "valid_loss": [
        2.8138256347887047,
        1.606725382070019,
        1.1615095405273785,
        0.903187112721134,
        0.8220276438958569,
        0.7574779924056302,
        0.7765796332870989,
        0.7288597638476385,
        0.6808314653087969,
        0.6555076145554242,
        0.6834669291768989,
        0.6434057931241379,
        0.6675049041708311,
        0.6644056365234122,
        0.662355207332057,
        0.644049976786522,
        0.6397088327143154,
        0.6464219622688206,
        0.6391084444577291,
        0.6702020768178244
    ],
    "valid_acc": 0.2968036529680365,
    "best_acc": 0.8105022831050228,
    "time_elapsed(min)": 7.0,
    "time_elapsed(s)": 34.46031308174133,
    "model_name": "ResNeXt101_32x4d",
    "model_name_sub": "resnext101_32x4d"
}