{
    "cross_number": 1,
    "num_epochs": 20,
    "lr": 0.0025,
    "batch_size": 9,
    "train_loss": [
        4.665496277482542,
        2.423230520054086,
        1.2911794375985453,
        0.6948086796456003,
        0.34101340769190497,
        0.17174818861770302,
        0.10569696337597011,
        0.07666378138644289,
        0.057062783345503555,
        0.04655899037447541,
        0.04821667119331199,
        0.04339793577394767,
        0.04345767054872664,
        0.040713639872480334,
        0.03669588493776495,
        0.038698502382493186,
        0.03721165881581502,
        0.03604195665963607,
        0.03389165542656173,
        0.036629374338352214
    ],
    "train_acc": 0.08904109589041095,
    "valid_loss": [
        2.69413493512428,
        1.6288381729223957,
        1.1861990457528258,
        0.968624438631208,
        0.7969041042642234,
        0.747094289437957,
        0.8071962388308898,
        0.7072963023889963,
        0.6633462413941345,
        0.6643804037203528,
        0.6701871320503215,
        0.6445415605829187,
        0.6524607806836498,
        0.6730171522406274,
        0.6610895976781437,
        0.6565832156075598,
        0.643739624497519,
        0.6645596326035383,
        0.6457981041517772,
        0.6452483986950901
    ],
    "valid_acc": 0.35844748858447484,
    "best_acc": 0.8356164383561644,
    "time_elapsed(min)": 8.0,
    "time_elapsed(s)": 19.69346570968628,
    "model_name": "ResNeXt101_32x4d",
    "model_name_sub": "resnext101_32x4d"
}