{
    "cross_number": 1,
    "num_epochs": 20,
    "lr": 0.0025,
    "batch_size": 5,
    "train_loss": [
        4.934051409567872,
        3.093219688629995,
        2.0451193652264603,
        1.3693147382133355,
        1.0352139025118594,
        0.7731661269373206,
        0.5211559696629066,
        0.2474073292969271,
        0.14656357710317763,
        0.1065470315287417,
        0.10300908964839615,
        0.07852217447508092,
        0.0801295680142769,
        0.06676513104131827,
        0.07172295980721066,
        0.06858434473692235,
        0.07096174219091632,
        0.07156361101171826,
        0.0643103474163191,
        0.07349340959832702
    ],
    "train_acc": 0.06278538812785388,
    "valid_loss": [
        3.1902690230439243,
        2.402323847832201,
        2.077597286943431,
        1.557745400254857,
        1.6399526357837872,
        1.3886514624504194,
        1.4294052880627346,
        0.8784857535294627,
        0.8606596793835881,
        0.8324146741905758,
        0.8021259650118387,
        0.8209213375247596,
        0.7872802256999886,
        0.8155972121424812,
        0.792262103010424,
        0.8242436713245633,
        0.7890409477263451,
        0.7884019568719854,
        0.8084247904075108,
        0.7823564780939298
    ],
    "valid_acc": 0.2374429223744292,
    "best_acc": 0.7990867579908676,
    "time_elapsed(min)": 10.0,
    "time_elapsed(s)": 31.95481848716736,
    "model_name": "ResNeXt101_32x4d",
    "model_name_sub": "resnext101_32x4d"
}