{
    "cross_number": 1,
    "num_epochs": 20,
    "lr": 0.001,
    "batch_size": 11,
    "train_loss": [
        5.179799864553425,
        3.742030444890941,
        2.522232632114463,
        1.6811440790829049,
        1.12478581220592,
        0.7543234510610909,
        0.5050468741571659,
        0.33904798601043823,
        0.31075370659600926,
        0.28734049149555024,
        0.27314623913910563,
        0.2644816296574868,
        0.24644976711436495,
        0.2438841922395782,
        0.229081167392943,
        0.23075338411804067,
        0.23501796740188038,
        0.2300141732204178,
        0.22833035405742252,
        0.22215715578446785
    ],
    "train_acc": 0.030251141552511414,
    "valid_loss": [
        4.102298567284188,
        2.5748391510689097,
        1.7947293936389765,
        1.277742442883313,
        1.0587452051982487,
        0.9029195400541776,
        0.7736788872102079,
        0.7324060281934259,
        0.719903566606649,
        0.726425015218726,
        0.6925020946283319,
        0.7094345066237123,
        0.7021989495786902,
        0.7116643742713482,
        0.6901867140986059,
        0.7065229347851723,
        0.689947444248145,
        0.6876669294417721,
        0.6915465405882766,
        0.6937922121761324
    ],
    "valid_acc": 0.23972602739726026,
    "best_acc": 0.8127853881278538,
    "time_elapsed(min)": 7.0,
    "time_elapsed(s)": 34.112823247909546,
    "model_name": "ResNeXt101_32x4d",
    "model_name_sub": "resnext101_32x4d"
}