{
    "cross_number": 1,
    "num_epochs": 20,
    "lr": 0.0001,
    "batch_size": 12,
    "train_loss": [
        5.437181022069225,
        5.30201667955477,
        5.187079694173107,
        5.060558312559781,
        4.923847711249573,
        4.775983085371044,
        4.619481187977203,
        4.489412085650718,
        4.490114414528625,
        4.46251155252326,
        4.443892789213625,
        4.436232720335869,
        4.404241013200315,
        4.400156419571132,
        4.382451348108788,
        4.385804855660217,
        4.376517655098275,
        4.378005471948075,
        4.371154128688655,
        4.380262750468842
    ],
    "train_acc": 0.005136986301369863,
    "valid_loss": [
        5.337929497026417,
        5.230642116233094,
        5.121608146249431,
        4.987945223507816,
        4.842338385647291,
        4.682944127958115,
        4.51794267680547,
        4.5070552434006785,
        4.495764778084951,
        4.477382294119221,
        4.4559233025328755,
        4.4334522730683625,
        4.406761097581419,
        4.400561411086827,
        4.409066187192316,
        4.386158783141881,
        4.380580072533594,
        4.394747054740174,
        4.38984059634274,
        4.401471327428949
    ],
    "valid_acc": 0.01598173515981735,
    "best_acc": 0.36757990867579904,
    "time_elapsed(min)": 7.0,
    "time_elapsed(s)": 30.76253890991211,
    "model_name": "ResNeXt101_32x4d",
    "model_name_sub": "resnext101_32x4d"
}