{
    "cross_number": 1,
    "num_epochs": 20,
    "lr": 0.0001,
    "batch_size": 5,
    "train_loss": [
        5.431132925972002,
        5.2396914303030595,
        5.0396270958800296,
        4.818752864452257,
        4.586870728290244,
        4.354838584928208,
        4.125037480162703,
        3.9458576171365505,
        3.903425024524671,
        3.878917894815201,
        3.8739271148971226,
        3.8537192483470863,
        3.818607521519813,
        3.8028002212581025,
        3.788519220401163,
        3.7936592485806715,
        3.7806455795079064,
        3.79050392048544,
        3.769222749422674,
        3.785835247197652
    ],
    "train_acc": 0.0045662100456621,
    "valid_loss": [
        5.271971148443004,
        5.06232585210234,
        4.811455601426564,
        4.519130376920308,
        4.198823624549935,
        3.8898783954855514,
        3.6047922590551855,
        3.5637036257138535,
        3.4634582294176703,
        3.42912545650517,
        3.4190921505836593,
        3.4016944006697774,
        3.340459488298251,
        3.306916120389825,
        3.35294717523061,
        3.3263176717714633,
        3.311383975695257,
        3.3347701563682732,
        3.2908855878054823,
        3.2793984630880835
    ],
    "valid_acc": 0.02968036529680365,
    "best_acc": 0.45662100456621,
    "time_elapsed(min)": 10.0,
    "time_elapsed(s)": 32.53395318984985,
    "model_name": "ResNeXt101_32x4d",
    "model_name_sub": "resnext101_32x4d"
}