{
    "cross_number": 1,
    "num_epochs": 20,
    "lr": 0.0025,
    "batch_size": 4,
    "train_loss": [
        5.220847957210454,
        3.747450801879848,
        2.8715330023471624,
        2.2401666669132503,
        1.7647285616901367,
        1.4374666115328603,
        1.0828672996530795,
        0.5113822184077818,
        0.2904151266432244,
        0.2586561810144449,
        0.1917031425451137,
        0.18801805067841457,
        0.17389266467631953,
        0.1685909314270314,
        0.14595773561377096,
        0.14031104092618032,
        0.1400520901990944,
        0.13101252667886548,
        0.1381529360312169,
        0.1401968715801733
    ],
    "train_acc": 0.026255707762557076,
    "valid_loss": [
        3.5978996579505536,
        2.6917498868350025,
        2.317134949986793,
        2.1359513548955524,
        2.177307539844894,
        1.9600173982719309,
        1.6607977966007195,
        0.9625203133577728,
        0.8825623484691988,
        0.8495889676258512,
        0.8693236657269469,
        0.8284763924617503,
        0.8574937570193722,
        0.8265187832412307,
        0.8881216778836668,
        0.881943509699224,
        0.8626628080595574,
        0.848919126666555,
        0.8861738889750315,
        0.8215634031604006
    ],
    "valid_acc": 0.1735159817351598,
    "best_acc": 0.7785388127853881,
    "time_elapsed(min)": 11.0,
    "time_elapsed(s)": 44.33682179450989,
    "model_name": "ResNeXt101_32x4d",
    "model_name_sub": "resnext101_32x4d"
}