{
    "cross_number": 1,
    "num_epochs": 20,
    "lr": 0.001,
    "batch_size": 4,
    "train_loss": [
        5.086744749382751,
        3.516402358061647,
        2.4283309808876963,
        1.627987789508959,
        1.0524338115023695,
        0.7076725837642743,
        0.465477402181658,
        0.2828612310139964,
        0.21885020523991214,
        0.194826242322587,
        0.1746971187985515,
        0.18812110389850728,
        0.16369637263488007,
        0.15275549338322525,
        0.1553735922741359,
        0.14925608536032917,
        0.14320001679315278,
        0.1437042406398684,
        0.14240590573530898,
        0.1498836128883166
    ],
    "train_acc": 0.03767123287671233,
    "valid_loss": [
        3.3081866682392276,
        2.1834358826075513,
        1.5483300959410733,
        1.2209690259386823,
        1.0430191372559494,
        0.839365361760196,
        0.8123374892968566,
        0.603141033356971,
        0.6118051957543174,
        0.5940785905250324,
        0.5817773264607407,
        0.5982207083770554,
        0.6124965183407102,
        0.6025802734697059,
        0.5818878372952546,
        0.6228060260974296,
        0.5864577472516118,
        0.5931683401811069,
        0.598734254914774,
        0.6131844792760096
    ],
    "valid_acc": 0.1872146118721461,
    "best_acc": 0.8333333333333333,
    "time_elapsed(min)": 11.0,
    "time_elapsed(s)": 40.07174754142761,
    "model_name": "ResNeXt101_32x4d",
    "model_name_sub": "resnext101_32x4d"
}