{
    "cross_number": 1,
    "num_epochs": 20,
    "lr": 0.001,
    "batch_size": 9,
    "train_loss": [
        5.111648944142747,
        3.5562175398003566,
        2.3348921821133732,
        1.5580058829629257,
        0.9949243540224963,
        0.6437479740850729,
        0.4457749720815926,
        0.27156248837964586,
        0.24899582747267943,
        0.23197912006345514,
        0.21482997219244096,
        0.2234774762509416,
        0.1971472828100397,
        0.18731259812332995,
        0.1837875255549403,
        0.18975754250606444,
        0.18239839486012313,
        0.19178385408722784,
        0.18636048901570987,
        0.18709252708374638
    ],
    "train_acc": 0.04052511415525114,
    "valid_loss": [
        3.809457197581252,
        2.3153779294392836,
        1.555268989850397,
        1.2344415242949578,
        0.9516736940570074,
        0.8382385667056254,
        0.7862517539769003,
        0.7429006793727614,
        0.7391677040555705,
        0.7215676936895064,
        0.7027889082386886,
        0.7025229924243607,
        0.7006669522658603,
        0.7081944004007398,
        0.6850943182633348,
        0.7037568391390043,
        0.688236059901649,
        0.6963905004197604,
        0.7015177932095854,
        0.6896058611877977
    ],
    "valid_acc": 0.2602739726027397,
    "best_acc": 0.8082191780821917,
    "time_elapsed(min)": 8.0,
    "time_elapsed(s)": 19.654808044433594,
    "model_name": "ResNeXt101_32x4d",
    "model_name_sub": "resnext101_32x4d"
}