{
    "cross_number": 1,
    "num_epochs": 20,
    "lr": 0.001,
    "batch_size": 14,
    "train_loss": [
        5.267194577003723,
        4.1957230801996035,
        3.1361116609072575,
        2.320773641268412,
        1.744380609357738,
        1.3218805098642497,
        0.993388886253039,
        0.7396216103339304,
        0.7068255469543204,
        0.6860989272662493,
        0.6585094256488155,
        0.6629705847874624,
        0.6320343148558651,
        0.605781177101342,
        0.5909856822188586,
        0.5936646197484509,
        0.5888372786241035,
        0.5886972387359567,
        0.5757235307671708,
        0.5843785903225206
    ],
    "train_acc": 0.026255707762557076,
    "valid_loss": [
        4.550557410880311,
        3.312563160238745,
        2.4006879917562824,
        1.8286207233934098,
        1.4858971104774301,
        1.2386438634297618,
        1.0878753460705552,
        1.062045855337082,
        1.0422282270644898,
        1.0170418399654022,
        1.0002591909338894,
        0.9993826081491497,
        0.9815144536157722,
        0.9873730057178567,
        0.9637776085230858,
        0.9593801514743125,
        0.965811972476576,
        0.9487112033857058,
        0.9382946336106078,
        0.9595842029406055
    ],
    "valid_acc": 0.1963470319634703,
    "best_acc": 0.7716894977168949,
    "time_elapsed(min)": 7.0,
    "time_elapsed(s)": 35.485690116882324,
    "model_name": "DenseNet",
    "model_name_sub": "densenet161"
}