{
    "cross_number": 1,
    "num_epochs": 20,
    "lr": 0.001,
    "batch_size": 12,
    "train_loss": [
        5.217980263984367,
        4.042134898982636,
        2.9268766478316426,
        2.1245008429435837,
        1.5523689642344436,
        1.1472669447938058,
        0.8472617664565779,
        0.6329079527560979,
        0.5934869961379325,
        0.5479649323714922,
        0.5450071227060606,
        0.522445845685593,
        0.49688856201629117,
        0.48415531891666047,
        0.4707738608121872,
        0.47011467661351375,
        0.4738822174194741,
        0.46971092179213486,
        0.4654521848240944,
        0.4659344416162739
    ],
    "train_acc": 0.02968036529680365,
    "valid_loss": [
        4.408738449828266,
        3.088079975075918,
        2.183236626729573,
        1.6696110163649467,
        1.3231645806194985,
        1.1031369232151607,
        0.9679199636799015,
        0.9406353382215108,
        0.9104001334268753,
        0.8924400704364254,
        0.8670031999888486,
        0.8641666382142942,
        0.859449371083142,
        0.8345966347276348,
        0.8583067226899813,
        0.8487181643100634,
        0.851158180057186,
        0.8385785883420134,
        0.8542776752824652,
        0.8275960561347334
    ],
    "valid_acc": 0.2146118721461187,
    "best_acc": 0.7922374429223744,
    "time_elapsed(min)": 8.0,
    "time_elapsed(s)": 0.23360896110534668,
    "model_name": "DenseNet",
    "model_name_sub": "densenet161"
}