{
    "cross_number": 1,
    "num_epochs": 20,
    "lr": 0.0001,
    "batch_size": 6,
    "train_loss": [
        5.4116654885958315,
        5.250979949350226,
        5.091158006289234,
        4.9075824593844475,
        4.717176220188402,
        4.516296105025566,
        4.325123573819252,
        4.179631719034012,
        4.147259245996606,
        4.135632286333058,
        4.108777832495023,
        4.094270178716477,
        4.05643064763448,
        4.045121280297841,
        4.025551582035953,
        4.044330458118491,
        4.029215882085774,
        4.020317593665972,
        4.02485552879229,
        4.012768369014949
    ],
    "train_acc": 0.006278538812785388,
    "valid_loss": [
        5.28636971565142,
        5.1153811036723935,
        4.89504627985497,
        4.648978586066259,
        4.380478189416127,
        4.120928797003341,
        3.885538934028312,
        3.8510589697589612,
        3.8577663081966036,
        3.8022906943543315,
        3.8007765436825687,
        3.7434531172660934,
        3.698246237349837,
        3.699763693221628,
        3.7304209617719257,
        3.69301553621684,
        3.704629094633338,
        3.7018682499454445,
        3.6689851088066625,
        3.7149297831809682
    ],
    "valid_acc": 0.01141552511415525,
    "best_acc": 0.4452054794520548,
    "time_elapsed(min)": 9.0,
    "time_elapsed(s)": 8.521666288375854,
    "model_name": "DenseNet",
    "model_name_sub": "densenet161"
}