{
    "cross_number": 1,
    "num_epochs": 20,
    "lr": 0.001,
    "batch_size": 6,
    "train_loss": [
        5.121245634882418,
        3.625224627860605,
        2.4646191396941877,
        1.6592094436900255,
        1.1001116013894343,
        0.7673638503335111,
        0.513848343481348,
        0.3556915564998372,
        0.32847136111087993,
        0.3043892233798357,
        0.2809003702275557,
        0.2758824401471305,
        0.28172922034888237,
        0.26665553657261476,
        0.24183606557956297,
        0.2581053883194515,
        0.2453793923128141,
        0.250661360074396,
        0.23969239177667115,
        0.23826713367582184
    ],
    "train_acc": 0.04223744292237443,
    "valid_loss": [
        3.697365249672981,
        2.230405732376935,
        1.5125429581289422,
        1.1527174204996187,
        0.8936629137151861,
        0.801159329865485,
        0.7506394194413538,
        0.6795586814006714,
        0.647292979112635,
        0.6514550565091306,
        0.6515495107088187,
        0.6317062854052407,
        0.6360526186452337,
        0.6168414809524196,
        0.6151988692581654,
        0.6205746062508185,
        0.6243489579080719,
        0.6346772936976528,
        0.6234390230415618,
        0.6304042942770948
    ],
    "valid_acc": 0.22602739726027396,
    "best_acc": 0.8310502283105022,
    "time_elapsed(min)": 8.0,
    "time_elapsed(s)": 58.3676495552063,
    "model_name": "DenseNet",
    "model_name_sub": "densenet161"
}