{
    "cross_number": 1,
    "num_epochs": 20,
    "lr": 0.0001,
    "batch_size": 12,
    "train_loss": [
        5.429371206727747,
        5.316367557604019,
        5.210240066867986,
        5.09956982690994,
        4.985783603093395,
        4.852789023151137,
        4.723469129980427,
        4.614373968072133,
        4.6039378773676205,
        4.589516528665203,
        4.582577669457214,
        4.559560311983709,
        4.547213064481134,
        4.541034006092646,
        4.529563580473808,
        4.518624952394668,
        4.519992942679418,
        4.516394311434602,
        4.518908837070204,
        4.5161783760541105
    ],
    "train_acc": 0.0028538812785388126,
    "valid_loss": [
        5.373692969753318,
        5.275967872306092,
        5.176776121740472,
        5.0723164506154514,
        4.93925911759677,
        4.8017825753721475,
        4.651090066726893,
        4.634881685857904,
        4.627529268395411,
        4.607542632377311,
        4.578126874688554,
        4.5624147898530305,
        4.566178276114268,
        4.548602332807567,
        4.533886576352054,
        4.546348251708566,
        4.529546705010819,
        4.534819073873024,
        4.547822109640461,
        4.535135543509705
    ],
    "valid_acc": 0.00684931506849315,
    "best_acc": 0.3287671232876712,
    "time_elapsed(min)": 8.0,
    "time_elapsed(s)": 8.310442209243774,
    "model_name": "DenseNet",
    "model_name_sub": "densenet161"
}