{
    "cross_number": 1,
    "num_epochs": 20,
    "lr": 0.001,
    "batch_size": 10,
    "train_loss": [
        5.182645302384956,
        3.8710461343260114,
        2.7490335636215124,
        1.9442460437615712,
        1.3956640653958603,
        0.9982944388776065,
        0.7211186380623138,
        0.5177768742725185,
        0.4838457772312643,
        0.457257066670482,
        0.4401295012262858,
        0.42479967080975234,
        0.41568152730663616,
        0.39758898091574785,
        0.3918468807249853,
        0.39416624901637637,
        0.40622466640997695,
        0.3955149471453608,
        0.38123360527977007,
        0.3916468193848111
    ],
    "train_acc": 0.03767123287671233,
    "valid_loss": [
        4.166649892449923,
        2.7384009720527964,
        1.9625358434572613,
        1.4189017725317445,
        1.2000878411068765,
        0.9594627289467206,
        0.8428257000228586,
        0.8446008944075946,
        0.7920362762936718,
        0.7957760181329022,
        0.782069916730602,
        0.7522222469794696,
        0.7718442492016918,
        0.7632950966216657,
        0.7668094100881385,
        0.7645655930314434,
        0.7660370358865555,
        0.7670141327190617,
        0.7530179061846102,
        0.7654546297848497
    ],
    "valid_acc": 0.2465753424657534,
    "best_acc": 0.7990867579908676,
    "time_elapsed(min)": 15.0,
    "time_elapsed(s)": 54.090954303741455,
    "model_name": "DenseNet",
    "model_name_sub": "densenet161"
}