{
    "cross_number": 1,
    "num_epochs": 20,
    "lr": 0.0001,
    "batch_size": 4,
    "train_loss": [
        5.422478073808156,
        5.254683741695804,
        5.0837960101698085,
        4.890551644373158,
        4.670741734439379,
        4.45792039943068,
        4.236703642427105,
        4.054941156139113,
        4.033354185487582,
        4.013004476076936,
        4.007460974122836,
        3.9893726219325307,
        3.9623157814757466,
        3.935439140284987,
        3.9086128919636276,
        3.9294787367729294,
        3.9218266168141476,
        3.9193924262643405,
        3.910083880163219,
        3.9170397933759644
    ],
    "train_acc": 0.003424657534246575,
    "valid_loss": [
        5.251532458823566,
        5.041463464362436,
        4.796049324889161,
        4.4717915482717014,
        4.148593930893293,
        3.8175665145595326,
        3.5210517595892084,
        3.4755777256673874,
        3.4378808557170712,
        3.4483160939935136,
        3.3910245732085347,
        3.348539999086563,
        3.2990499664115034,
        3.3107343612740574,
        3.3093955440608336,
        3.2652138673007216,
        3.294447491702424,
        3.2747181202178677,
        3.305976387572615,
        3.245539644537451
    ],
    "valid_acc": 0.0228310502283105,
    "best_acc": 0.4908675799086758,
    "time_elapsed(min)": 10.0,
    "time_elapsed(s)": 35.78006362915039,
    "model_name": "DenseNet",
    "model_name_sub": "densenet161"
}