{
    "cross_number": 1,
    "num_epochs": 20,
    "lr": 0.0001,
    "batch_size": 14,
    "train_loss": [
        5.433467313579229,
        5.333704634344197,
        5.239678760097451,
        5.1478578690524515,
        5.039346912135817,
        4.935621519611306,
        4.827388701373583,
        4.7303940569429095,
        4.719598750001219,
        4.703020890009458,
        4.697722665795452,
        4.680130031555211,
        4.678648540962777,
        4.6645340930381325,
        4.647889864499166,
        4.640717584248547,
        4.651931065946953,
        4.651071719382996,
        4.640462978245461,
        4.646732582893546
    ],
    "train_acc": 0.003424657534246575,
    "valid_loss": [
        5.393514482942346,
        5.305916666440224,
        5.222007660016621,
        5.123945604176281,
        5.022371982330601,
        4.90496467564204,
        4.782925928020042,
        4.783430214886252,
        4.765760288935274,
        4.749919680155576,
        4.765523337882404,
        4.726448474953708,
        4.712695165311909,
        4.707862233462399,
        4.703436555383412,
        4.691563958991064,
        4.698773876172766,
        4.695234117986949,
        4.694017246977924,
        4.711256416965293
    ],
    "valid_acc": 0.00684931506849315,
    "best_acc": 0.24885844748858446,
    "time_elapsed(min)": 7.0,
    "time_elapsed(s)": 37.85526180267334,
    "model_name": "DenseNet",
    "model_name_sub": "densenet161"
}