{
    "cross_number": 1,
    "num_epochs": 20,
    "lr": 0.001,
    "batch_size": 4,
    "train_loss": [
        5.152716923522078,
        3.6565523958641646,
        2.518007465693504,
        1.7094733666747672,
        1.1966422574773228,
        0.82041871659968,
        0.5826955074997253,
        0.3755621105670657,
        0.30879403130240635,
        0.2780733077561474,
        0.25792794297002763,
        0.2477432085481817,
        0.2544523962352374,
        0.2451554644495657,
        0.2136260536945846,
        0.22245624308478615,
        0.2206567934965162,
        0.22520728354006325,
        0.21511131595633073,
        0.2293836629554017
    ],
    "train_acc": 0.026255707762557076,
    "valid_loss": [
        3.3927321085646818,
        2.1747534138971267,
        1.3665591478347778,
        1.1224600390688468,
        0.9168417357656782,
        0.7979007065189858,
        0.740329654772498,
        0.6614165401987765,
        0.641685060833551,
        0.6029052306094194,
        0.5984146703145208,
        0.5863317341637292,
        0.5909842481309352,
        0.6152053845697614,
        0.594221156685864,
        0.5763299080275305,
        0.6152817078453561,
        0.6107391120959499,
        0.5934349230733024,
        0.5907680003491302
    ],
    "valid_acc": 0.2465753424657534,
    "best_acc": 0.821917808219178,
    "time_elapsed(min)": 10.0,
    "time_elapsed(s)": 20.868079662322998,
    "model_name": "DenseNet",
    "model_name_sub": "densenet161"
}