{
    "cross_number": 1,
    "num_epochs": 20,
    "lr": 0.0001,
    "batch_size": 8,
    "train_loss": [
        5.401286155665846,
        5.2697676545408765,
        5.139806782273942,
        4.985279860561842,
        4.834959143372975,
        4.662545313029529,
        4.507284351679832,
        4.36330490242945,
        4.3348545973703745,
        4.318911443562268,
        4.299592109575664,
        4.2773873958413455,
        4.273297461200523,
        4.246187134964825,
        4.2370523840325065,
        4.238300184136656,
        4.232886515795912,
        4.236546942088157,
        4.230582334135221,
        4.226166741488731
    ],
    "train_acc": 0.005707762557077625,
    "valid_loss": [
        5.299707828591403,
        5.17402668304095,
        5.017238756293032,
        4.847629993473558,
        4.670633477163097,
        4.437067201692764,
        4.241710887107675,
        4.211336283923284,
        4.165565793372725,
        4.17570446179882,
        4.167407861038974,
        4.119551791448027,
        4.116603472461439,
        4.089821316880178,
        4.102033070777649,
        4.120002428690593,
        4.074504024906245,
        4.110882722079482,
        4.066394359553786,
        4.090416285545314
    ],
    "valid_acc": 0.0182648401826484,
    "best_acc": 0.4200913242009132,
    "time_elapsed(min)": 8.0,
    "time_elapsed(s)": 24.204222440719604,
    "model_name": "DenseNet",
    "model_name_sub": "densenet161"
}