{
    "cross_number": 1,
    "num_epochs": 20,
    "lr": 0.0001,
    "batch_size": 10,
    "train_loss": [
        5.424864832669089,
        5.305546218401765,
        5.1841449955282695,
        5.062770255624431,
        4.9330670316469725,
        4.7840912483598546,
        4.644094602702415,
        4.517866399734532,
        4.499291920770793,
        4.489109895545054,
        4.473385685110745,
        4.456053285838262,
        4.434886165949852,
        4.417952562576016,
        4.409957050188491,
        4.411479734394648,
        4.402517841286855,
        4.402253107393169,
        4.404304480443806,
        4.406182208017672
    ],
    "train_acc": 0.005136986301369863,
    "valid_loss": [
        5.3479198778056665,
        5.243944843065793,
        5.12052164992241,
        4.987875387548856,
        4.838062118721879,
        4.65738716952877,
        4.479843762367284,
        4.496653167080117,
        4.464080673374542,
        4.447399226497842,
        4.435537762837868,
        4.409234771989796,
        4.395866396220307,
        4.35861001384857,
        4.354193751670454,
        4.342006363280832,
        4.366814214889318,
        4.35455608259053,
        4.360393413125652,
        4.359668630443207
    ],
    "valid_acc": 0.0136986301369863,
    "best_acc": 0.3264840182648402,
    "time_elapsed(min)": 8.0,
    "time_elapsed(s)": 14.732327222824097,
    "model_name": "DenseNet",
    "model_name_sub": "densenet161"
}