{
    "cross_number": 1,
    "num_epochs": 20,
    "lr": 0.001,
    "batch_size": 8,
    "train_loss": [
        5.131590403378282,
        3.691360265696974,
        2.537975271542867,
        1.7662410327832994,
        1.2148152679613191,
        0.8659751978639054,
        0.6140285631701282,
        0.4129354525102328,
        0.38948204011133275,
        0.36614060769342394,
        0.3622685674935171,
        0.34186931076931626,
        0.33046115934848785,
        0.31980181277886915,
        0.29552838219899563,
        0.3142658164512077,
        0.30001799891528474,
        0.29855859973659254,
        0.2995656543670724,
        0.3036597996746024
    ],
    "train_acc": 0.04223744292237443,
    "valid_loss": [
        3.839145174853878,
        2.4682214064140844,
        1.6888414626796495,
        1.2512247284797773,
        1.0212474598732169,
        0.8533705293315731,
        0.7657558275684374,
        0.7133482381633428,
        0.6796698015030116,
        0.6657748842892581,
        0.6634566391984077,
        0.6596785100627708,
        0.6441661505258247,
        0.6592967217643512,
        0.6545790091633252,
        0.645239664403271,
        0.6634322921979373,
        0.6378688345488892,
        0.6404520573953515,
        0.6556632011176244
    ],
    "valid_acc": 0.2465753424657534,
    "best_acc": 0.8310502283105022,
    "time_elapsed(min)": 11.0,
    "time_elapsed(s)": 38.01488399505615,
    "model_name": "DenseNet",
    "model_name_sub": "densenet161"
}