{
    "cross_number": 1,
    "num_epochs": 20,
    "lr": 0.0001,
    "batch_size": 10,
    "train_loss": [
        5.290078197440056,
        4.479829307288339,
        3.4890461561342354,
        2.5916792434644482,
        1.877025335346727,
        1.3267118888630716,
        0.9116136872945311,
        0.6313234447548378,
        0.571941853011852,
        0.5608745002311114,
        0.5298869941876904,
        0.5231451438272108,
        0.49112681489965143,
        0.4754910471606745,
        0.46301902213121116,
        0.46075150472660586,
        0.4555443375452196,
        0.43521120028408694,
        0.4580864407734512,
        0.44610770914244324
    ],
    "train_acc": 0.02226027397260274,
    "valid_loss": [
        4.821321835800937,
        3.7691687514248504,
        2.6894830840907686,
        2.0226484232297226,
        1.4660429576216223,
        1.1992427808781192,
        0.9954754440751794,
        0.9671503606180077,
        0.9381830779384804,
        0.9337216136662383,
        0.9143227419080255,
        0.896029742477147,
        0.9092547385932104,
        0.8839093701208018,
        0.8775797207333725,
        0.8771444492416295,
        0.8716146352628594,
        0.8842609084496215,
        0.869971025479983,
        0.8880760429520586
    ],
    "valid_acc": 0.0821917808219178,
    "best_acc": 0.776255707762557,
    "time_elapsed(min)": 11.0,
    "time_elapsed(s)": 38.9968957901001,
    "model_name": "ResNet",
    "model_name_sub": "resnext101_32x8d_wsl"
}