{
    "cross_number": 1,
    "num_epochs": 20,
    "lr": 0.0005,
    "batch_size": 16,
    "train_loss": [
        4.917517611969552,
        2.763940875388716,
        1.3555598601903,
        0.6538664731260848,
        0.36942585173262854,
        0.20088291311100737,
        0.11301499884150344,
        0.08053391362161941,
        0.061423978525890065,
        0.05732632317839692,
        0.05181662804663998,
        0.046096152332547595,
        0.04699313075847277,
        0.04447010264106809,
        0.04397671931682656,
        0.04339970583648987,
        0.04250092719379625,
        0.04273455523668903,
        0.04238341740209218,
        0.0449912067094486
    ],
    "train_acc": 0.07648401826484018,
    "valid_loss": [
        3.430513234987651,
        1.7507977496543432,
        1.1703341088882864,
        0.9958298933016111,
        0.7988529512871346,
        0.7455854418615228,
        0.7759995629253997,
        0.6898363330592848,
        0.6708913124315271,
        0.6479218489571249,
        0.6576527006005588,
        0.65080397810838,
        0.6487690794821743,
        0.6393115063236184,
        0.6399552454687145,
        0.6574374731272867,
        0.6330286293677544,
        0.638249375436404,
        0.6340384023374619,
        0.639056228305379
    ],
    "valid_acc": 0.3059360730593607,
    "best_acc": 0.8287671232876712,
    "time_elapsed(min)": 11.0,
    "time_elapsed(s)": 18.020113945007324,
    "model_name": "ResNet",
    "model_name_sub": "resnext101_32x8d_wsl"
}