{
    "cross_number": 1,
    "num_epochs": 20,
    "lr": 0.001,
    "batch_size": 5,
    "train_loss": [
        5.021483040563592,
        3.4288171243994205,
        2.1908128304432517,
        1.4385184979227852,
        0.9460071071421039,
        0.6950499215482236,
        0.35705273670780147,
        0.19447467996968493,
        0.09653555527148709,
        0.0753528542876973,
        0.06680752896543243,
        0.05059376331104697,
        0.046245774906447594,
        0.039026682424642356,
        0.03792166408389534,
        0.04598370416527912,
        0.038214451978652905,
        0.04220107940626841,
        0.04253463701068075,
        0.040749227528441186
    ],
    "train_acc": 0.03538812785388128,
    "valid_loss": [
        4.590008250110226,
        3.3611328514743612,
        2.9844419056694256,
        2.9619469563710634,
        2.051630012680921,
        2.0905931448270505,
        1.7299364392967793,
        1.0561360268241362,
        1.0389964814609094,
        0.9950596760107512,
        1.0125168350517026,
        0.9676941676105792,
        1.0112599145705565,
        1.0355343586610675,
        1.0110946204714646,
        0.9826365975804532,
        0.9858593596677965,
        0.9424580433219136,
        0.9993279715401937,
        0.9939875100126093
    ],
    "valid_acc": 0.11187214611872145,
    "best_acc": 0.773972602739726,
    "time_elapsed(min)": 26.0,
    "time_elapsed(s)": 54.94125938415527,
    "model_name": "ResNet",
    "model_name_sub": "resnext101_32x16d_wsl"
}