{
    "cross_number": 1,
    "num_epochs": 20,
    "lr": 0.001,
    "batch_size": 10,
    "train_loss": [
        4.5886220074679755,
        2.666959829798572,
        1.4494328019825835,
        0.7393039972882837,
        0.47605166244894676,
        0.27917387126838644,
        0.16998395569979735,
        0.09321377861322028,
        0.051964494862198216,
        0.04178577611758692,
        0.04006994701390363,
        0.033769572616690884,
        0.03277719248252066,
        0.02741494412229877,
        0.0274731223556515,
        0.025430798345058306,
        0.027304116869345307,
        0.026944258860546296,
        0.028035745124617532,
        0.02718499039361449
    ],
    "train_acc": 0.08047945205479451,
    "valid_loss": [
        3.7535497565247695,
        2.1596066314880162,
        1.4561217333355996,
        1.4733422757147654,
        1.1904658249251918,
        1.0022658628143677,
        0.888790848371509,
        0.7975978612023742,
        0.7272734976943463,
        0.7192730454209189,
        0.7123585901601606,
        0.7399386680731762,
        0.742774806552052,
        0.7289197405706666,
        0.7147141340864848,
        0.7468482108965312,
        0.7189547615848719,
        0.7345765789962251,
        0.7103727715149454,
        0.7002736105154094
    ],
    "valid_acc": 0.182648401826484,
    "best_acc": 0.8264840182648401,
    "time_elapsed(min)": 11.0,
    "time_elapsed(s)": 37.13034105300903,
    "model_name": "ResNet",
    "model_name_sub": "resnext101_32x8d_wsl"
}