{
    "cross_number": 1,
    "num_epochs": 20,
    "lr": 0.0005,
    "batch_size": 8,
    "train_loss": [
        4.75314123336583,
        2.694371128735477,
        1.4751570902458608,
        0.7873571819230302,
        0.4222552301404683,
        0.20552528874106604,
        0.13869922055297246,
        0.09132536247661804,
        0.06266713517900879,
        0.052574875258487655,
        0.049148547939411855,
        0.05160793582972598,
        0.04256433482201064,
        0.037497644308427155,
        0.037974336686369764,
        0.03213947749862524,
        0.03166237711846896,
        0.031926926842052915,
        0.04304683431515206,
        0.03143603847357848
    ],
    "train_acc": 0.06906392694063926,
    "valid_loss": [
        3.0927806510228546,
        2.045595698160668,
        1.6362546573490857,
        1.220306080702233,
        0.8771215725996314,
        0.8435892191243498,
        0.9582144735746732,
        0.7848614936005579,
        0.7317231524582595,
        0.6663781715106202,
        0.6702135085791655,
        0.6775840611567032,
        0.6575702647742343,
        0.6512402842059459,
        0.6587558560175438,
        0.6535539633794326,
        0.6684577286787773,
        0.6756276861173377,
        0.6593553064280449,
        0.6444028286118758
    ],
    "valid_acc": 0.2831050228310502,
    "best_acc": 0.819634703196347,
    "time_elapsed(min)": 13.0,
    "time_elapsed(s)": 6.389869928359985,
    "model_name": "ResNet",
    "model_name_sub": "resnext101_32x8d_wsl"
}