{
    "cross_number": 1,
    "num_epochs": 20,
    "lr": 0.0005,
    "batch_size": 10,
    "train_loss": [
        4.601203850687367,
        2.2982902192089654,
        0.9747585777074235,
        0.3652523975887391,
        0.1374124828641001,
        0.07361904838330806,
        0.04992667502791676,
        0.02984919838743395,
        0.026377495486697513,
        0.025801744660762346,
        0.026093871982291884,
        0.02342017363867463,
        0.020963347425522732,
        0.021545152590805708,
        0.021293770690920623,
        0.02145689144649768,
        0.021047153673347373,
        0.02206413912295564,
        0.021667658553892518,
        0.022828538906356517
    ],
    "train_acc": 0.09646118721461186,
    "valid_loss": [
        2.7183679913821286,
        1.7672265830649634,
        1.1043983709118137,
        0.8911629992635011,
        0.7898288814512562,
        0.7844688194680568,
        0.7455559561632947,
        0.7366298909328844,
        0.7452023413933847,
        0.7355559504161414,
        0.7454223637320271,
        0.7409788478999377,
        0.7524521748565104,
        0.7381891448339916,
        0.7619847160121894,
        0.7440944980983049,
        0.7140024585317667,
        0.7564112760772989,
        0.7628243858819683,
        0.738879231514928
    ],
    "valid_acc": 0.3698630136986301,
    "best_acc": 0.8059360730593607,
    "time_elapsed(min)": 12.0,
    "time_elapsed(s)": 6.477655649185181,
    "model_name": "ResNet",
    "model_name_sub": "pnasnet5large"
}