{
    "cross_number": 1,
    "num_epochs": 20,
    "lr": 0.001,
    "batch_size": 4,
    "train_loss": [
        5.0989518655489565,
        3.7283165805960357,
        2.627580259896849,
        1.8579813818272934,
        1.225197562939364,
        0.8930931704790761,
        0.620957877478439,
        0.2962181775067342,
        0.1377165126146485,
        0.11383782086796106,
        0.08435913618998475,
        0.07396954788505333,
        0.06503427922449258,
        0.06257743987288819,
        0.059998501528620074,
        0.05839451444367177,
        0.05492677576425294,
        0.05884545825508989,
        0.0520681573671276,
        0.0489649390695472
    ],
    "train_acc": 0.028538812785388126,
    "valid_loss": [
        5.807595749423928,
        4.729729665468817,
        3.484272156676201,
        2.9670474749551787,
        3.34625140134007,
        2.4176722776535984,
        2.9477187519665535,
        1.698932247198629,
        1.7701737364375723,
        1.6772672264919057,
        1.619309130224086,
        1.718940059191272,
        1.622054045670807,
        1.5776275601594156,
        1.5204109826497507,
        1.5347665245155138,
        1.6847789901378925,
        1.5117048574572673,
        1.5001558001373272,
        1.6407136473489154
    ],
    "valid_acc": 0.091324200913242,
    "best_acc": 0.7465753424657534,
    "time_elapsed(min)": 28.0,
    "time_elapsed(s)": 22.5792715549469,
    "model_name": "ResNet",
    "model_name_sub": "resnext101_32x16d_wsl"
}