{
    "cross_number": 1,
    "num_epochs": 20,
    "lr": 0.0005,
    "batch_size": 14,
    "train_loss": [
        4.896012238988049,
        2.7843445523144448,
        1.405493902221118,
        0.6960699490896644,
        0.3867571001795873,
        0.24065768197348944,
        0.13216053016194607,
        0.07968523816660592,
        0.057768871710044606,
        0.052369880336910896,
        0.05204611256523015,
        0.04685777746200494,
        0.05252567259594798,
        0.04445797155959932,
        0.03912114426940169,
        0.039626771313049,
        0.04063685054435782,
        0.044975365270737165,
        0.03926494725571614,
        0.04297308094871813
    ],
    "train_acc": 0.06678082191780821,
    "valid_loss": [
        3.332370623061646,
        1.8811202283319273,
        1.2160808939367669,
        0.9199173359293916,
        0.8506851883511565,
        0.7919569405042417,
        0.7261196047611976,
        0.6592954619698328,
        0.6353500072916621,
        0.6483920661553945,
        0.6108352396314003,
        0.6249584390114159,
        0.6045530164554783,
        0.6029618978840575,
        0.6176026183176259,
        0.5932534443869438,
        0.6112701805759239,
        0.623297425301652,
        0.619187332315532,
        0.6162473913877522
    ],
    "valid_acc": 0.2557077625570776,
    "best_acc": 0.8424657534246575,
    "time_elapsed(min)": 11.0,
    "time_elapsed(s)": 31.47643208503723,
    "model_name": "ResNet",
    "model_name_sub": "resnext101_32x8d_wsl"
}