{
    "cross_number": 1,
    "num_epochs": 20,
    "lr": 0.0001,
    "batch_size": 14,
    "train_loss": [
        5.358849391001001,
        4.761479873635453,
        3.919280715184669,
        3.063140650590261,
        2.361987960801277,
        1.7586378769515312,
        1.3075265662583042,
        0.9742838387211709,
        0.920966492804218,
        0.8788378396194819,
        0.8432170637122028,
        0.8169080620486987,
        0.8093516976321669,
        0.7693603901218061,
        0.7291691803360638,
        0.734155702536509,
        0.7137866556372272,
        0.7256607512633005,
        0.7318552334422934,
        0.7312779285728115
    ],
    "train_acc": 0.017123287671232876,
    "valid_loss": [
        5.0704325932890315,
        4.283603743331073,
        3.3023878961937614,
        2.500073812867953,
        1.9517915167220652,
        1.5222844021505417,
        1.2627282216124338,
        1.191381950628812,
        1.1585898331311195,
        1.1096147780549037,
        1.1008915032970306,
        1.0796336569742524,
        1.0514137675500896,
        1.0541799313401523,
        1.047629020121544,
        1.0782159588652658,
        1.0672264398505154,
        1.0580747116646265,
        1.021017957495772,
        1.0500215885301702
    ],
    "valid_acc": 0.0639269406392694,
    "best_acc": 0.7694063926940639,
    "time_elapsed(min)": 11.0,
    "time_elapsed(s)": 2.9703972339630127,
    "model_name": "ResNet",
    "model_name_sub": "resnext101_32x8d_wsl"
}