{
    "cross_number": 1,
    "num_epochs": 20,
    "lr": 0.001,
    "batch_size": 8,
    "train_loss": [
        4.653108753570138,
        2.823045263007351,
        1.6702837562996502,
        0.9405913942208574,
        0.5875624561826932,
        0.3985896549404484,
        0.22137432764007892,
        0.11300851069135617,
        0.06390950617010463,
        0.052362088449979756,
        0.04141086499742551,
        0.047728985860586576,
        0.03317948574833912,
        0.03404943654143579,
        0.026066417201979247,
        0.02914619133020985,
        0.032758068431543025,
        0.02640677927397872,
        0.030603293885506654,
        0.030091712512841373
    ],
    "train_acc": 0.0656392694063927,
    "valid_loss": [
        3.916160580230086,
        2.3917545586416167,
        1.6985435496726538,
        1.5709092023710138,
        1.267831612531453,
        1.4103147037769561,
        1.1397529878572785,
        0.8691743505463753,
        0.824779618161488,
        0.8209861188650676,
        0.8066059878759392,
        0.7593052968314794,
        0.7692887390874428,
        0.7921025142600956,
        0.7696488512399262,
        0.7655889546694277,
        0.7441482255958258,
        0.7641560996129905,
        0.7743135466012832,
        0.7857318008913909
    ],
    "valid_acc": 0.182648401826484,
    "best_acc": 0.817351598173516,
    "time_elapsed(min)": 12.0,
    "time_elapsed(s)": 18.864367723464966,
    "model_name": "ResNet",
    "model_name_sub": "resnext101_32x8d_wsl"
}