{
    "cross_number": 1,
    "num_epochs": 20,
    "lr": 0.0001,
    "batch_size": 6,
    "train_loss": [
        5.2340312036749435,
        4.248679595450833,
        3.109703031304764,
        2.1593913337955737,
        1.4683624677462122,
        0.9638461550212887,
        0.6446871933565564,
        0.41729053395659954,
        0.35205549685514137,
        0.3270668003401936,
        0.3170664556171388,
        0.2963431798534034,
        0.28513893604993,
        0.2725591911385729,
        0.2549869463817306,
        0.2539172515222063,
        0.24885510109773237,
        0.2658122366753547,
        0.24331253608816292,
        0.24787368867801476
    ],
    "train_acc": 0.026255707762557076,
    "valid_loss": [
        4.534039536567583,
        3.1535195095898354,
        2.088724005712222,
        1.474350974984365,
        1.1630603979303413,
        1.0068519670669347,
        0.9523685771002345,
        0.8802934040966099,
        0.8452479456079333,
        0.8560956633356336,
        0.8248548506669802,
        0.8256542575992134,
        0.8185374594663513,
        0.8347473555844124,
        0.8068670080719541,
        0.8061908224265869,
        0.8274376106588808,
        0.805465189153201,
        0.811102379827875,
        0.8123210465458974
    ],
    "valid_acc": 0.1689497716894977,
    "best_acc": 0.7785388127853881,
    "time_elapsed(min)": 13.0,
    "time_elapsed(s)": 33.38059210777283,
    "model_name": "ResNet",
    "model_name_sub": "resnext101_32x8d_wsl"
}