{
    "cross_number": 1,
    "num_epochs": 20,
    "lr": 0.0005,
    "batch_size": 8,
    "train_loss": [
        4.658441318224554,
        2.5058531777499473,
        1.172760108154114,
        0.4803135530453294,
        0.18706424104806768,
        0.06843072510235114,
        0.03559814582336439,
        0.02568239614061297,
        0.02448897026947032,
        0.02082240009323171,
        0.02224682974862998,
        0.02614385277015842,
        0.01995712171466043,
        0.018137461146484363,
        0.018735929862192097,
        0.019546373781310095,
        0.01942745430956352,
        0.020558362156918197,
        0.0185204963412425,
        0.017286584457408074
    ],
    "train_acc": 0.06963470319634703,
    "valid_loss": [
        2.9944899626518495,
        1.713610312165735,
        1.2890180077182647,
        1.019612432342686,
        0.9244459900137496,
        0.931332944615927,
        0.805453489224116,
        0.7901392540464934,
        0.8244095731815791,
        0.8207224092050774,
        0.8094648617791803,
        0.8120884595685489,
        0.8123291616060145,
        0.842396543654677,
        0.805409489122972,
        0.8134901301858768,
        0.8171086133240837,
        0.8247359539275845,
        0.8051271385696108,
        0.7922295576905551
    ],
    "valid_acc": 0.319634703196347,
    "best_acc": 0.7899543378995433,
    "time_elapsed(min)": 13.0,
    "time_elapsed(s)": 1.1449007987976074,
    "model_name": "ResNet",
    "model_name_sub": "pnasnet5large"
}