{
    "cross_number": 1,
    "num_epochs": 20,
    "lr": 0.0001,
    "batch_size": 8,
    "train_loss": [
        5.287760087888535,
        4.430802761147556,
        3.4280966351565705,
        2.4788656289174678,
        1.737941161138282,
        1.1825205351664052,
        0.7943012540198896,
        0.5494938819375756,
        0.5013909189532336,
        0.4696895830571379,
        0.4404928441325279,
        0.4264254639409993,
        0.3910799208160949,
        0.3926705667009092,
        0.3724791313687416,
        0.3549919305326732,
        0.37242479812881174,
        0.36904819690745716,
        0.37013789841301364,
        0.37697343637137654
    ],
    "train_acc": 0.026255707762557076,
    "valid_loss": [
        4.772906566863735,
        3.573359633145267,
        2.4949766620653406,
        1.7116298637433685,
        1.339475267009648,
        1.0757861287082167,
        0.9449898276699188,
        0.8747710936009612,
        0.879094599588821,
        0.8602754425376518,
        0.8093014495557846,
        0.8539084426752509,
        0.8026652481049708,
        0.8289131952203028,
        0.8230062138000035,
        0.8053003271965131,
        0.809233273409273,
        0.8147978622075085,
        0.816624724021241,
        0.7996398100297745
    ],
    "valid_acc": 0.1187214611872146,
    "best_acc": 0.7831050228310502,
    "time_elapsed(min)": 12.0,
    "time_elapsed(s)": 22.167994022369385,
    "model_name": "ResNet",
    "model_name_sub": "resnext101_32x8d_wsl"
}