{
    "cross_number": 1,
    "num_epochs": 20,
    "lr": 0.001,
    "batch_size": 6,
    "train_loss": [
        4.877194879806205,
        3.1434227028121686,
        2.038832324824921,
        1.3471001979627022,
        0.8477146958243357,
        0.5342011063117279,
        0.4314479416567985,
        0.17997622730733495,
        0.10416169204806577,
        0.07364467795530003,
        0.06696160498540848,
        0.0610826780608128,
        0.05052023678412023,
        0.04654331196160119,
        0.047884244057955855,
        0.04879663861994568,
        0.039711229322950216,
        0.04514782299600184,
        0.04494939627259817,
        0.046697700140225916
    ],
    "train_acc": 0.05650684931506849,
    "valid_loss": [
        3.9548986905241668,
        3.1847494546681236,
        2.307803369548223,
        2.2335531795269823,
        2.133556094990201,
        1.7284757314785704,
        1.7955839507383844,
        1.2489362185364845,
        1.141914525592368,
        1.1276013230769784,
        1.076511053228113,
        1.0353091687142646,
        1.008665093785903,
        1.0200806655635983,
        1.0620398586424553,
        1.0077037409582648,
        1.0335450069911056,
        1.028580977102225,
        0.987180871493502,
        1.0678501028444658
    ],
    "valid_acc": 0.1689497716894977,
    "best_acc": 0.7876712328767123,
    "time_elapsed(min)": 13.0,
    "time_elapsed(s)": 36.82321906089783,
    "model_name": "ResNet",
    "model_name_sub": "resnext101_32x8d_wsl"
}