{
    "cross_number": 1,
    "num_epochs": 20,
    "lr": 0.0005,
    "batch_size": 12,
    "train_loss": [
        4.688315192314043,
        2.307082392581522,
        0.8981299352360098,
        0.2958306806442672,
        0.11081631065741794,
        0.06674381147126017,
        0.046788957339953884,
        0.029947791548369275,
        0.027473302679263973,
        0.023744701981952745,
        0.025649817118242588,
        0.027507428379652844,
        0.020734191674432936,
        0.020871160016076206,
        0.0202761566878794,
        0.02258714882988636,
        0.02030702947626171,
        0.021536635646392424,
        0.021594725026149456,
        0.02189749025114595
    ],
    "train_acc": 0.09246575342465753,
    "valid_loss": [
        3.0039847680967147,
        1.6171325722785845,
        1.1962455886684051,
        0.9193251390163213,
        0.8153565011612357,
        0.8199095940344954,
        0.865485040700599,
        0.8342921203129912,
        0.8400928404641478,
        0.8033479242904545,
        0.8289059397496589,
        0.7903468218976504,
        0.7967715743061614,
        0.7861368858753002,
        0.8019659369163317,
        0.8123648844353141,
        0.8051170898626928,
        0.8346123080955793,
        0.7943275017689352,
        0.7906980445123699
    ],
    "valid_acc": 0.3082191780821918,
    "best_acc": 0.7876712328767123,
    "time_elapsed(min)": 11.0,
    "time_elapsed(s)": 48.17643332481384,
    "model_name": "ResNet",
    "model_name_sub": "pnasnet5large"
}