{
    "cross_number": 1,
    "num_epochs": 20,
    "lr": 0.0005,
    "batch_size": 14,
    "train_loss": [
        4.812004214824607,
        2.495923641609819,
        0.9901854772137725,
        0.35393887697017357,
        0.14215273010761362,
        0.07791045060823565,
        0.05552622679297783,
        0.03487427522041346,
        0.03284443819419094,
        0.03420472321883014,
        0.03079113643935384,
        0.028999562940845207,
        0.028291279591458367,
        0.02482229406354294,
        0.027246743986025862,
        0.025937964024498515,
        0.02778723056972469,
        0.026344970445952392,
        0.025757399888403,
        0.02835856279311489
    ],
    "train_acc": 0.08447488584474885,
    "valid_loss": [
        3.126216410501907,
        1.638215943286408,
        1.1339480906861013,
        0.8729474566978951,
        0.8429381145189886,
        0.8395880799587458,
        0.7804695092924109,
        0.7603360321287695,
        0.7626692929632588,
        0.7656703295364772,
        0.7743178343391854,
        0.7706156966348762,
        0.7746879225384155,
        0.7641257462027955,
        0.7592618639610674,
        0.766114015659513,
        0.7672362760321735,
        0.7668913557240952,
        0.7688778652448088,
        0.7806365372927766
    ],
    "valid_acc": 0.29452054794520544,
    "best_acc": 0.8036529680365296,
    "time_elapsed(min)": 11.0,
    "time_elapsed(s)": 28.051848888397217,
    "model_name": "ResNet",
    "model_name_sub": "pnasnet5large"
}