{
    "cross_number": 1,
    "num_epochs": 20,
    "lr": 0.0005,
    "batch_size": 18,
    "train_loss": [
        4.964122958379249,
        2.818283173319412,
        1.3979458304708952,
        0.6905166723140298,
        0.356523054409517,
        0.2105803427937096,
        0.1370397349564384,
        0.0786274763219671,
        0.06240418784907215,
        0.05246929013591311,
        0.048690211442490555,
        0.0498867773782615,
        0.05032237369107873,
        0.04260734218006877,
        0.04771437216550112,
        0.04753860799366073,
        0.043442771955048795,
        0.04189344420901513,
        0.04227101403505427,
        0.04525424897900387
    ],
    "train_acc": 0.06164383561643835,
    "valid_loss": [
        3.418355700087874,
        1.8069087234261918,
        1.2407325097959336,
        0.9785159560915542,
        0.8651069202651717,
        0.7513617869109324,
        0.7433414810324368,
        0.6754726359288986,
        0.6645806167427808,
        0.6437228803765284,
        0.6365119778130153,
        0.6358988140135595,
        0.6136548333380321,
        0.6285199916934314,
        0.6200516370877828,
        0.6402277244280462,
        0.6105062530873573,
        0.6263409052809624,
        0.6211079310064447,
        0.6180692249781465
    ],
    "valid_acc": 0.30365296803652964,
    "best_acc": 0.8287671232876712,
    "time_elapsed(min)": 11.0,
    "time_elapsed(s)": 37.95395755767822,
    "model_name": "ResNet",
    "model_name_sub": "resnext101_32x8d_wsl"
}