{
    "cross_number": 1,
    "num_epochs": 20,
    "lr": 0.0005,
    "batch_size": 6,
    "train_loss": [
        4.707091441709701,
        2.687783857322719,
        1.3382698794546193,
        0.5902830220707883,
        0.24156192380118452,
        0.11490938089124553,
        0.05737001546148262,
        0.0353079859441631,
        0.02965454653077695,
        0.030106793548465287,
        0.026103556309252568,
        0.023298856019272073,
        0.023085658610734628,
        0.0193798368324666,
        0.020190420987926526,
        0.02068166682745445,
        0.021227695612389953,
        0.02106385370748347,
        0.017244392373656523,
        0.019880578078150954
    ],
    "train_acc": 0.059931506849315065,
    "valid_loss": [
        3.2199085820211124,
        2.2038650884203714,
        1.661695938098104,
        1.1609584080846342,
        1.0566462901204008,
        0.9645199715606358,
        0.941861064109492,
        0.940588276093341,
        0.9093400785980159,
        0.8955140462853269,
        0.8895047197623931,
        0.9381141162410455,
        0.9164850480060336,
        0.9178512981273106,
        0.8970697607369839,
        0.8869843570585682,
        0.9309432979255328,
        0.8964311971507762,
        0.940063157236867,
        0.881514749315899
    ],
    "valid_acc": 0.22146118721461186,
    "best_acc": 0.7990867579908676,
    "time_elapsed(min)": 14.0,
    "time_elapsed(s)": 43.04721689224243,
    "model_name": "ResNet",
    "model_name_sub": "pnasnet5large"
}