{
    "cross_number": 1,
    "num_epochs": 20,
    "lr": 0.0001,
    "batch_size": 12,
    "train_loss": [
        5.332413954277561,
        4.67458909831635,
        3.7774648160150606,
        2.933261115257054,
        2.19947933824095,
        1.5838344603368681,
        1.133562734274015,
        0.8240745257433146,
        0.7694656734597193,
        0.7208789617639698,
        0.7021360699444601,
        0.6721075287420456,
        0.646607221397635,
        0.639377993059485,
        0.5970316570099086,
        0.5782389263175938,
        0.5900929692673357,
        0.6014157827586344,
        0.5963155696653339,
        0.5765842299347055
    ],
    "train_acc": 0.01769406392694064,
    "valid_loss": [
        5.043360546843647,
        4.030163536333058,
        3.092384828280096,
        2.3490976625925875,
        1.8064675576066318,
        1.4124697495813239,
        1.1904512660144126,
        1.1485051349417803,
        1.0999780509569874,
        1.0938808697543732,
        1.0648112427698422,
        1.056958356132246,
        1.0358347113001836,
        1.0384294578473863,
        1.0323324391286668,
        1.0268939611029952,
        1.0349617608605999,
        1.0422966627225483,
        1.0043443914962142,
        1.0314461107123387
    ],
    "valid_acc": 0.0821917808219178,
    "best_acc": 0.7579908675799086,
    "time_elapsed(min)": 11.0,
    "time_elapsed(s)": 17.828410863876343,
    "model_name": "ResNet",
    "model_name_sub": "resnext101_32x8d_wsl"
}