{
    "cross_number": 1,
    "num_epochs": 20,
    "lr": 0.001,
    "batch_size": 14,
    "train_loss": [
        4.488502097456423,
        2.298837281185198,
        1.1618048305448876,
        0.6098350031497,
        0.3642849142165625,
        0.20450729872929316,
        0.13884387652232358,
        0.06664011526648721,
        0.0435858501129907,
        0.03627212917629936,
        0.03944690273936464,
        0.03335062122040484,
        0.02774703953219535,
        0.03166394076814033,
        0.02306814209428365,
        0.023212115171356934,
        0.024985200086540486,
        0.02212877668117143,
        0.022278173511409833,
        0.025912526072126272
    ],
    "train_acc": 0.10730593607305935,
    "valid_loss": [
        3.3197423170690668,
        2.1201259648963195,
        1.3272510033492084,
        1.037739640569578,
        1.0234922576848775,
        0.8942130903062755,
        0.7741720100107803,
        0.7001689100918704,
        0.6772565546033045,
        0.6707681044595971,
        0.6974714909038043,
        0.6386192710942602,
        0.6392178916665789,
        0.6389342565004412,
        0.6548995856348783,
        0.6549817054409143,
        0.6529995470422588,
        0.6417343381698749,
        0.6468044162204821,
        0.6652570039238015
    ],
    "valid_acc": 0.2420091324200913,
    "best_acc": 0.8287671232876712,
    "time_elapsed(min)": 11.0,
    "time_elapsed(s)": 18.837825536727905,
    "model_name": "ResNet",
    "model_name_sub": "resnext101_32x8d_wsl"
}