{
    "cross_number": 1,
    "num_epochs": 20,
    "lr": 0.001,
    "batch_size": 12,
    "train_loss": [
        4.5128210619704365,
        2.310556815911646,
        1.1873645604881522,
        0.6284940237664196,
        0.3690225131911774,
        0.22056850107157067,
        0.11532308966278622,
        0.07811870146542788,
        0.04637559962918191,
        0.033528778759430944,
        0.03261891420458584,
        0.024172818109597247,
        0.02816417071751434,
        0.024361439875314292,
        0.022675130887862858,
        0.022805083000853862,
        0.024574934884472047,
        0.024355939445915083,
        0.02433626169549327,
        0.02423973206417916
    ],
    "train_acc": 0.11187214611872145,
    "valid_loss": [
        2.958348117462576,
        1.7361311047044519,
        1.5554136462407568,
        1.0616709747134823,
        0.9167094458251783,
        0.8445279159366268,
        1.0538782412058687,
        0.7710911422865848,
        0.7595610874003336,
        0.7427487468397985,
        0.7132579202521337,
        0.7113100047389121,
        0.7177971315152356,
        0.7079160159026362,
        0.714357962244994,
        0.7121200574791595,
        0.7007254195233731,
        0.7012959522743748,
        0.69037831299109,
        0.6959043614413232
    ],
    "valid_acc": 0.3150684931506849,
    "best_acc": 0.8287671232876712,
    "time_elapsed(min)": 11.0,
    "time_elapsed(s)": 34.71632957458496,
    "model_name": "ResNet",
    "model_name_sub": "resnext101_32x8d_wsl"
}