{
    "cross_number": 1,
    "num_epochs": 20,
    "lr": 0.0005,
    "batch_size": 10,
    "train_loss": [
        4.6999698414650135,
        2.488004392957034,
        1.2644681642384834,
        0.6521976873040471,
        0.36889690301938144,
        0.2049570884513052,
        0.1443136468929447,
        0.07702606583766844,
        0.060872338840857014,
        0.0459601069422073,
        0.04458202491833331,
        0.04247971442868278,
        0.040489174949736695,
        0.04272729668502598,
        0.03557206461414457,
        0.038308028096639336,
        0.036813869886312925,
        0.04380244728535006,
        0.0411729443909762,
        0.03249217341781581
    ],
    "train_acc": 0.091324200913242,
    "valid_loss": [
        2.7558428032757485,
        1.724649926570997,
        1.166171675607494,
        1.152639248531703,
        0.8658073870082424,
        0.7887414031104955,
        0.7578218584055225,
        0.6329379135351543,
        0.6429805018126828,
        0.638816386912035,
        0.6210523660392522,
        0.6415607700439077,
        0.6056438406427566,
        0.6066043849473131,
        0.5985081758792405,
        0.6217828763300153,
        0.6248194902931175,
        0.6186722114673693,
        0.6013650097097504,
        0.6000722746415804
    ],
    "valid_acc": 0.3287671232876712,
    "best_acc": 0.8310502283105022,
    "time_elapsed(min)": 12.0,
    "time_elapsed(s)": 11.047126054763794,
    "model_name": "ResNet",
    "model_name_sub": "resnext101_32x8d_wsl"
}