{
    "cross_number": 1,
    "num_epochs": 20,
    "lr": 0.0005,
    "batch_size": 6,
    "train_loss": [
        4.729706382098263,
        2.8337980467979222,
        1.5946522621463424,
        0.9067159538501746,
        0.5339345670726201,
        0.2999700338592472,
        0.19741165312644962,
        0.10490796024821801,
        0.05875661463336381,
        0.049997203329527014,
        0.05693638366041067,
        0.036816030930510835,
        0.04668886149429703,
        0.048002750813731385,
        0.035292594258239725,
        0.04136596983681395,
        0.03963550753342881,
        0.03655448566471571,
        0.03742972972534903,
        0.03704820971215169
    ],
    "train_acc": 0.06735159817351598,
    "valid_loss": [
        3.318551161517836,
        2.2951767954924334,
        1.5720226813669074,
        1.446221680469709,
        1.1048146439333484,
        1.1378910494075245,
        1.0143944451502487,
        0.8515749201652983,
        0.8203949127322356,
        0.8124850953702675,
        0.8243742945009191,
        0.7784347461539716,
        0.7915764625562189,
        0.8087260725697477,
        0.8228669483051156,
        0.7868191190717793,
        0.7935271412182012,
        0.853521541121403,
        0.8354463412327539,
        0.8203890295479963
    ],
    "valid_acc": 0.21689497716894976,
    "best_acc": 0.8127853881278538,
    "time_elapsed(min)": 14.0,
    "time_elapsed(s)": 48.76872634887695,
    "model_name": "ResNet",
    "model_name_sub": "resnext101_32x8d_wsl"
}