{
    "cross_number": 1,
    "num_epochs": 20,
    "lr": 0.0005,
    "batch_size": 12,
    "train_loss": [
        4.851006119218591,
        2.7555878537974947,
        1.4405492981002754,
        0.7178423618004747,
        0.39244124681165776,
        0.20990673633777115,
        0.1193026432716479,
        0.07510678709344301,
        0.05638329183351096,
        0.04112087835698095,
        0.042280346365671045,
        0.038299630574677904,
        0.03840540627604478,
        0.03975495000127448,
        0.03740224069979501,
        0.03616373767208767,
        0.03756821197648979,
        0.035632230730548706,
        0.03742412306776602,
        0.03522278587907961
    ],
    "train_acc": 0.06906392694063926,
    "valid_loss": [
        3.3295288183917737,
        1.8477028624652183,
        1.3289073019811553,
        1.0116381347179413,
        0.8921836312503031,
        0.8793477640576559,
        0.7813753020273496,
        0.6796472784999299,
        0.668561363669291,
        0.6521278901714577,
        0.6558422463601583,
        0.6481482583825311,
        0.6426626624003665,
        0.6655327413384229,
        0.6519429509668317,
        0.6505291870195572,
        0.6479776024001919,
        0.6451115226500654,
        0.6540722107029942,
        0.6628753332140511
    ],
    "valid_acc": 0.2808219178082192,
    "best_acc": 0.819634703196347,
    "time_elapsed(min)": 11.0,
    "time_elapsed(s)": 52.01876187324524,
    "model_name": "ResNet",
    "model_name_sub": "resnext101_32x8d_wsl"
}