{
    "cross_number": 1,
    "num_epochs": 20,
    "lr": 0.0005,
    "batch_size": 14,
    "train_loss": [
        5.3523222643490795,
        4.95394177741656,
        4.296031448666908,
        3.4008804684904614,
        2.534298262231426,
        1.8583135378959517,
        1.3720540629538227,
        0.9908269113737699,
        0.9737656490715672,
        0.950781855340962,
        0.9117571504352844,
        0.850724550993203,
        0.8517249712729018,
        0.7979890387080032,
        0.7839368112623419,
        0.7782237441300257,
        0.7686808588638153,
        0.7556097424805981,
        0.7772153277103215,
        0.7795702307463781
    ],
    "train_acc": 0.015410958904109588,
    "valid_loss": [
        5.182928052667069,
        4.683598531435614,
        3.775451206181147,
        2.7697780518771307,
        2.0869888078132175,
        1.5939683171167767,
        1.3166028220359594,
        1.2869734543643585,
        1.2616322946875063,
        1.2234672985664785,
        1.1877126767210764,
        1.1713584696865518,
        1.1379870198088693,
        1.1369828562758284,
        1.1399711918885305,
        1.1537641145322965,
        1.1304631827900944,
        1.1512240367392972,
        1.1341213867000248,
        1.1555039942536725
    ],
    "valid_acc": 0.0639269406392694,
    "best_acc": 0.7420091324200913,
    "time_elapsed(min)": 6.0,
    "time_elapsed(s)": 11.296782493591309,
    "model_name": "SENet",
    "model_name_sub": "se_resnet101"
}