{
    "cross_number": 1,
    "num_epochs": 20,
    "lr": 0.0005,
    "batch_size": 10,
    "train_loss": [
        5.3136823792435806,
        4.7814665907594165,
        3.859739017541006,
        2.8326242299384723,
        2.04976943040003,
        1.4222995260534765,
        1.0445045137854472,
        0.731736132101109,
        0.6853765962330718,
        0.6537360732175715,
        0.6482736653388907,
        0.6099555159336356,
        0.5762733805533413,
        0.5448506910132763,
        0.5389843050849764,
        0.5447647882514892,
        0.5173043056335895,
        0.5350892890465858,
        0.5250281584725532,
        0.5318454005606642
    ],
    "train_acc": 0.019406392694063926,
    "valid_loss": [
        5.065395962702085,
        4.255092804834723,
        3.0930418619826505,
        2.1950075147358796,
        1.601007167879305,
        1.3226241972892796,
        1.1514077505020246,
        1.1273887377895722,
        1.077284240015021,
        1.0820971834196893,
        1.05061548281478,
        1.0437043094199543,
        1.056041217557916,
        1.0455431177463705,
        0.9965393081919788,
        1.039331512500162,
        1.0255297272717028,
        0.9898591784581746,
        1.027698455744138,
        1.0371956129868825
    ],
    "valid_acc": 0.12100456621004566,
    "best_acc": 0.7374429223744292,
    "time_elapsed(min)": 7.0,
    "time_elapsed(s)": 40.97780895233154,
    "model_name": "SENet",
    "model_name_sub": "se_resnet101"
}