{
    "cross_number": 1,
    "num_epochs": 20,
    "lr": 0.0005,
    "batch_size": 8,
    "train_loss": [
        5.309209671194695,
        4.691005526068004,
        3.626898765563965,
        2.579948231509831,
        1.819852941656766,
        1.3081917987294394,
        0.9046664593154436,
        0.641534852927134,
        0.5964097035666035,
        0.54785450340406,
        0.554555413997881,
        0.5464783216992469,
        0.49535360061414707,
        0.4578428135070627,
        0.4401422881916778,
        0.4631511820097492,
        0.4407292371743346,
        0.4343417904692698,
        0.430684553842022,
        0.4317999845498229
    ],
    "train_acc": 0.02226027397260274,
    "valid_loss": [
        5.03249716867595,
        4.030693632282623,
        2.6818240080794244,
        1.8914986587550542,
        1.4904689707168162,
        1.2084764491205346,
        1.0898466311633315,
        0.9552704310852643,
        0.9311791838031925,
        0.9263938643616628,
        0.9204665727266982,
        0.9015644927547403,
        0.9038954940560746,
        0.9057000821039557,
        0.8881004894296872,
        0.8703855650337864,
        0.8890064102873955,
        0.8913668440357191,
        0.9031539883923857,
        0.9116540706320985
    ],
    "valid_acc": 0.1324200913242009,
    "best_acc": 0.7625570776255708,
    "time_elapsed(min)": 7.0,
    "time_elapsed(s)": 27.10188627243042,
    "model_name": "SENet",
    "model_name_sub": "se_resnet101"
}