{
    "cross_number": 1,
    "num_epochs": 20,
    "lr": 0.0005,
    "batch_size": 12,
    "train_loss": [
        5.339527786594548,
        4.892702373739791,
        4.1141651705519795,
        3.1607649848885733,
        2.2840839330464195,
        1.6296688808153754,
        1.1991579842894045,
        0.876421816136739,
        0.8288703952750115,
        0.812409661404074,
        0.7669361090823396,
        0.7337389580190998,
        0.6890617664137931,
        0.6789940575214282,
        0.6283295899629593,
        0.6415769188371423,
        0.6434539713679928,
        0.6634350292486687,
        0.6344451332745487,
        0.6399899855868457
    ],
    "train_acc": 0.0091324200913242,
    "valid_loss": [
        5.139610649788216,
        4.4957314256119405,
        3.4407618633688313,
        2.4704210366288275,
        1.836014652905399,
        1.4686924496742144,
        1.2516311170303658,
        1.196979727647076,
        1.168980642540814,
        1.161111727152785,
        1.128645950800752,
        1.1231980225811267,
        1.1074139100231537,
        1.1164909213373106,
        1.081305641425799,
        1.095730765225136,
        1.099559682689301,
        1.0749501055234099,
        1.078098475933075,
        1.0848287335813862
    ],
    "valid_acc": 0.07990867579908675,
    "best_acc": 0.730593607305936,
    "time_elapsed(min)": 7.0,
    "time_elapsed(s)": 38.36247277259827,
    "model_name": "SENet",
    "model_name_sub": "se_resnet101"
}