{
    "cross_number": 1,
    "num_epochs": 20,
    "lr": 0.0005,
    "batch_size": 6,
    "train_loss": [
        5.284975319692533,
        4.4850897960466884,
        3.3075656347895324,
        2.2703829856768047,
        1.566757984561463,
        1.1019062779537618,
        0.7609633300708581,
        0.5407861888612786,
        0.4660218557572528,
        0.4217908447480773,
        0.41314480287877664,
        0.3772603803097385,
        0.3787624449150203,
        0.34236280556308896,
        0.33711909046013877,
        0.33946950282033994,
        0.34173788831964746,
        0.32825555774855286,
        0.3337237005670593,
        0.3268389438521372
    ],
    "train_acc": 0.028538812785388126,
    "valid_loss": [
        4.8182626881011545,
        3.500975876638334,
        2.289062953975103,
        1.6341790426267337,
        1.3069465997284406,
        1.2370007387171054,
        1.1092420328561574,
        0.9589727720985673,
        0.9631548961752081,
        0.9259780514730166,
        0.8902865346674234,
        0.9171271914590712,
        0.8974912542186372,
        0.9264011441232407,
        0.8920174367623787,
        0.9398635136958671,
        0.9656843786472327,
        0.8803743517460072,
        0.8910606920412959,
        0.9011480883529334
    ],
    "valid_acc": 0.1872146118721461,
    "best_acc": 0.7579908675799086,
    "time_elapsed(min)": 8.0,
    "time_elapsed(s)": 35.655099391937256,
    "model_name": "SENet",
    "model_name_sub": "se_resnet101"
}