{
    "cross_number": 1,
    "num_epochs": 20,
    "lr": 0.0005,
    "batch_size": 6,
    "train_loss": [
        5.32584966698738,
        4.744495939718534,
        3.75896078021559,
        2.7823634425254715,
        1.94394458585406,
        1.3857613219177887,
        1.005889887117768,
        0.7022471160002767,
        0.6598546369230911,
        0.607498198084227,
        0.5798427396237034,
        0.564528382549139,
        0.5228401016290873,
        0.5132562488776772,
        0.4929268291245585,
        0.5094311017900297,
        0.48499336124282993,
        0.5100048025432107,
        0.4788187509530211,
        0.4808125902630695
    ],
    "train_acc": 0.01997716894977169,
    "valid_loss": [
        5.00287208165208,
        3.8294315877026075,
        2.7044240089311993,
        1.8772271610286138,
        1.43783593830997,
        1.1697233188642215,
        1.0729500861608818,
        0.9674860411514975,
        0.9548154141600818,
        0.9425585336268765,
        0.918469052608699,
        0.9312573247780539,
        0.9192008556772585,
        0.888556689228097,
        0.9115499025338316,
        0.8659023568034172,
        0.9208267545965436,
        0.9068518401417014,
        0.8821499425764769,
        0.9081833075783025
    ],
    "valid_acc": 0.1461187214611872,
    "best_acc": 0.732876712328767,
    "time_elapsed(min)": 12.0,
    "time_elapsed(s)": 26.611929893493652,
    "model_name": "SENet",
    "model_name_sub": "se_resnext101_32x4d"
}