{
    "cross_number": 1,
    "num_epochs": 20,
    "lr": 0.001,
    "batch_size": 10,
    "train_loss": [
        5.201736283628908,
        3.8775533731669594,
        2.748982903075545,
        1.9272362236018594,
        1.3960103145609164,
        0.991807496847083,
        0.7248575489746926,
        0.5191712622024697,
        0.474013079995434,
        0.45454112669988855,
        0.4505375791256014,
        0.4312045203870562,
        0.41606137324890047,
        0.40474607771662274,
        0.38294089878122556,
        0.3839317451669201,
        0.37773651881441134,
        0.38214780199745474,
        0.38658123089162183,
        0.36553997662105514
    ],
    "train_acc": 0.032534246575342464,
    "valid_loss": [
        4.206112177948974,
        2.8065571180761677,
        1.9167771018259057,
        1.4447266176411007,
        1.1469480740969584,
        0.9700035610699762,
        0.8524903508762246,
        0.798843156053051,
        0.7906060341286333,
        0.7881740749426628,
        0.7751941186924504,
        0.7684577515000077,
        0.7642574398757116,
        0.751749171922196,
        0.7530961799431065,
        0.7565254716704425,
        0.7809470878344148,
        0.7467505614779312,
        0.7673581303118571,
        0.7430692439618176
    ],
    "valid_acc": 0.20319634703196346,
    "best_acc": 0.817351598173516,
    "time_elapsed(min)": 8.0,
    "time_elapsed(s)": 18.505383253097534,
    "model_name": "DenseNet",
    "model_name_sub": "densenet161"
}