{
    "cross_number": 1,
    "num_epochs": 20,
    "lr": 0.0001,
    "batch_size": 16,
    "train_loss": [
        5.423757585760665,
        5.339636545747383,
        5.24915227062626,
        5.157699780921414,
        5.063475478185366,
        4.96836487669923,
        4.856833629956529,
        4.781036838548913,
        4.7676826176578055,
        4.760655313866324,
        4.746270395305059,
        4.730232465212748,
        4.720202981609187,
        4.712099275632536,
        4.70931848107952,
        4.69966926966628,
        4.700773419854848,
        4.697187410642023,
        4.701284007939029,
        4.702458325042028
    ],
    "train_acc": 0.003995433789954338,
    "valid_loss": [
        5.369170974923051,
        5.294397425978151,
        5.217347776508767,
        5.136572587435649,
        5.04725230230044,
        4.942435571592148,
        4.844702968858693,
        4.829926917542061,
        4.819691124572057,
        4.8030795441370575,
        4.7900476521008635,
        4.781945576950839,
        4.765905817894087,
        4.769383661278851,
        4.766052901472675,
        4.764661399196816,
        4.749973895887262,
        4.758719466048289,
        4.752855834351283,
        4.7486883124260055
    ],
    "valid_acc": 0.01141552511415525,
    "best_acc": 0.2534246575342466,
    "time_elapsed(min)": 7.0,
    "time_elapsed(s)": 30.55161190032959,
    "model_name": "DenseNet",
    "model_name_sub": "densenet161"
}