{
    "cross_number": 1,
    "num_epochs": 20,
    "lr": 0.001,
    "batch_size": 12,
    "train_loss": [
        5.234468300048619,
        4.0293312807605695,
        2.9206954142818713,
        2.118486076185148,
        1.5530364207208973,
        1.1308289839796823,
        0.839235997975689,
        0.6119916792193504,
        0.5801073784289295,
        0.5534036367723386,
        0.5357612649055377,
        0.5161569741082518,
        0.4988666254363648,
        0.49223606502764844,
        0.4669988316624132,
        0.46807704651600696,
        0.47027514650397106,
        0.4677023193607592,
        0.4601467896814216,
        0.4715856106518066
    ],
    "train_acc": 0.025684931506849314,
    "valid_loss": [
        4.387784650880996,
        3.0196706399525683,
        2.1616062105518496,
        1.6586517242536152,
        1.3280671492014846,
        1.0927056588538706,
        0.957186125729182,
        0.9180003224986873,
        0.8972443603489497,
        0.89372173237474,
        0.8713476878322967,
        0.8594535213627227,
        0.8531369240316626,
        0.8490238255017424,
        0.8530402746919084,
        0.8474076410678968,
        0.8496135032340272,
        0.8442772471741454,
        0.838036930724366,
        0.8355526213776575
    ],
    "valid_acc": 0.19863013698630136,
    "best_acc": 0.8013698630136986,
    "time_elapsed(min)": 8.0,
    "time_elapsed(s)": 12.651374340057373,
    "model_name": "DenseNet",
    "model_name_sub": "densenet161"
}