{
    "cross_number": 1,
    "num_epochs": 20,
    "lr": 0.0025,
    "batch_size": 16,
    "train_loss": [
        5.013679123360272,
        2.9958374053920243,
        1.6513812443981433,
        0.9546033095007074,
        0.5567704069015642,
        0.33830393068322306,
        0.21487440182465942,
        0.14094910896532067,
        0.12302117056498245,
        0.1173157490891953,
        0.10776016510784898,
        0.10261118020777289,
        0.10236419067126976,
        0.09940811913443483,
        0.09281532844043758,
        0.0961150826724697,
        0.09786430416314025,
        0.09763710867596544,
        0.09220816419549184,
        0.09589529714491814
    ],
    "train_acc": 0.06164383561643835,
    "valid_loss": [
        3.568057679694537,
        2.0761395426101337,
        1.294875832453166,
        1.026293655236562,
        0.8611996870607002,
        0.7480240249198321,
        0.7236694753442181,
        0.6838254438687678,
        0.6739662330444545,
        0.6838915003761309,
        0.6668932616846747,
        0.6715859588422731,
        0.6621578708631263,
        0.6853450925927184,
        0.6518506875865535,
        0.653033830531656,
        0.6768413935213873,
        0.6498534423575554,
        0.6603930660578758,
        0.6557003725064944
    ],
    "valid_acc": 0.2968036529680365,
    "best_acc": 0.8287671232876712,
    "time_elapsed(min)": 7.0,
    "time_elapsed(s)": 29.50366973876953,
    "model_name": "DenseNet",
    "model_name_sub": "densenet161"
}