{
    "cross_number": 1,
    "num_epochs": 20,
    "lr": 0.0001,
    "batch_size": 7,
    "train_loss": [
        5.417034913687946,
        5.270274920278489,
        5.119590322176616,
        4.962496635848528,
        4.7943379865389435,
        4.609819112847385,
        4.4237891721398865,
        4.275275291101029,
        4.256971231742536,
        4.228510331753727,
        4.2125925065175585,
        4.1868934834112315,
        4.174197976719843,
        4.152179623711599,
        4.143351216022283,
        4.137343114097368,
        4.157334627762233,
        4.138720346912401,
        4.139245947610298,
        4.127491035009628
    ],
    "train_acc": 0.0045662100456621,
    "valid_loss": [
        5.320723524921017,
        5.177521812317034,
        5.005908865906877,
        4.814465498815388,
        4.584228137856749,
        4.361472086819339,
        4.074682412626537,
        4.104348283924469,
        4.035061044780087,
        3.9827587272478566,
        3.9946256315327124,
        3.931164782885547,
        3.94207720996038,
        3.9325418363423106,
        3.9222461834345776,
        3.904464386913874,
        3.908108029735687,
        3.9059764734686238,
        3.8783838291690773,
        3.894604581131783
    ],
    "valid_acc": 0.0182648401826484,
    "best_acc": 0.4155251141552511,
    "time_elapsed(min)": 8.0,
    "time_elapsed(s)": 41.72251749038696,
    "model_name": "DenseNet",
    "model_name_sub": "densenet161"
}