{
    "cross_number": 1,
    "num_epochs": 20,
    "lr": 0.0025,
    "batch_size": 6,
    "train_loss": [
        4.795731978873684,
        2.581882720328357,
        1.4457766256512028,
        0.782235115052086,
        0.45258658723778106,
        0.2859314201552778,
        0.14995435012300332,
        0.09033860457257355,
        0.06770944967546998,
        0.0631030391621059,
        0.06396179576723339,
        0.05647175951082617,
        0.05263766480214281,
        0.04772179469797913,
        0.04491601253808667,
        0.04724633378257388,
        0.04548393538834093,
        0.047402731579894275,
        0.04784044524661125,
        0.04792052334850679
    ],
    "train_acc": 0.07363013698630136,
    "valid_loss": [
        2.7070798857571328,
        1.6387184486813742,
        1.131994773161738,
        1.0303431378090626,
        0.8774098250504634,
        0.8095861143202916,
        0.7024598185830967,
        0.6190471884807291,
        0.6288151282383359,
        0.5863779941765107,
        0.5967878058157249,
        0.6049435456564063,
        0.5930695978267603,
        0.5953491297422921,
        0.5905554465286128,
        0.588860555571083,
        0.6044778686322986,
        0.614123968748784,
        0.5928424567060724,
        0.5782407202107245
    ],
    "valid_acc": 0.30365296803652964,
    "best_acc": 0.8333333333333333,
    "time_elapsed(min)": 9.0,
    "time_elapsed(s)": 13.847965002059937,
    "model_name": "DenseNet",
    "model_name_sub": "densenet161"
}