{
    "cross_number": 1,
    "num_epochs": 20,
    "lr": 0.0025,
    "batch_size": 12,
    "train_loss": [
        4.815515127900529,
        2.6485733732785266,
        1.4484151173127842,
        0.7881965780094878,
        0.44666200069940254,
        0.2659669629719159,
        0.1582388306827578,
        0.1122081741588573,
        0.09685939882103711,
        0.08978875341174537,
        0.08676455715951854,
        0.07992063603070501,
        0.08010380572243912,
        0.0736636156854156,
        0.06996811071589384,
        0.07095295895044118,
        0.07272871722760674,
        0.0734291343554242,
        0.06962484578053428,
        0.0729015832639312
    ],
    "train_acc": 0.07248858447488585,
    "valid_loss": [
        3.05893883639819,
        1.6486551018610394,
        1.2003460346835932,
        0.9546647855680283,
        0.7695405030087249,
        0.7111114573805299,
        0.666161616575228,
        0.6175119013410725,
        0.5961445882304074,
        0.5937342102805229,
        0.5962131523514447,
        0.5812014998638466,
        0.5820588820601162,
        0.5814268868161391,
        0.5793754474757469,
        0.5929755888981362,
        0.5816290758243979,
        0.591734645913725,
        0.5882221460342407,
        0.5964416032784605
    ],
    "valid_acc": 0.30365296803652964,
    "best_acc": 0.8424657534246575,
    "time_elapsed(min)": 8.0,
    "time_elapsed(s)": 13.889366388320923,
    "model_name": "DenseNet",
    "model_name_sub": "densenet161"
}