{
    "cross_number": 1,
    "num_epochs": 20,
    "lr": 0.0001,
    "batch_size": 6,
    "train_loss": [
        5.41918147426762,
        5.275446607641978,
        5.115483045578003,
        4.952805850603809,
        4.767233036968806,
        4.575877589722202,
        4.378313196032015,
        4.215746406006486,
        4.199731075600402,
        4.174781321662746,
        4.180632841097165,
        4.163382674733254,
        4.135335734445754,
        4.121784082014266,
        4.100371092149656,
        4.0806052545978595,
        4.098641024876947,
        4.08745702243831,
        4.088613481554266,
        4.097524943417066
    ],
    "train_acc": 0.006278538812785388,
    "valid_loss": [
        5.312802314758301,
        5.14559559626122,
        4.964784504616097,
        4.7538227643052196,
        4.50496467172283,
        4.261146542144148,
        3.9922081705642074,
        3.971364187867674,
        3.9483403310383838,
        3.93168930484824,
        3.910044790947274,
        3.8634646330794244,
        3.838568867069401,
        3.809079731980415,
        3.8190237234716546,
        3.825910793591852,
        3.8180223817694676,
        3.7787177562713623,
        3.7985509585027826,
        3.8320879283016676
    ],
    "valid_acc": 0.02968036529680365,
    "best_acc": 0.4155251141552511,
    "time_elapsed(min)": 9.0,
    "time_elapsed(s)": 14.752979755401611,
    "model_name": "DenseNet",
    "model_name_sub": "densenet161"
}