{
    "cross_number": 1,
    "num_epochs": 20,
    "lr": 0.0025,
    "batch_size": 10,
    "train_loss": [
        4.8653937684346555,
        2.6801324817415786,
        1.430180693734182,
        0.8107699215344099,
        0.46080924847830923,
        0.26411886132198925,
        0.1675824830138452,
        0.10503497588784183,
        0.08617977027198699,
        0.08369396427501691,
        0.07389240980267389,
        0.07331363775567513,
        0.0692184985185799,
        0.06888736108292455,
        0.06596839187462648,
        0.06591656401362185,
        0.06457063298434292,
        0.06939233352587512,
        0.06511792380651926,
        0.06715057875119047
    ],
    "train_acc": 0.06792237442922375,
    "valid_loss": [
        2.945326378900711,
        1.6830964997478817,
        1.1348406918789153,
        0.9465963839123782,
        0.7873138559463362,
        0.6930644495166056,
        0.6534848120488804,
        0.6254785712723319,
        0.5943324770012947,
        0.5845462418412237,
        0.5982943749710169,
        0.5797871350221437,
        0.5573622456254208,
        0.5875821858644485,
        0.5711922714291098,
        0.5735727963654418,
        0.5929778522076128,
        0.5687460630247582,
        0.5882802762805599,
        0.5805437342693273
    ],
    "valid_acc": 0.3150684931506849,
    "best_acc": 0.8264840182648401,
    "time_elapsed(min)": 8.0,
    "time_elapsed(s)": 20.47869634628296,
    "model_name": "DenseNet",
    "model_name_sub": "densenet161"
}