{
    "cross_number": 1,
    "num_epochs": 20,
    "lr": 0.001,
    "batch_size": 5,
    "train_loss": [
        5.121394919342102,
        3.5593289372311334,
        2.3818768990230343,
        1.625473403665301,
        1.1208759188039663,
        0.7438290585087587,
        0.49446580597288803,
        0.34480564100200045,
        0.30652998896001,
        0.2823544757985021,
        0.2750746469400381,
        0.26712642894147737,
        0.26030536435255314,
        0.24428947429602207,
        0.23709599055417868,
        0.22600515633523804,
        0.23296321147295845,
        0.2383239884227174,
        0.2268776357148404,
        0.23408736129074473
    ],
    "train_acc": 0.0365296803652968,
    "valid_loss": [
        3.4853997412881896,
        2.101694344657741,
        1.4579524055939832,
        1.1565300101524891,
        0.8657107690187622,
        0.7459437669037956,
        0.6920280738278679,
        0.6158783727210678,
        0.5738553491688959,
        0.5576357595690581,
        0.5726708446057369,
        0.5559860074724662,
        0.5479703860178794,
        0.5341090334719685,
        0.5486640399024231,
        0.5414964492171237,
        0.5412561266542706,
        0.5509712711002116,
        0.5611222153231842,
        0.5360294551945815
    ],
    "valid_acc": 0.1963470319634703,
    "best_acc": 0.8470319634703196,
    "time_elapsed(min)": 9.0,
    "time_elapsed(s)": 54.29781985282898,
    "model_name": "DenseNet",
    "model_name_sub": "densenet161"
}