{
    "cross_number": 1,
    "num_epochs": 20,
    "lr": 0.0001,
    "batch_size": 8,
    "train_loss": [
        5.419285900516597,
        5.283358238603427,
        5.149314170558703,
        5.006330389954728,
        4.849968664178021,
        4.680524451547562,
        4.498881013426062,
        4.371405819235327,
        4.347504271764189,
        4.331023547203029,
        4.313136454586569,
        4.288891773789985,
        4.275477641249356,
        4.25156601161173,
        4.235577673672541,
        4.231951930207204,
        4.2388902722972714,
        4.239594853631982,
        4.228146258010168,
        4.215747097311499
    ],
    "train_acc": 0.006278538812785388,
    "valid_loss": [
        5.310222451545332,
        5.1763003993796435,
        5.034304684155608,
        4.884122347722859,
        4.682310592093969,
        4.465293967016211,
        4.225365986018421,
        4.219426052755416,
        4.171957417710186,
        4.157676631457185,
        4.148565332639163,
        4.128814207364435,
        4.096923636519201,
        4.060426628208596,
        4.058443576777907,
        4.109492168034593,
        4.0455373215348756,
        4.05206150333631,
        4.061194551589827,
        4.087062284826688
    ],
    "valid_acc": 0.01598173515981735,
    "best_acc": 0.408675799086758,
    "time_elapsed(min)": 8.0,
    "time_elapsed(s)": 29.57121992111206,
    "model_name": "DenseNet",
    "model_name_sub": "densenet161"
}