{
    "cross_number": 1,
    "num_epochs": 20,
    "lr": 0.001,
    "batch_size": 14,
    "train_loss": [
        5.263957342600714,
        4.194218073805717,
        3.1244220989479867,
        2.316267984234579,
        1.7403770843052973,
        1.294264788565026,
        0.9929509517400776,
        0.736500933392135,
        0.694836273313113,
        0.6707421946743307,
        0.6528352861330934,
        0.6327982867757479,
        0.6040303174355258,
        0.5920723402813145,
        0.5903691338485779,
        0.5849180524683979,
        0.5696966514399607,
        0.5721295616466161,
        0.5576675240647847,
        0.554311815870407
    ],
    "train_acc": 0.028538812785388126,
    "valid_loss": [
        4.570254066763403,
        3.289155060842157,
        2.3945470171976306,
        1.8434208666897256,
        1.4917586508406897,
        1.2372154590746038,
        1.083374920228845,
        1.0386094284928553,
        1.0104534430046603,
        1.0008971506057809,
        1.0107168166060425,
        0.9631718750958029,
        0.9627451295177686,
        0.9661929073943395,
        0.9502280376273203,
        0.9441649562691989,
        0.9551605512834576,
        0.9640017106924972,
        0.9490061984758943,
        0.9533771790870248
    ],
    "valid_acc": 0.2100456621004566,
    "best_acc": 0.7922374429223744,
    "time_elapsed(min)": 7.0,
    "time_elapsed(s)": 38.57398319244385,
    "model_name": "DenseNet",
    "model_name_sub": "densenet161"
}