{
    "cross_number": 1,
    "num_epochs": 20,
    "lr": 0.001,
    "batch_size": 7,
    "train_loss": [
        5.156995556942404,
        3.661918279787177,
        2.5131947008986453,
        1.7742540944180532,
        1.2154572647762354,
        0.8298263513572413,
        0.579924208686164,
        0.39278982401948814,
        0.36198305750274223,
        0.34390186115708116,
        0.3084655127033047,
        0.3271668192390437,
        0.3137313603597893,
        0.29638171972936556,
        0.2945536737198427,
        0.28422876649013123,
        0.2784135430608982,
        0.27915135271779207,
        0.28135686851272435,
        0.27616112665634723
    ],
    "train_acc": 0.03139269406392694,
    "valid_loss": [
        3.7967224785182028,
        2.4112339887989167,
        1.6534491514778573,
        1.219224493525344,
        0.9655705974458559,
        0.8236249451903992,
        0.741447349049185,
        0.6762277615771174,
        0.6555636366276436,
        0.6683150177234656,
        0.6610702922457157,
        0.6879018552805463,
        0.6643503406616651,
        0.647116016979291,
        0.6689516975114879,
        0.6310064107451809,
        0.642580302491716,
        0.6618260824074756,
        0.66334639815401,
        0.6389748829344636
    ],
    "valid_acc": 0.2465753424657534,
    "best_acc": 0.8105022831050228,
    "time_elapsed(min)": 8.0,
    "time_elapsed(s)": 40.623748779296875,
    "model_name": "DenseNet",
    "model_name_sub": "densenet161"
}