{
    "cross_number": 1,
    "num_epochs": 20,
    "lr": 0.0001,
    "batch_size": 12,
    "train_loss": [
        5.4152605109018825,
        5.3072187149361385,
        5.203512534703294,
        5.089510875205471,
        4.97117680719454,
        4.844374006741668,
        4.7224887135910665,
        4.6235718106570305,
        4.606887098861067,
        4.580993838506203,
        4.577328985684539,
        4.556987736323109,
        4.543224912800201,
        4.522758150753909,
        4.517836051444485,
        4.516310992306226,
        4.506543538341783,
        4.5143291786925435,
        4.50715467048018,
        4.515831539075669
    ],
    "train_acc": 0.0028538812785388126,
    "valid_loss": [
        5.354202316231923,
        5.262257184067818,
        5.162206577928099,
        5.0435130367540335,
        4.918133173903374,
        4.780718574785206,
        4.631276313572714,
        4.609254948080403,
        4.620109656085707,
        4.582478680022775,
        4.573929068160384,
        4.555508424157965,
        4.527011590461209,
        4.53804183986089,
        4.54477623064224,
        4.517118437649453,
        4.5207626852270675,
        4.516938647178755,
        4.503860780637559,
        4.511385290590051
    ],
    "valid_acc": 0.0091324200913242,
    "best_acc": 0.3424657534246575,
    "time_elapsed(min)": 8.0,
    "time_elapsed(s)": 14.104275465011597,
    "model_name": "DenseNet",
    "model_name_sub": "densenet161"
}