{
    "cross_number": 1,
    "num_epochs": 20,
    "lr": 0.001,
    "batch_size": 11,
    "train_loss": [
        5.200268768828754,
        3.9493971775928043,
        2.8265471764623302,
        2.005255806663809,
        1.4545866568747177,
        1.0407695278321227,
        0.7661665677854187,
        0.5565210767600635,
        0.5124588940275586,
        0.49574701404666793,
        0.4815090965292497,
        0.46066813546841,
        0.4382607130733527,
        0.4284211864448301,
        0.41284295595059656,
        0.4220830461171936,
        0.4230660541944172,
        0.4004795236776681,
        0.42254771933503893,
        0.408729036640563
    ],
    "train_acc": 0.032534246575342464,
    "valid_loss": [
        4.268284811821158,
        2.8674242542758925,
        1.9942096618756855,
        1.5184162548960072,
        1.2155548731486003,
        1.012349211938305,
        0.8946979791606398,
        0.8563941645703904,
        0.8388330017867154,
        0.8362712272906412,
        0.8251521037253615,
        0.8117014566376873,
        0.78585835468007,
        0.7821501381184957,
        0.7864974114924805,
        0.8016527785694219,
        0.7835187347920518,
        0.7981296693353348,
        0.7718019052727582,
        0.8089935054926023
    ],
    "valid_acc": 0.24429223744292236,
    "best_acc": 0.8082191780821917,
    "time_elapsed(min)": 8.0,
    "time_elapsed(s)": 14.974647045135498,
    "model_name": "DenseNet",
    "model_name_sub": "densenet161"
}