{
    "cross_number": 1,
    "num_epochs": 20,
    "lr": 0.0025,
    "batch_size": 11,
    "train_loss": [
        4.751687487919036,
        2.4916314009117753,
        1.3342553640813588,
        0.7375607068680193,
        0.41400405902364484,
        0.23972458246516992,
        0.160321767093214,
        0.09560867762575818,
        0.08767093836380908,
        0.07789637994118988,
        0.07925631806199103,
        0.07254933973893388,
        0.07037316222853754,
        0.06587198220478312,
        0.06787122151554992,
        0.06477696546374663,
        0.06568214494403299,
        0.06296354673109676,
        0.0669124460976877,
        0.06065098825761343
    ],
    "train_acc": 0.07534246575342465,
    "valid_loss": [
        2.75767285665965,
        1.5960806531993221,
        1.0649969639026955,
        0.8252254445531052,
        0.7111252757240104,
        0.6192032313952435,
        0.5888466474060055,
        0.5610855269887948,
        0.5512826793814358,
        0.5406404654218998,
        0.523445023198242,
        0.5383499483471592,
        0.5397693528772489,
        0.5266647541334164,
        0.5242638059096522,
        0.5227754876595926,
        0.5196125044840384,
        0.5293312551173037,
        0.5370602102856658,
        0.5189388670605611
    ],
    "valid_acc": 0.35844748858447484,
    "best_acc": 0.8584474885844748,
    "time_elapsed(min)": 8.0,
    "time_elapsed(s)": 16.56965732574463,
    "model_name": "DenseNet",
    "model_name_sub": "densenet161"
}