{
    "cross_number": 1,
    "num_epochs": 20,
    "lr": 0.0001,
    "batch_size": 14,
    "train_loss": [
        5.4268603597057465,
        5.329941128486912,
        5.23311941754328,
        5.140785658740562,
        5.035567718553761,
        4.921677681953395,
        4.804042480851962,
        4.7189852064602995,
        4.705665299881539,
        4.691455475815899,
        4.679978483343778,
        4.66587912981913,
        4.649214552417738,
        4.642653103832785,
        4.628616315589103,
        4.628544806345412,
        4.630983461528064,
        4.617145119736728,
        4.626084840460999,
        4.628271412631692
    ],
    "train_acc": 0.005707762557077625,
    "valid_loss": [
        5.3689030120361885,
        5.285514853316355,
        5.189814236610448,
        5.095278422037761,
        4.982973076981496,
        4.874206079195623,
        4.754827383990701,
        4.725643484559778,
        4.7185592390086555,
        4.700024430610274,
        4.700029085760248,
        4.679716887539381,
        4.662590490628595,
        4.644637911287073,
        4.644516450629387,
        4.661609704091669,
        4.646488061234287,
        4.637874648995595,
        4.625832128742514,
        4.6453542056148995
    ],
    "valid_acc": 0.01141552511415525,
    "best_acc": 0.2534246575342466,
    "time_elapsed(min)": 7.0,
    "time_elapsed(s)": 42.37614297866821,
    "model_name": "DenseNet",
    "model_name_sub": "densenet161"
}