{
    "cross_number": 1,
    "num_epochs": 20,
    "lr": 0.001,
    "batch_size": 13,
    "train_loss": [
        5.222217553826772,
        4.100561605060482,
        3.019722075767169,
        2.2291704780298827,
        1.6600464052397366,
        1.2443466293689323,
        0.940593408871459,
        0.7114047304340149,
        0.6717148188110356,
        0.6426356918769612,
        0.626935495378356,
        0.6021103942469103,
        0.6015545315360098,
        0.576945962528932,
        0.553036280945964,
        0.5308041671571666,
        0.5662823729727366,
        0.5363938876482994,
        0.5331739579331657,
        0.5390198490663206
    ],
    "train_acc": 0.0319634703196347,
    "valid_loss": [
        4.43302799305415,
        3.1596998123273456,
        2.317364475770628,
        1.739589026529495,
        1.395688724436172,
        1.1921606657167547,
        1.0342358401785159,
        0.9971104045845058,
        0.9914684489573518,
        0.9507529870968431,
        0.9504759130004334,
        0.9413334480635652,
        0.9349144364464773,
        0.9203794612868191,
        0.9150889956787841,
        0.9235256562630335,
        0.9067762950647912,
        0.9206560654182957,
        0.9113944907030559,
        0.9026818859250578
    ],
    "valid_acc": 0.2100456621004566,
    "best_acc": 0.7945205479452054,
    "time_elapsed(min)": 7.0,
    "time_elapsed(s)": 47.3454430103302,
    "model_name": "DenseNet",
    "model_name_sub": "densenet161"
}