{
    "cross_number": 1,
    "num_epochs": 20,
    "lr": 0.0025,
    "batch_size": 15,
    "train_loss": [
        4.947485604106563,
        2.882713470352839,
        1.5756258242954946,
        0.8861851359475149,
        0.5468482990073015,
        0.32489043537986606,
        0.22338240514573168,
        0.13582397242114969,
        0.12551274506553803,
        0.11305902058845513,
        0.10664564757671667,
        0.1053489633287265,
        0.09706431539882332,
        0.10237044495313544,
        0.09418953777839469,
        0.09324464128569585,
        0.09338206978361696,
        0.09529214064679938,
        0.08650990037808884,
        0.09162609288724113
    ],
    "train_acc": 0.06278538812785388,
    "valid_loss": [
        3.2749279655822336,
        1.9018587502714706,
        1.3260942856742912,
        0.9913529112730941,
        0.8539941445605396,
        0.7684836197287253,
        0.7119898575626008,
        0.6606774205622608,
        0.6441319377659118,
        0.6381777385632469,
        0.6504780915502,
        0.6398738027639586,
        0.6511730758907044,
        0.6519534455178535,
        0.639736330774549,
        0.6292340645234878,
        0.644999575125028,
        0.6347250445452455,
        0.6437854515771343,
        0.627089111619208
    ],
    "valid_acc": 0.3105022831050228,
    "best_acc": 0.817351598173516,
    "time_elapsed(min)": 7.0,
    "time_elapsed(s)": 33.0670862197876,
    "model_name": "DenseNet",
    "model_name_sub": "densenet161"
}