{
    "cross_number": 1,
    "num_epochs": 20,
    "lr": 0.001,
    "batch_size": 9,
    "train_loss": [
        5.176565766334534,
        3.8491165486917103,
        2.6900501747245658,
        1.8959522137086686,
        1.3632876619900742,
        0.941026474157833,
        0.6949510174765162,
        0.49687148990390234,
        0.4588013559273661,
        0.4435955137269546,
        0.40615588625612326,
        0.3938048591148363,
        0.3915137180369602,
        0.37797454282743476,
        0.3630526785113632,
        0.3595395724812191,
        0.3636461982682143,
        0.34804160431129477,
        0.35852043358736657,
        0.34596928785720915
    ],
    "train_acc": 0.034817351598173514,
    "valid_loss": [
        4.0704611997081805,
        2.676173695146221,
        1.8769187698625538,
        1.4284907150758457,
        1.135498314483525,
        0.9788383774153174,
        0.8439713078614783,
        0.8034538414380322,
        0.7728466497708674,
        0.7678622790701586,
        0.7652606622201122,
        0.7594662867996791,
        0.739080527261512,
        0.7329674130433226,
        0.7368195806055853,
        0.7205902076747319,
        0.7469048592938136,
        0.7460752738869354,
        0.7550225591618721,
        0.738166634503701
    ],
    "valid_acc": 0.22602739726027396,
    "best_acc": 0.8059360730593607,
    "time_elapsed(min)": 8.0,
    "time_elapsed(s)": 18.844654321670532,
    "model_name": "DenseNet",
    "model_name_sub": "densenet161"
}