{
    "cross_number": 1,
    "num_epochs": 20,
    "lr": 0.0001,
    "batch_size": 10,
    "train_loss": [
        5.425460064792198,
        5.307008275158329,
        5.196163720191886,
        5.07281262635096,
        4.941644672389444,
        4.789509498909728,
        4.636533410581824,
        4.528867157626914,
        4.506150773126785,
        4.485513352912311,
        4.476477960473326,
        4.458778044948839,
        4.447983832119807,
        4.423165538267458,
        4.414089061898183,
        4.4080591114688685,
        4.407133716970818,
        4.401499535939465,
        4.41749661589322,
        4.421934408139965
    ],
    "train_acc": 0.003424657534246575,
    "valid_loss": [
        5.332722459209564,
        5.223233455936659,
        5.10071080351529,
        4.972849423482538,
        4.83634754076396,
        4.661824265571489,
        4.468254917832814,
        4.469468984429695,
        4.432458468223816,
        4.388205921268899,
        4.407917739049485,
        4.387465289738625,
        4.351473897559457,
        4.366524116089355,
        4.347751770934013,
        4.347596434153378,
        4.332989486929488,
        4.32607693323806,
        4.352831358234632,
        4.347802745697161
    ],
    "valid_acc": 0.0091324200913242,
    "best_acc": 0.3812785388127854,
    "time_elapsed(min)": 8.0,
    "time_elapsed(s)": 20.762455463409424,
    "model_name": "DenseNet",
    "model_name_sub": "densenet161"
}