{
    "cross_number": 1,
    "num_epochs": 20,
    "lr": 0.0025,
    "batch_size": 7,
    "train_loss": [
        4.870662973623842,
        2.6607870411927297,
        1.3755744616224614,
        0.7688274235894147,
        0.44015538524496095,
        0.2505266257417154,
        0.14556857706664222,
        0.08746381458128934,
        0.06933804321555702,
        0.06291939794153961,
        0.06767155069562279,
        0.061852707363320644,
        0.0572054081104194,
        0.05855670348383894,
        0.054794678051496716,
        0.05478874956136442,
        0.05301812143685917,
        0.052086326633324874,
        0.05443189063398635,
        0.05488104399954943
    ],
    "train_acc": 0.0639269406392694,
    "valid_loss": [
        2.92476329602063,
        1.6760783403703612,
        1.2346850277762436,
        0.9174857689705613,
        0.7873170977058612,
        0.7487220960120632,
        0.6873005020887204,
        0.6079752731825901,
        0.6184273593225538,
        0.6066735222527425,
        0.6131330634292946,
        0.5846242788779341,
        0.5770077654607084,
        0.589597006030721,
        0.6075256751641869,
        0.5836976498586538,
        0.602715225455449,
        0.5878476765576631,
        0.5768645276511131,
        0.5979487452715567
    ],
    "valid_acc": 0.2534246575342466,
    "best_acc": 0.8401826484018264,
    "time_elapsed(min)": 8.0,
    "time_elapsed(s)": 41.35899233818054,
    "model_name": "DenseNet",
    "model_name_sub": "densenet161"
}