{
    "cross_number": 1,
    "num_epochs": 20,
    "lr": 0.0001,
    "batch_size": 15,
    "train_loss": [
        5.427997118806186,
        5.330090251687455,
        5.238406740639308,
        5.147220445005861,
        5.044653325864713,
        4.940804389241624,
        4.821208555404454,
        4.742269265325102,
        4.736359097369729,
        4.721722344829612,
        4.701313256400905,
        4.700695255031325,
        4.688661750048807,
        4.680871596891586,
        4.654140153976336,
        4.67232004828649,
        4.6641537416471195,
        4.659203342378956,
        4.656724728133581,
        4.6647694494626295
    ],
    "train_acc": 0.005136986301369863,
    "valid_loss": [
        5.37685949508458,
        5.2980180145943,
        5.212785838401481,
        5.120954301259289,
        5.026620521937331,
        4.916685656325458,
        4.806877714313873,
        4.779940236104678,
        4.783189855209769,
        4.7587009488719785,
        4.7613777853038215,
        4.7464940547943115,
        4.726102910629691,
        4.697896640594691,
        4.715305592915783,
        4.711670820027182,
        4.706386268955388,
        4.706085064639784,
        4.702072884938488,
        4.704072488497381
    ],
    "valid_acc": 0.0091324200913242,
    "best_acc": 0.2465753424657534,
    "time_elapsed(min)": 7.0,
    "time_elapsed(s)": 35.086589097976685,
    "model_name": "DenseNet",
    "model_name_sub": "densenet161"
}