{
    "cross_number": 1,
    "num_epochs": 20,
    "lr": 0.0001,
    "batch_size": 13,
    "train_loss": [
        5.432701385728845,
        5.330392422741407,
        5.231659666043982,
        5.1276598088273175,
        5.024795268496422,
        4.9022078794431465,
        4.781772298355625,
        4.683354079995525,
        4.6697710842302405,
        4.657661650823131,
        4.645285749272125,
        4.632491575528498,
        4.609848562713083,
        4.609752759813718,
        4.588749824049266,
        4.592531532185263,
        4.591353404739676,
        4.599768941260908,
        4.593522515471123,
        4.589418927556303
    ],
    "train_acc": 0.007990867579908675,
    "valid_loss": [
        5.378844527893415,
        5.287932739954561,
        5.19841796186961,
        5.0950435862693615,
        4.9911890073454,
        4.8570379165753925,
        4.715963955883566,
        4.70239825009211,
        4.696153427367886,
        4.682709648184581,
        4.668183131849385,
        4.651170696842072,
        4.655130196924079,
        4.627311706542969,
        4.616255134208017,
        4.627241371973464,
        4.609041448053159,
        4.615140367316329,
        4.63120904360732,
        4.611097606894088
    ],
    "valid_acc": 0.00228310502283105,
    "best_acc": 0.273972602739726,
    "time_elapsed(min)": 7.0,
    "time_elapsed(s)": 49.643343448638916,
    "model_name": "DenseNet",
    "model_name_sub": "densenet161"
}