{
    "cross_number": 1,
    "num_epochs": 20,
    "lr": 0.001,
    "batch_size": 16,
    "train_loss": [
        5.278328688721679,
        4.326494090633306,
        3.371170802747822,
        2.5780756212260627,
        1.9791732814214,
        1.5371578284050231,
        1.2117273410161336,
        0.9293152415044775,
        0.8833758281246168,
        0.8438789566902265,
        0.8306348884486716,
        0.802134066684061,
        0.7781576919773397,
        0.7579980813749304,
        0.7501809700438965,
        0.7393657246681109,
        0.7292430202166239,
        0.7277074083345666,
        0.7340956735828695,
        0.7466849654776865
    ],
    "train_acc": 0.0228310502283105,
    "valid_loss": [
        4.639872161220742,
        3.555652784974608,
        2.7054409033631623,
        2.1330060893542147,
        1.7421702407810786,
        1.4566021074443103,
        1.2179576093203401,
        1.1955007739263037,
        1.1639507617035958,
        1.1403875740151428,
        1.119403264293932,
        1.1179691359877042,
        1.0910976401202754,
        1.0967249922012086,
        1.0715581497100934,
        1.09195950777019,
        1.0671472946802776,
        1.081615326067084,
        1.0653240873933383,
        1.061710616224977
    ],
    "valid_acc": 0.18036529680365296,
    "best_acc": 0.773972602739726,
    "time_elapsed(min)": 7.0,
    "time_elapsed(s)": 29.02846598625183,
    "model_name": "DenseNet",
    "model_name_sub": "densenet161"
}