{
    "cross_number": 1,
    "num_epochs": 20,
    "lr": 0.0001,
    "batch_size": 11,
    "train_loss": [
        5.435524750790095,
        5.323768813043968,
        5.216797382047732,
        5.103180127328933,
        4.984277876544761,
        4.852144589162853,
        4.718216863669217,
        4.608555423070307,
        4.589684183194757,
        4.575917239058508,
        4.554710913738703,
        4.544278692981424,
        4.521106198498103,
        4.51800250707696,
        4.495116216679142,
        4.501446704341941,
        4.498411218053129,
        4.491794350484735,
        4.508786314698659,
        4.49265424628236
    ],
    "train_acc": 0.006278538812785388,
    "valid_loss": [
        5.361863891828006,
        5.265769931279361,
        5.167190516920394,
        5.053048670564068,
        4.924778407022833,
        4.784376318596269,
        4.609538136007579,
        4.613775144428967,
        4.569346419208126,
        4.547016217828341,
        4.5566579250440205,
        4.523389022644252,
        4.5248762559673015,
        4.532697886636813,
        4.491101539298279,
        4.492812618273034,
        4.490902667720568,
        4.496731037418592,
        4.486725617761481,
        4.484726600995347
    ],
    "valid_acc": 0.0045662100456621,
    "best_acc": 0.3287671232876712,
    "time_elapsed(min)": 8.0,
    "time_elapsed(s)": 16.944276332855225,
    "model_name": "DenseNet",
    "model_name_sub": "densenet161"
}