{
    "cross_number": 1,
    "num_epochs": 20,
    "lr": 0.0025,
    "batch_size": 4,
    "train_loss": [
        5.4390832691976465,
        4.072045637592333,
        2.9408084203799567,
        2.1107372759275784,
        1.545532785662233,
        1.0697691852575568,
        0.8062861025010206,
        0.4088065833210537,
        0.27025927305349134,
        0.21198849461241265,
        0.18509103092428755,
        0.16454481678381222,
        0.16556942056371196,
        0.14659868581773347,
        0.13409244174511942,
        0.13570349529857606,
        0.13700203617213966,
        0.12199584957739534,
        0.13523254923301337,
        0.1284372569402025
    ],
    "train_acc": 0.021689497716894976,
    "valid_loss": [
        4.195362454680003,
        2.8912709238322356,
        2.213271967012044,
        1.962749360903213,
        1.377884425945818,
        1.4305682312144332,
        1.4115558904064096,
        0.9207210432308551,
        0.8543211277180934,
        0.8277494515234937,
        0.8380682542771271,
        0.8351185456084164,
        0.793401321848072,
        0.7710664708977437,
        0.781377311651361,
        0.7902188565779783,
        0.7754097914620363,
        0.7699447013979956,
        0.7847109908819067,
        0.7905043252152667
    ],
    "valid_acc": 0.09360730593607305,
    "best_acc": 0.8059360730593607,
    "time_elapsed(min)": 10.0,
    "time_elapsed(s)": 37.75456190109253,
    "model_name": "DenseNet",
    "model_name_sub": "densenet161"
}