{
    "cross_number": 1,
    "num_epochs": 20,
    "lr": 0.0025,
    "batch_size": 8,
    "train_loss": [
        4.754422305381461,
        2.5153423966882436,
        1.3443499456529748,
        0.7407195788540252,
        0.4132115708230293,
        0.2331971151235441,
        0.1357791728539962,
        0.08840999463955833,
        0.07574016715667836,
        0.06775367868103122,
        0.0655661321598101,
        0.061358956143804336,
        0.06012497303930864,
        0.05797834190875972,
        0.056527869933238044,
        0.056286718032947956,
        0.05681318947917795,
        0.05330518612714663,
        0.055279299072479006,
        0.055422822753452276
    ],
    "train_acc": 0.07077625570776255,
    "valid_loss": [
        2.824893508327606,
        1.5466412749464653,
        1.0535361772258531,
        0.8858886192378388,
        0.7511894220834998,
        0.7017464588766229,
        0.609512725241108,
        0.5810028077294566,
        0.5561021078871266,
        0.5610625545524027,
        0.5488308634115681,
        0.5644933248627676,
        0.5473837354858342,
        0.5608528900857521,
        0.5515045040206278,
        0.5563072989860626,
        0.5506469968655338,
        0.5495140615119237,
        0.5547366015545038,
        0.5414252906493401
    ],
    "valid_acc": 0.28538812785388123,
    "best_acc": 0.8401826484018264,
    "time_elapsed(min)": 8.0,
    "time_elapsed(s)": 29.326528072357178,
    "model_name": "DenseNet",
    "model_name_sub": "densenet161"
}