{
    "cross_number": 1,
    "num_epochs": 20,
    "lr": 0.0001,
    "batch_size": 4,
    "train_loss": [
        5.422486428256448,
        5.262142056199513,
        5.098245498796576,
        4.901544972641827,
        4.709444529389682,
        4.515803463382808,
        4.299894924577512,
        4.134284194745974,
        4.0973997077985445,
        4.062976464833299,
        4.056750616526495,
        4.043284882693531,
        4.021209482732973,
        3.9996002106906072,
        3.977220956049009,
        3.9839336393086335,
        3.9821098177400356,
        3.97753292403809,
        3.954826589044371,
        3.9849133518732844
    ],
    "train_acc": 0.006278538812785388,
    "valid_loss": [
        5.272437025967254,
        5.067069959422769,
        4.806552569071452,
        4.506913106735438,
        4.203692150986902,
        3.920439032114804,
        3.5585298603528166,
        3.558389891228175,
        3.5404963101426215,
        3.523711538750287,
        3.4832544882003575,
        3.4881488395063847,
        3.410648130390742,
        3.411178573625817,
        3.391592596219555,
        3.4234237757991983,
        3.365133393300723,
        3.36789574797295,
        3.393785734699197,
        3.4325215816497803
    ],
    "valid_acc": 0.0273972602739726,
    "best_acc": 0.4817351598173516,
    "time_elapsed(min)": 10.0,
    "time_elapsed(s)": 38.479610443115234,
    "model_name": "DenseNet",
    "model_name_sub": "densenet161"
}