{
    "cross_number": 1,
    "num_epochs": 20,
    "lr": 0.001,
    "batch_size": 8,
    "train_loss": [
        5.150932002829634,
        3.6992215489687985,
        2.532503627206637,
        1.745098616434559,
        1.186983465059707,
        0.8647037872440739,
        0.5833762135679863,
        0.4206659570676551,
        0.3915617258445313,
        0.3625819704167919,
        0.3486437427398821,
        0.3290685583331269,
        0.31713680045245446,
        0.3152200585086596,
        0.30564502048301917,
        0.29817655243693963,
        0.3036868647421332,
        0.3063596580262598,
        0.2986663620085477,
        0.302300007512036
    ],
    "train_acc": 0.04680365296803653,
    "valid_loss": [
        3.923560342832243,
        2.4247899882869635,
        1.6695715450260737,
        1.2561598618825276,
        1.0064420106748468,
        0.8873077108435434,
        0.7789602981854792,
        0.7146855573675949,
        0.7163986324175308,
        0.7085450974773598,
        0.6834215583050087,
        0.6897408307687333,
        0.6835109026736865,
        0.6857733318250473,
        0.6787220028709603,
        0.6689058716438677,
        0.6726216271043368,
        0.6708249378966414,
        0.6752045603647624,
        0.6702195193669568
    ],
    "valid_acc": 0.2328767123287671,
    "best_acc": 0.8127853881278538,
    "time_elapsed(min)": 8.0,
    "time_elapsed(s)": 28.294856071472168,
    "model_name": "DenseNet",
    "model_name_sub": "densenet161"
}