{
    "cross_number": 1,
    "num_epochs": 20,
    "lr": 0.0001,
    "batch_size": 9,
    "train_loss": [
        5.418673854168147,
        5.294731468370516,
        5.16296005085723,
        5.02786758582886,
        4.869031208018734,
        4.719381249114258,
        4.558663195126678,
        4.42076749915946,
        4.402013362270512,
        4.3906454109165765,
        4.364709187452108,
        4.347903208373344,
        4.338070281564373,
        4.3152728497165525,
        4.312469208077209,
        4.312206060102541,
        4.297825597736933,
        4.2947780208228385,
        4.2875829698288275,
        4.295156914485644
    ],
    "train_acc": 0.003995433789954338,
    "valid_loss": [
        5.321048076838663,
        5.191818580235521,
        5.057109901349839,
        4.908607339205807,
        4.730820988955563,
        4.529112574172347,
        4.33087024786701,
        4.30508050036757,
        4.293221795395629,
        4.268009045352675,
        4.2487364925750315,
        4.233061501424607,
        4.213046923075637,
        4.201365038140179,
        4.162913245697544,
        4.191759885173955,
        4.178472280502319,
        4.207791254944997,
        4.192316213699236,
        4.176428073073087
    ],
    "valid_acc": 0.0136986301369863,
    "best_acc": 0.4178082191780822,
    "time_elapsed(min)": 8.0,
    "time_elapsed(s)": 19.444948196411133,
    "model_name": "DenseNet",
    "model_name_sub": "densenet161"
}