{
    "cross_number": 1,
    "num_epochs": 20,
    "lr": 0.0025,
    "batch_size": 14,
    "train_loss": [
        4.89508830385121,
        2.730811774866766,
        1.4828757285119192,
        0.8317128870313026,
        0.47983464981391005,
        0.2968906748138334,
        0.19467471939719974,
        0.11648177583042753,
        0.10249086774324309,
        0.09854411941923236,
        0.10518013804164379,
        0.09309062474411509,
        0.08930592767503027,
        0.09048993809395321,
        0.08347252629204019,
        0.09050361992000308,
        0.08211991276813152,
        0.08899758306234122,
        0.08308295844352409,
        0.0843484452479098
    ],
    "train_acc": 0.06278538812785388,
    "valid_loss": [
        3.125717560450236,
        1.7867150823819582,
        1.2257330805471498,
        0.9144363782313316,
        0.8175526983933906,
        0.7170549851574309,
        0.6592349955072142,
        0.6429141122320471,
        0.6257495375936979,
        0.6294191544322663,
        0.6158015168692967,
        0.6145774145104569,
        0.6202003138658663,
        0.6257054089275125,
        0.6229676179689904,
        0.6093565431087529,
        0.6098408611261681,
        0.6075101949308561,
        0.5941770180005189,
        0.6219784725610524
    ],
    "valid_acc": 0.3242009132420091,
    "best_acc": 0.8356164383561644,
    "time_elapsed(min)": 7.0,
    "time_elapsed(s)": 41.440727949142456,
    "model_name": "DenseNet",
    "model_name_sub": "densenet161"
}