{
    "cross_number": 1,
    "num_epochs": 20,
    "lr": 0.0025,
    "batch_size": 13,
    "train_loss": [
        4.890542505674711,
        2.7423475645312436,
        1.4440094025712036,
        0.7770678953833232,
        0.4388174040999995,
        0.2501936280487539,
        0.1705741888575562,
        0.11004019556694651,
        0.0986638733049744,
        0.093662611000478,
        0.08989957983809689,
        0.09340914866576593,
        0.08189287319030936,
        0.0819617103568393,
        0.07714748668981945,
        0.07483289745895694,
        0.07138280330659592,
        0.07392739410167687,
        0.07836532273402089,
        0.0746598681296779
    ],
    "train_acc": 0.0684931506849315,
    "valid_loss": [
        3.1496673245408218,
        1.735644246889576,
        1.1696707240250557,
        0.875159836795232,
        0.8045182455348098,
        0.7268021803808539,
        0.6557830897028043,
        0.6258477131287529,
        0.613784936805294,
        0.6194200072454535,
        0.6193831493253033,
        0.6005133462210769,
        0.6157427228408862,
        0.6177716787275114,
        0.6080390870162885,
        0.5984233834155618,
        0.6140823554094523,
        0.6042571720671436,
        0.6162111217913018,
        0.6031796306235605
    ],
    "valid_acc": 0.273972602739726,
    "best_acc": 0.8333333333333333,
    "time_elapsed(min)": 7.0,
    "time_elapsed(s)": 49.16232228279114,
    "model_name": "DenseNet",
    "model_name_sub": "densenet161"
}