{
    "cross_number": 1,
    "num_epochs": 20,
    "lr": 0.001,
    "batch_size": 6,
    "train_loss": [
        5.09084647648955,
        3.551091165575263,
        2.413821971579774,
        1.619859141744163,
        1.095668189227581,
        0.7738860547542572,
        0.5213313963111132,
        0.3531970280439478,
        0.32067362622243084,
        0.29105352694551423,
        0.2977576532643543,
        0.2777319051427384,
        0.26523217768089413,
        0.26754349225187957,
        0.24748526799352202,
        0.24310706124628242,
        0.24419948838855307,
        0.24738279975032154,
        0.2400806030284052,
        0.24840313691186577
    ],
    "train_acc": 0.045662100456621,
    "valid_loss": [
        3.585985000819376,
        2.141055798693879,
        1.5109563020810688,
        1.1270357468356824,
        0.8699254536465423,
        0.7863718943849002,
        0.724728517591545,
        0.644640315579225,
        0.6379167173721202,
        0.6527905171252277,
        0.6081441505110428,
        0.6196815271491873,
        0.644521696212357,
        0.6287040844916889,
        0.6105166477189489,
        0.6317346917643939,
        0.6084983641766522,
        0.6135406455229202,
        0.630454253048113,
        0.619222806536988
    ],
    "valid_acc": 0.2191780821917808,
    "best_acc": 0.8310502283105022,
    "time_elapsed(min)": 9.0,
    "time_elapsed(s)": 12.620869159698486,
    "model_name": "DenseNet",
    "model_name_sub": "densenet161"
}