{
    "cross_number": 1,
    "num_epochs": 20,
    "lr": 0.001,
    "batch_size": 4,
    "train_loss": [
        5.208920584966059,
        3.6865951731869075,
        2.5352081830643085,
        1.7646744224034487,
        1.1790930436218166,
        0.814955229815691,
        0.5815390447605419,
        0.3593442557235014,
        0.2914491037170501,
        0.29342800436634997,
        0.25835204107440224,
        0.26343429019700176,
        0.25565182835237893,
        0.22256351184933426,
        0.226309796386998,
        0.23065975548265732,
        0.2223188137320895,
        0.22720451422511986,
        0.21909954227064843,
        0.22534837994775545
    ],
    "train_acc": 0.021689497716894976,
    "valid_loss": [
        3.5568220571840192,
        2.1720151171836677,
        1.5813762075076365,
        1.1132778419547429,
        0.8670537383316859,
        0.769567808974109,
        0.7337328178391337,
        0.6758390696906403,
        0.6234865822238193,
        0.6075202050686869,
        0.6090292930262818,
        0.5838087469160761,
        0.5739797827570814,
        0.5951663988778478,
        0.5675540254387546,
        0.5832911520924198,
        0.5939048408811325,
        0.6051938360999232,
        0.5760226777231653,
        0.5687935624939292
    ],
    "valid_acc": 0.14383561643835616,
    "best_acc": 0.8310502283105022,
    "time_elapsed(min)": 10.0,
    "time_elapsed(s)": 37.71080541610718,
    "model_name": "DenseNet",
    "model_name_sub": "densenet161"
}