{
    "cross_number": 1,
    "num_epochs": 20,
    "lr": 0.001,
    "batch_size": 15,
    "train_loss": [
        5.2627403482998885,
        4.2564538113058425,
        3.216712523813117,
        2.4184185419588875,
        1.8209989313801673,
        1.3648121930556754,
        1.027997185412335,
        0.7938475535340506,
        0.7484674271553347,
        0.7172599905361868,
        0.7036453634500504,
        0.6691682735738689,
        0.654606207235627,
        0.6291528034904231,
        0.6108558619879696,
        0.6193170145868439,
        0.6018162559054486,
        0.6025673516911186,
        0.6134808183430809,
        0.6175145053189911
    ],
    "train_acc": 0.03824200913242009,
    "valid_loss": [
        4.63122853350966,
        3.3960811781556637,
        2.555919882369368,
        1.938296622609439,
        1.5254394681486365,
        1.278388016844449,
        1.0856952316140476,
        1.0622531175613403,
        1.039044589620747,
        1.0183404716726852,
        1.0173330298841816,
        0.9965730207423641,
        0.9969084871141878,
        0.9833749214263812,
        0.9826261290948685,
        0.973475697514129,
        0.9709199058682951,
        0.968810889410646,
        0.9747854965190365,
        0.9609170249880177
    ],
    "valid_acc": 0.24885844748858446,
    "best_acc": 0.8127853881278538,
    "time_elapsed(min)": 7.0,
    "time_elapsed(s)": 32.024043560028076,
    "model_name": "DenseNet",
    "model_name_sub": "densenet161"
}