{
    "cross_number": 1,
    "num_epochs": 20,
    "lr": 0.0025,
    "batch_size": 9,
    "train_loss": [
        4.732951255285577,
        2.4708449965062207,
        1.2828840118360847,
        0.7046460743789396,
        0.39020962487549,
        0.23817993192742132,
        0.14367615996719632,
        0.09026617771461096,
        0.07375567748326145,
        0.06655831145416077,
        0.06512388569455951,
        0.0611568512745865,
        0.06641458178717285,
        0.05609895887287104,
        0.05800296450097573,
        0.05559961008839309,
        0.05491770232058041,
        0.0587820426994705,
        0.055978193049867675,
        0.06034500559007315
    ],
    "train_acc": 0.0839041095890411,
    "valid_loss": [
        2.748872304615909,
        1.4709010805985698,
        1.132900153120903,
        0.8569175044763578,
        0.7553397609967075,
        0.7019003548544563,
        0.654474747303414,
        0.615710936652573,
        0.6195503300285503,
        0.6207355812753308,
        0.6023058693294656,
        0.5972744295603201,
        0.6022141119082497,
        0.6064867936840205,
        0.6099650144372901,
        0.6208471784572283,
        0.6054694935781498,
        0.5912152777795923,
        0.5916370316727521,
        0.5825518795786655
    ],
    "valid_acc": 0.3013698630136986,
    "best_acc": 0.8242009132420091,
    "time_elapsed(min)": 8.0,
    "time_elapsed(s)": 18.998080730438232,
    "model_name": "DenseNet",
    "model_name_sub": "densenet161"
}