{
    "cross_number": 1,
    "num_epochs": 20,
    "lr": 0.0001,
    "batch_size": 5,
    "train_loss": [
        5.414145341474716,
        5.252269449843664,
        5.084879559469005,
        4.906992718237176,
        4.700714588981786,
        4.507056003291857,
        4.304903873842057,
        4.1189949864938376,
        4.113508586878101,
        4.084808575916508,
        4.0668114563918,
        4.045681781148257,
        4.042767943856923,
        4.0148045089963365,
        3.996106793619182,
        3.989664013935551,
        3.997979140444978,
        3.987231368479663,
        3.9812672142296623,
        3.9835640246465327
    ],
    "train_acc": 0.003995433789954338,
    "valid_loss": [
        5.268292691609631,
        5.079890087859272,
        4.861354261772818,
        4.598868784294825,
        4.314123729048254,
        4.004267172726322,
        3.7543492360746478,
        3.722645027452408,
        3.715879901903405,
        3.6917293245933918,
        3.600674889947726,
        3.619740554731186,
        3.586902240639952,
        3.5941972650893748,
        3.5816637674967446,
        3.557203598762756,
        3.5533984093905584,
        3.547244958681603,
        3.592337695430947,
        3.5298178593317666
    ],
    "valid_acc": 0.02054794520547945,
    "best_acc": 0.4748858447488584,
    "time_elapsed(min)": 9.0,
    "time_elapsed(s)": 52.619210720062256,
    "model_name": "DenseNet",
    "model_name_sub": "densenet161"
}