{
    "cross_number": 1,
    "num_epochs": 20,
    "lr": 0.0025,
    "batch_size": 5,
    "train_loss": [
        4.895308087949884,
        2.7773206612290857,
        1.6793728593958024,
        0.9840603645627289,
        0.593090285410994,
        0.35609266334681106,
        0.20736026627300774,
        0.1258793663277108,
        0.08114897825417096,
        0.0769380953000246,
        0.06333790578907059,
        0.06519695500296765,
        0.05850783972703261,
        0.05553593345892246,
        0.05535236135503643,
        0.0545515788178976,
        0.05821208268899437,
        0.048437769336574905,
        0.051371703401992534,
        0.0483658992840598
    ],
    "train_acc": 0.05878995433789954,
    "valid_loss": [
        2.891758371841962,
        1.8878669651675986,
        1.3434229465414127,
        1.0637040864250975,
        1.0876798147833204,
        0.8725917254881981,
        0.8575661042673284,
        0.6590596599050751,
        0.661284035540681,
        0.6504416797675838,
        0.6157966513691957,
        0.6298871648935899,
        0.634990178467759,
        0.6238002141828108,
        0.6152821331921238,
        0.6135130505998232,
        0.6332989741483815,
        0.6367304109974624,
        0.610596689004366,
        0.6322958703901296
    ],
    "valid_acc": 0.2831050228310502,
    "best_acc": 0.8333333333333333,
    "time_elapsed(min)": 9.0,
    "time_elapsed(s)": 54.35447359085083,
    "model_name": "DenseNet",
    "model_name_sub": "densenet161"
}