{
    "cross_number": 1,
    "num_epochs": 20,
    "lr": 0.001,
    "batch_size": 11,
    "train_loss": [
        5.250988731645558,
        4.086919872864196,
        3.051149794908419,
        2.3077305837036812,
        1.7690333839693027,
        1.3345610519794568,
        1.0072439500730332,
        0.7891702744684536,
        0.744060165482705,
        0.7227065610661082,
        0.6896627022455272,
        0.6670503511208378,
        0.6572573933257088,
        0.6351186771234966,
        0.6109409023025264,
        0.611539343992869,
        0.6180828695938195,
        0.6168349955111878,
        0.6068417451016979,
        0.6320094576096971
    ],
    "train_acc": 0.0228310502283105,
    "valid_loss": [
        4.434833276217387,
        3.213914106969964,
        2.3634319414286855,
        1.8520287220880864,
        1.5286839624790296,
        1.282058675131297,
        1.1308075401200552,
        1.089552308054275,
        1.0561845397159932,
        1.0538427623575681,
        1.0379472274894583,
        1.028908734724402,
        1.0189592102074732,
        0.982203407850984,
        0.9952229265480825,
        0.9817652438329235,
        0.9828709859962332,
        0.992356450522327,
        0.9958700539042417,
        0.993289602809845
    ],
    "valid_acc": 0.17579908675799086,
    "best_acc": 0.7785388127853881,
    "time_elapsed(min)": 3.0,
    "time_elapsed(s)": 38.915302991867065,
    "model_name": "DenseNet",
    "model_name_sub": "densenet121"
}