{
    "cross_number": 1,
    "num_epochs": 20,
    "lr": 0.001,
    "batch_size": 12,
    "train_loss": [
        5.259848059040227,
        4.141460340316981,
        3.13921028947177,
        2.401329029096316,
        1.8725195690377119,
        1.4175739574105772,
        1.1031308974305245,
        0.864466378133591,
        0.8241854642760263,
        0.7780972676326151,
        0.7587533656456699,
        0.7413782469213825,
        0.7089971371301232,
        0.7197708507923231,
        0.67710550292714,
        0.6892533328843443,
        0.6759676202519299,
        0.678302163334742,
        0.6714410269505358,
        0.6870519569883607
    ],
    "train_acc": 0.023401826484018264,
    "valid_loss": [
        4.508767323951199,
        3.291189588912546,
        2.463980175044439,
        1.9529945409461245,
        1.5745759794156846,
        1.3327545074567402,
        1.1689376373813576,
        1.1518337040731352,
        1.111451989167357,
        1.0987926215341646,
        1.0578321871692187,
        1.0618010620548302,
        1.0578492283821106,
        1.0331276124470854,
        1.0343611599647835,
        1.0354420420241683,
        1.0467775602863258,
        1.0323954673662579,
        1.0268961852543974,
        1.0304364684509904
    ],
    "valid_acc": 0.1552511415525114,
    "best_acc": 0.7625570776255708,
    "time_elapsed(min)": 3.0,
    "time_elapsed(s)": 39.36882662773132,
    "model_name": "DenseNet",
    "model_name_sub": "densenet121"
}