{
    "cross_number": 1,
    "num_epochs": 20,
    "lr": 0.0025,
    "batch_size": 9,
    "train_loss": [
        4.940761668224857,
        2.866294154565628,
        1.696198048554871,
        1.0380271067460105,
        0.6088740596522207,
        0.42355058730056844,
        0.26026767672179907,
        0.16055530680292476,
        0.1339193209367868,
        0.12363159537238821,
        0.11505657256491585,
        0.1100585515585358,
        0.10690314085414149,
        0.10652475061584009,
        0.10042776070114175,
        0.09969600589231473,
        0.0960100136556956,
        0.10137724297197714,
        0.09949006574636657,
        0.08726904753353192
    ],
    "train_acc": 0.05194063926940639,
    "valid_loss": [
        3.165575683933415,
        1.9362823697802138,
        1.3557421040453324,
        1.109545834260444,
        0.9878900640018998,
        0.9183302147135343,
        0.8409529616673516,
        0.7532088712674297,
        0.7134071952369931,
        0.7067827067963065,
        0.6986690291701114,
        0.7014191029976083,
        0.6842709818523224,
        0.6897675293459468,
        0.6822504445093952,
        0.6967013083551437,
        0.69685692337584,
        0.6957513148041621,
        0.6972809255327264,
        0.6971520813156481
    ],
    "valid_acc": 0.2602739726027397,
    "best_acc": 0.8036529680365296,
    "time_elapsed(min)": 3.0,
    "time_elapsed(s)": 50.670228004455566,
    "model_name": "DenseNet",
    "model_name_sub": "densenet121"
}