{
    "cross_number": 1,
    "num_epochs": 20,
    "lr": 0.001,
    "batch_size": 15,
    "train_loss": [
        5.34156977068888,
        4.426225603851553,
        3.4569304197618407,
        2.7105325239978426,
        2.1014147247761894,
        1.6454650620891624,
        1.295451376229933,
        1.0462694137471995,
        1.0124927746923003,
        0.9770977230717058,
        0.9511229827591817,
        0.9211930944903256,
        0.9184448871098153,
        0.8654028241560884,
        0.8544102564249954,
        0.8650107780752117,
        0.8385937657870658,
        0.8518274476471013,
        0.841708557858859,
        0.8475244915852808
    ],
    "train_acc": 0.015410958904109588,
    "valid_loss": [
        4.802818174231542,
        3.735168504388365,
        2.8769023630717028,
        2.310756079954644,
        1.8613109196702096,
        1.5897401840719458,
        1.3910408914089203,
        1.3601371894960534,
        1.3280623865454164,
        1.3268528323467463,
        1.2880152180178526,
        1.2916247215989518,
        1.271045929765048,
        1.2766498343585289,
        1.2422368975534832,
        1.2577763359024101,
        1.2491145885153994,
        1.2496420802318886,
        1.247434041679722,
        1.2391238700445384
    ],
    "valid_acc": 0.1324200913242009,
    "best_acc": 0.726027397260274,
    "time_elapsed(min)": 3.0,
    "time_elapsed(s)": 46.17833495140076,
    "model_name": "DenseNet",
    "model_name_sub": "densenet121"
}