{
    "cross_number": 1,
    "num_epochs": 20,
    "lr": 0.0025,
    "batch_size": 14,
    "train_loss": [
        5.041380021397926,
        3.1336447637375087,
        1.9125523946873129,
        1.2046161221859117,
        0.7702485824760781,
        0.5113981924270659,
        0.3401001113292561,
        0.21235048382215577,
        0.1900554972033114,
        0.17959227953021112,
        0.17013044794808785,
        0.16381669712155106,
        0.15508927357251243,
        0.1500242250763118,
        0.15552663445455706,
        0.1424463724241205,
        0.1432527980839485,
        0.14328384196989613,
        0.1394243905890614,
        0.1459457750632066
    ],
    "train_acc": 0.048515981735159815,
    "valid_loss": [
        3.6455421447753906,
        2.1344191271420483,
        1.568600554444474,
        1.2038455541547575,
        1.0743944582329492,
        0.929846659915088,
        0.8531855759827514,
        0.7876233030535859,
        0.7879455137198375,
        0.755781889778294,
        0.7641947108860974,
        0.7504004186963382,
        0.7603192868298048,
        0.73022040860838,
        0.758757554232802,
        0.7398161241725155,
        0.7425706086501683,
        0.7367554779194262,
        0.7418160706622415,
        0.7257488535283363
    ],
    "valid_acc": 0.2237442922374429,
    "best_acc": 0.8082191780821917,
    "time_elapsed(min)": 3.0,
    "time_elapsed(s)": 32.45749473571777,
    "model_name": "DenseNet",
    "model_name_sub": "densenet121"
}