{
    "cross_number": 1,
    "num_epochs": 20,
    "lr": 0.001,
    "batch_size": 4,
    "train_loss": [
        5.20496768385308,
        3.8952464600131935,
        2.882830672340306,
        2.1418626307080326,
        1.5866106877179995,
        1.1745110409989206,
        0.8967180886225069,
        0.5999532157053414,
        0.5194059950575981,
        0.4990890667216691,
        0.4617390688253592,
        0.45429548486795057,
        0.4225789882480826,
        0.43115495592695935,
        0.3893279830104412,
        0.3797185153330434,
        0.38520568951147877,
        0.3963637505594182,
        0.3938111331330859,
        0.40131529313448355
    ],
    "train_acc": 0.033105022831050226,
    "valid_loss": [
        3.7706123944286887,
        2.511832810972379,
        1.8426619324509956,
        1.479313182776377,
        1.2719539422967119,
        1.0954451109006254,
        0.9937420555445702,
        0.7999019141406774,
        0.7689871207202814,
        0.7503311029852253,
        0.7700815041587777,
        0.745710953729882,
        0.7478879461592259,
        0.7403246488711334,
        0.7299333940766174,
        0.728508785367012,
        0.7323733904828492,
        0.7154200884033012,
        0.7087356119191266,
        0.721880697071144
    ],
    "valid_acc": 0.13470319634703196,
    "best_acc": 0.8036529680365296,
    "time_elapsed(min)": 4.0,
    "time_elapsed(s)": 59.178481101989746,
    "model_name": "DenseNet",
    "model_name_sub": "densenet121"
}