{
    "cross_number": 1,
    "num_epochs": 20,
    "lr": 0.001,
    "batch_size": 5,
    "train_loss": [
        5.216140257033039,
        3.8359828274271806,
        2.8193924052121977,
        2.040269213452187,
        1.5149528007427036,
        1.1199326781581527,
        0.8127762367906364,
        0.5789261312228223,
        0.4949024697025753,
        0.49515220516926894,
        0.4502682650725455,
        0.4484959289550645,
        0.41190017231625237,
        0.41277890270958617,
        0.3833351375271468,
        0.4078112407991467,
        0.3819379734819474,
        0.3828048578050991,
        0.3940430053947791,
        0.3852790972966378
    ],
    "train_acc": 0.028538812785388126,
    "valid_loss": [
        3.8837036710895902,
        2.521900162849252,
        1.8214484566150735,
        1.437760203668516,
        1.178775314734951,
        1.0079077495831876,
        0.911540893965388,
        0.7681213056128557,
        0.7741640196203097,
        0.7735963940756506,
        0.747407312959977,
        0.7599112363872395,
        0.7366058669014744,
        0.7399760755842135,
        0.7105459363016908,
        0.72541764242464,
        0.7124009351990267,
        0.7270420635603878,
        0.7125391408154681,
        0.7263968597638281
    ],
    "valid_acc": 0.1415525114155251,
    "best_acc": 0.7922374429223744,
    "time_elapsed(min)": 4.0,
    "time_elapsed(s)": 28.342785835266113,
    "model_name": "DenseNet",
    "model_name_sub": "densenet121"
}