{
    "cross_number": 1,
    "num_epochs": 20,
    "lr": 0.0001,
    "batch_size": 6,
    "train_loss": [
        5.468149227638767,
        5.2988599718433536,
        5.13852936764286,
        4.985541608235607,
        4.814338452195468,
        4.655138479520197,
        4.4616213791990935,
        4.338826501206176,
        4.30261084314895,
        4.292796575859802,
        4.260506159638705,
        4.26694457008414,
        4.227890779710796,
        4.226052267094181,
        4.201435774156492,
        4.194705910062137,
        4.197025891036203,
        4.198497973076285,
        4.2092520684412085,
        4.192302673646848
    ],
    "train_acc": 0.006278538812785388,
    "valid_loss": [
        5.34296586415539,
        5.187179885498465,
        5.03524558184898,
        4.845798165830847,
        4.648620742641083,
        4.413912528181729,
        4.193331587804507,
        4.195812248203852,
        4.1611126449010145,
        4.135481965051938,
        4.099578034387876,
        4.115883758623306,
        4.064274209819428,
        4.06290564798329,
        4.021855432693273,
        4.017315139509227,
        4.026975932186597,
        4.0644685601534905,
        4.051279120249291,
        4.0306376953647565
    ],
    "valid_acc": 0.0045662100456621,
    "best_acc": 0.3926940639269406,
    "time_elapsed(min)": 4.0,
    "time_elapsed(s)": 22.093852996826172,
    "model_name": "DenseNet",
    "model_name_sub": "densenet121"
}