{
    "cross_number": 1,
    "num_epochs": 20,
    "lr": 0.001,
    "batch_size": 7,
    "train_loss": [
        5.212445438452507,
        3.8806868259493075,
        2.854366976376538,
        2.083407047880839,
        1.5365387303031743,
        1.1635226748169285,
        0.8668033325253692,
        0.6341665393107285,
        0.5750890305971719,
        0.5544311442246584,
        0.5075831403998343,
        0.49107136553553143,
        0.4739487976873438,
        0.4638446183050196,
        0.46572269431260077,
        0.4560652818556314,
        0.45168690987305554,
        0.44503489897913856,
        0.4546281993474182,
        0.45893811652241234
    ],
    "train_acc": 0.02968036529680365,
    "valid_loss": [
        4.094644693479146,
        2.7068057395007514,
        1.962459450987376,
        1.5196413033084781,
        1.2689080807852418,
        1.098687421785642,
        0.9569933311716062,
        0.89288280604909,
        0.8835032411838231,
        0.8674131495767532,
        0.8311541279497212,
        0.8310296274381413,
        0.8219068814494294,
        0.7875113688307266,
        0.8209080901932498,
        0.8026036086011695,
        0.8290854996265886,
        0.8107347672456475,
        0.7871685309088938,
        0.7944131932098027
    ],
    "valid_acc": 0.1963470319634703,
    "best_acc": 0.7808219178082192,
    "time_elapsed(min)": 4.0,
    "time_elapsed(s)": 3.156834125518799,
    "model_name": "DenseNet",
    "model_name_sub": "densenet121"
}