{
    "cross_number": 1,
    "num_epochs": 20,
    "lr": 0.001,
    "batch_size": 13,
    "train_loss": [
        5.280112826388721,
        4.240918900052162,
        3.259361092494503,
        2.5226496853376634,
        1.9254338775323405,
        1.5369005016812451,
        1.1966983732771657,
        0.9432503018000898,
        0.8880258947610855,
        0.8739581116258281,
        0.8388848178190728,
        0.8033495701543273,
        0.8066651134254181,
        0.7873493477906266,
        0.7681847649826307,
        0.7643879289190246,
        0.7510950317835972,
        0.7538492041533669,
        0.7582768833086099,
        0.750668365882548
    ],
    "train_acc": 0.02226027397260274,
    "valid_loss": [
        4.592630490864793,
        3.4183808461716185,
        2.6238202809198805,
        2.055859539878967,
        1.6958885641947186,
        1.4390695281496875,
        1.2444099356594696,
        1.2006087108561982,
        1.1993140898746988,
        1.1720019953163792,
        1.1446481996203122,
        1.1360092450222468,
        1.1349362598978765,
        1.1075753942472206,
        1.1225249028369173,
        1.1199983461806764,
        1.1049355566501617,
        1.1163018451978082,
        1.1070751075603102,
        1.094340437147171
    ],
    "valid_acc": 0.12557077625570776,
    "best_acc": 0.7671232876712328,
    "time_elapsed(min)": 3.0,
    "time_elapsed(s)": 34.97994780540466,
    "model_name": "DenseNet",
    "model_name_sub": "densenet121"
}