{
    "cross_number": 1,
    "num_epochs": 20,
    "lr": 0.0001,
    "batch_size": 8,
    "train_loss": [
        5.448131924894847,
        5.29532839065273,
        5.1550021585264165,
        5.019746357991815,
        4.875905237241422,
        4.723442031912608,
        4.563897873168667,
        4.46017507439879,
        4.427324620556069,
        4.411435812031297,
        4.386173973344777,
        4.376051711165197,
        4.365544250566665,
        4.349585544028783,
        4.3193571523988625,
        4.334474950076238,
        4.3244114118079615,
        4.339070043607389,
        4.324327239162845,
        4.30965910872368
    ],
    "train_acc": 0.0017123287671232876,
    "valid_loss": [
        5.329186372016663,
        5.212158782297074,
        5.083014268309014,
        4.940009576544914,
        4.77312826348222,
        4.591971488848125,
        4.422733224145898,
        4.394634109653839,
        4.378201915793223,
        4.372400535296087,
        4.343142905736078,
        4.332531628543383,
        4.317387948841809,
        4.292897506391621,
        4.304689674072614,
        4.291099700753548,
        4.27514209159433,
        4.297589876880385,
        4.284702061518142,
        4.261025977461306
    ],
    "valid_acc": 0.0045662100456621,
    "best_acc": 0.3013698630136986,
    "time_elapsed(min)": 4.0,
    "time_elapsed(s)": 0.9011821746826172,
    "model_name": "DenseNet",
    "model_name_sub": "densenet121"
}