{
    "cross_number": 1,
    "num_epochs": 20,
    "lr": 0.0025,
    "batch_size": 4,
    "train_loss": [
        5.268800630961379,
        3.6951024292810866,
        2.5599933146886085,
        1.875943341687934,
        1.480578548015525,
        1.0875009920737242,
        0.8608579292689285,
        0.43599012708844254,
        0.2815507887331046,
        0.23847287721277033,
        0.2030323597849198,
        0.19647962163674504,
        0.19497099856008268,
        0.181303233254837,
        0.14473755995330473,
        0.15209652238512691,
        0.15657983474926726,
        0.162991368033196,
        0.1680798169361538,
        0.1578111714475095
    ],
    "train_acc": 0.03595890410958904,
    "valid_loss": [
        3.5583484521195223,
        2.825626825360947,
        2.1418036615059255,
        1.9352517673686214,
        1.589961140467594,
        1.5813399247535969,
        1.4738653128686017,
        0.9808653046081447,
        0.9419850748538393,
        0.913789308947813,
        0.9308787439960442,
        0.9222104090954854,
        0.8964043530937471,
        0.9118304832638603,
        0.8690586057980652,
        0.8824502895126378,
        0.8719138872825855,
        0.8829851589898141,
        0.8814131068788706,
        0.8509059948208806
    ],
    "valid_acc": 0.18493150684931506,
    "best_acc": 0.773972602739726,
    "time_elapsed(min)": 5.0,
    "time_elapsed(s)": 4.99368143081665,
    "model_name": "DenseNet",
    "model_name_sub": "densenet121"
}