{
    "cross_number": 1,
    "num_epochs": 20,
    "lr": 0.0001,
    "batch_size": 5,
    "train_loss": [
        5.446690425753049,
        5.281222096044723,
        5.122725803285973,
        4.949289631898,
        4.766988713991696,
        4.598969922762484,
        4.414457134324122,
        4.258663540289282,
        4.235588246692806,
        4.205907975157646,
        4.178496755421434,
        4.180500746589818,
        4.155275518899639,
        4.161168055991604,
        4.12447076668478,
        4.110696974682481,
        4.123648054387472,
        4.12634136279424,
        4.120176945102814,
        4.111184137188681
    ],
    "train_acc": 0.007420091324200913,
    "valid_loss": [
        5.3058200807876235,
        5.1332609250665255,
        4.9632651032922475,
        4.745183925106101,
        4.50439303814004,
        4.279035556806277,
        4.026206564685525,
        4.032951978243649,
        4.023629569571857,
        3.9490657505923754,
        3.9622746901969386,
        3.9407438812734874,
        3.9013994404170065,
        3.8859318614550378,
        3.8618560163942104,
        3.867084187459728,
        3.8951877350132214,
        3.8566811335141256,
        3.8728530390621865,
        3.884919924278782
    ],
    "valid_acc": 0.01598173515981735,
    "best_acc": 0.365296803652968,
    "time_elapsed(min)": 4.0,
    "time_elapsed(s)": 36.320671796798706,
    "model_name": "DenseNet",
    "model_name_sub": "densenet121"
}