{
    "cross_number": 1,
    "num_epochs": 20,
    "lr": 0.0025,
    "batch_size": 7,
    "train_loss": [
        4.914054421665462,
        2.9849741672544177,
        1.797429627683609,
        1.1772954871529313,
        0.7675014090847615,
        0.4823950012788585,
        0.3368806568076451,
        0.17656043859636708,
        0.14592267432330883,
        0.1313346668176319,
        0.11463922952922682,
        0.1125894289965567,
        0.10282172623396635,
        0.09883457635099825,
        0.09576042460120329,
        0.09300774250436812,
        0.09595027817817209,
        0.09429499034697539,
        0.08833947491972413,
        0.09560317326269058
    ],
    "train_acc": 0.062214611872146115,
    "valid_loss": [
        3.2155152360598245,
        2.0218782766496752,
        1.4607413760875458,
        1.1500379730815484,
        1.0065632143555439,
        0.9121972903881443,
        0.932787163140567,
        0.7795966326356887,
        0.7160419357566324,
        0.7204376973858163,
        0.6938947514847738,
        0.6848777359070843,
        0.6852583869713355,
        0.670402801621144,
        0.721881701891655,
        0.6809567623882296,
        0.6750709016182243,
        0.6833204264799345,
        0.6656828369077754,
        0.6808660426389715
    ],
    "valid_acc": 0.24429223744292236,
    "best_acc": 0.821917808219178,
    "time_elapsed(min)": 4.0,
    "time_elapsed(s)": 7.607609987258911,
    "model_name": "DenseNet",
    "model_name_sub": "densenet121"
}