{
    "cross_number": 1,
    "num_epochs": 20,
    "lr": 0.0025,
    "batch_size": 6,
    "train_loss": [
        5.022756739021981,
        3.0449877430314887,
        1.8737477025348845,
        1.244050157856043,
        0.8226143592738941,
        0.5118065568018858,
        0.3507653240956468,
        0.18883954368097938,
        0.14534312774975822,
        0.13069202192127705,
        0.11653039814291956,
        0.10604202024613137,
        0.10265415943584928,
        0.0980445937802122,
        0.08391469566164257,
        0.08758383758736085,
        0.09096376666773671,
        0.09717711140337872,
        0.08730982721477032,
        0.08853266356921155
    ],
    "train_acc": 0.04794520547945205,
    "valid_loss": [
        3.2502831988138694,
        1.9066632622725344,
        1.6563453999896571,
        1.2179113967369681,
        1.0893281391018057,
        0.9565157241711061,
        0.8642952099238357,
        0.7469731685641694,
        0.7224895888811922,
        0.7079150992994235,
        0.6924709793027133,
        0.6913947860442408,
        0.6803073140805307,
        0.679828687826146,
        0.6760028155444011,
        0.6791186081245542,
        0.6805216564911686,
        0.6846157809438771,
        0.6939121248927733,
        0.6897991743857321
    ],
    "valid_acc": 0.228310502283105,
    "best_acc": 0.7945205479452054,
    "time_elapsed(min)": 4.0,
    "time_elapsed(s)": 20.616808652877808,
    "model_name": "DenseNet",
    "model_name_sub": "densenet121"
}