{
    "cross_number": 1,
    "num_epochs": 20,
    "lr": 0.0001,
    "batch_size": 4,
    "train_loss": [
        5.448900234753682,
        5.2622380517933465,
        5.109686767673928,
        4.909244642954439,
        4.726349677125069,
        4.553064423064663,
        4.3713486347024295,
        4.214201272894803,
        4.1998149347087566,
        4.177295372910695,
        4.158817820897386,
        4.134900228073608,
        4.120262503079628,
        4.09439139823391,
        4.0812713604539494,
        4.079303444792691,
        4.093317440111343,
        4.082910623724602,
        4.073949515547382,
        4.0788692252276695
    ],
    "train_acc": 0.008561643835616438,
    "valid_loss": [
        5.254439288622712,
        5.069781477592851,
        4.867690994314952,
        4.651971797420554,
        4.393134352279036,
        4.1310097115224895,
        3.846750261576753,
        3.846707089306557,
        3.8114211308901713,
        3.7947494972786404,
        3.746582076974111,
        3.7476920613415166,
        3.73194452725589,
        3.716912219513497,
        3.6961255225961067,
        3.697788362633692,
        3.6868433190263024,
        3.668916409418463,
        3.703810260720449,
        3.6745062810645255
    ],
    "valid_acc": 0.0182648401826484,
    "best_acc": 0.3721461187214612,
    "time_elapsed(min)": 5.0,
    "time_elapsed(s)": 6.843793869018555,
    "model_name": "DenseNet",
    "model_name_sub": "densenet121"
}