{
    "cross_number": 1,
    "num_epochs": 20,
    "lr": 0.0001,
    "batch_size": 15,
    "train_loss": [
        5.457797109264217,
        5.3491263136471785,
        5.250165850332339,
        5.152417161693312,
        5.052063805599735,
        4.952408611774445,
        4.852262801503482,
        4.774944200907668,
        4.751255958047632,
        4.745276108180007,
        4.746017981881964,
        4.723513322333767,
        4.703014929000646,
        4.703215062618256,
        4.69377180403226,
        4.692452583410969,
        4.690274939961629,
        4.687442791788546,
        4.687997813910654,
        4.690213035230768
    ],
    "train_acc": 0.006278538812785388,
    "valid_loss": [
        5.391718926495069,
        5.304326070498114,
        5.2194283171875835,
        5.132571354304274,
        5.0354573628673815,
        4.939330434145993,
        4.839485005156635,
        4.818178026643518,
        4.814792531810395,
        4.805853458300029,
        4.788483978950814,
        4.775555724967016,
        4.765878200531006,
        4.763046983170183,
        4.765542869698511,
        4.760516898272789,
        4.757706580096728,
        4.754645357393239,
        4.74969578769109,
        4.754506891720916
    ],
    "valid_acc": 0.01141552511415525,
    "best_acc": 0.1689497716894977,
    "time_elapsed(min)": 3.0,
    "time_elapsed(s)": 47.731207847595215,
    "model_name": "DenseNet",
    "model_name_sub": "densenet121"
}