{
    "cross_number": 1,
    "num_epochs": 20,
    "lr": 0.0025,
    "batch_size": 15,
    "train_loss": [
        5.009777817824116,
        3.0852246960140253,
        1.9112713708452982,
        1.193998706157077,
        0.7456984525061634,
        0.4999591040182604,
        0.34298831459185847,
        0.21183455669104237,
        0.1856098615322007,
        0.1833385181396383,
        0.1705425053783884,
        0.1608114080656677,
        0.1575481433115185,
        0.1583223809322266,
        0.1469376663715668,
        0.14335736591522008,
        0.1446916375130619,
        0.1448237795816505,
        0.14149762007522665,
        0.14317090791484263
    ],
    "train_acc": 0.0547945205479452,
    "valid_loss": [
        3.5537768684021414,
        2.206305012311021,
        1.527966175177326,
        1.2277278932806563,
        1.0461067762481022,
        0.9544137540745409,
        0.8356769146168068,
        0.7910482877329604,
        0.768675674416431,
        0.7672713288705643,
        0.755983976060397,
        0.7487790682544447,
        0.7522045712764949,
        0.7474623185722795,
        0.7527903548046334,
        0.7513714553150412,
        0.7576607255494758,
        0.7524854448968417,
        0.7509739660236934,
        0.7513664817973359
    ],
    "valid_acc": 0.27625570776255703,
    "best_acc": 0.8150684931506849,
    "time_elapsed(min)": 3.0,
    "time_elapsed(s)": 46.96888589859009,
    "model_name": "DenseNet",
    "model_name_sub": "densenet121"
}