{
    "cross_number": 1,
    "num_epochs": 20,
    "lr": 0.0025,
    "batch_size": 13,
    "train_loss": [
        4.970198605838976,
        3.0414814211462184,
        1.7835164388565168,
        1.091116264870722,
        0.6953522310545456,
        0.44364647079922565,
        0.28786284591339223,
        0.18803694588238518,
        0.1581889988990611,
        0.14907318722779891,
        0.1476955137058208,
        0.14132376750888617,
        0.13683886320402497,
        0.12707316243306618,
        0.12849323132785556,
        0.12749646750351065,
        0.13121401990410875,
        0.1295806845250331,
        0.12885441896016603,
        0.12504777244024284
    ],
    "train_acc": 0.05650684931506849,
    "valid_loss": [
        3.4263461898995318,
        2.074021738958141,
        1.4933075353707352,
        1.1425917075785328,
        0.9992854523059984,
        0.9109743677045656,
        0.8332466735551346,
        0.7925601099962241,
        0.7644862330531421,
        0.7740244642240272,
        0.765935206930387,
        0.7620381870090145,
        0.7625483881733189,
        0.7629822832468438,
        0.7616984109696188,
        0.7696669660338528,
        0.7534282706235642,
        0.7577925020293014,
        0.7549550780626737,
        0.7507723108206166
    ],
    "valid_acc": 0.2831050228310502,
    "best_acc": 0.8082191780821917,
    "time_elapsed(min)": 3.0,
    "time_elapsed(s)": 35.4267201423645,
    "model_name": "DenseNet",
    "model_name_sub": "densenet121"
}