{
    "cross_number": 1,
    "num_epochs": 20,
    "lr": 0.001,
    "batch_size": 9,
    "train_loss": [
        5.218365790909284,
        3.994038459781098,
        2.9670060930186755,
        2.1941648568600822,
        1.6475021489066621,
        1.2526319787314493,
        0.9733160121800148,
        0.6975908056922155,
        0.6436184947315144,
        0.6213324494557838,
        0.605008317897581,
        0.5996931005422383,
        0.5634749068381035,
        0.5580903798954128,
        0.5370680602037743,
        0.530725728924552,
        0.5227215597023295,
        0.5237301808003694,
        0.5338786941480963,
        0.5416546385633211
    ],
    "train_acc": 0.02454337899543379,
    "valid_loss": [
        4.258967513907446,
        3.01513205815668,
        2.201348506424525,
        1.6966292392717648,
        1.4094026166282287,
        1.2191466060403275,
        1.0413829118829885,
        0.9979070033112617,
        0.971556595335268,
        0.9568472647503631,
        0.9418261247138454,
        0.9386097619386569,
        0.9315345399592021,
        0.9158017682294323,
        0.931597257721914,
        0.9217684995638181,
        0.9269187881113732,
        0.9218977001840121,
        0.9134035704478826,
        0.935197722626059
    ],
    "valid_acc": 0.17123287671232876,
    "best_acc": 0.7899543378995433,
    "time_elapsed(min)": 3.0,
    "time_elapsed(s)": 49.56008839607239,
    "model_name": "DenseNet",
    "model_name_sub": "densenet121"
}