{
    "cross_number": 1,
    "num_epochs": 20,
    "lr": 0.0001,
    "batch_size": 10,
    "train_loss": [
        5.476306774844862,
        5.342741943385503,
        5.225362074429586,
        5.0866361965327505,
        4.9749508834865,
        4.839324595721345,
        4.715002049594165,
        4.59845693633981,
        4.583089942257154,
        4.565247558567622,
        4.552847395748852,
        4.535383066630255,
        4.5229365052697865,
        4.511406928981276,
        4.498744074612448,
        4.503104853303465,
        4.495996867140678,
        4.493815085114954,
        4.498086204267528,
        4.488456887741611
    ],
    "train_acc": 0.0045662100456621,
    "valid_loss": [
        5.385535116065038,
        5.269706162143516,
        5.145982801097713,
        5.0421169751311,
        4.896490689282004,
        4.7923503401072605,
        4.637130804802185,
        4.607195044217044,
        4.562403374066636,
        4.594046577471032,
        4.548612422594741,
        4.495595963578246,
        4.533434706735829,
        4.518161260918395,
        4.491966416302337,
        4.502235352720844,
        4.484173517793281,
        4.487982084762016,
        4.489068583266376,
        4.498907105563438
    ],
    "valid_acc": 0.0091324200913242,
    "best_acc": 0.2420091324200913,
    "time_elapsed(min)": 3.0,
    "time_elapsed(s)": 45.20309352874756,
    "model_name": "DenseNet",
    "model_name_sub": "densenet121"
}