{
    "cross_number": 1,
    "num_epochs": 20,
    "lr": 0.0001,
    "batch_size": 9,
    "train_loss": [
        5.439677157630659,
        5.301568957224284,
        5.172364592552185,
        5.048564253604575,
        4.904857531802295,
        4.7774999141693115,
        4.624752483955802,
        4.5043175636905515,
        4.4899502633369135,
        4.467965455904399,
        4.468505888769071,
        4.440428772201277,
        4.417310326066736,
        4.400242101656247,
        4.385612681303939,
        4.4058340379636585,
        4.390106264042528,
        4.400761552869457,
        4.388482293037519,
        4.396747222501937
    ],
    "train_acc": 0.007990867579908675,
    "valid_loss": [
        5.332655217549572,
        5.211032648609109,
        5.08468372854468,
        4.953952779508617,
        4.821957506545602,
        4.670388600597643,
        4.504998651269364,
        4.483624308076624,
        4.453410925930494,
        4.466550603304824,
        4.391083567109827,
        4.401812359078289,
        4.404671928653978,
        4.365355824770993,
        4.345523651332071,
        4.353564406094486,
        4.376537891283427,
        4.3842632966498805,
        4.359035658509764,
        4.356994349662572
    ],
    "valid_acc": 0.02054794520547945,
    "best_acc": 0.29452054794520544,
    "time_elapsed(min)": 3.0,
    "time_elapsed(s)": 51.73456406593323,
    "model_name": "DenseNet",
    "model_name_sub": "densenet121"
}