{
    "cross_number": 1,
    "num_epochs": 20,
    "lr": 0.0001,
    "batch_size": 12,
    "train_loss": [
        5.476825563874963,
        5.3584194999851595,
        5.2333092885474635,
        5.136873614298154,
        5.015440379103569,
        4.898940181078976,
        4.7850979288963424,
        4.6877299171604525,
        4.671186669232094,
        4.657941736587106,
        4.658539922270056,
        4.639376522743539,
        4.6237221482681905,
        4.604576094509804,
        4.6003701196957945,
        4.5997742496124685,
        4.593248364043562,
        4.600403524424932,
        4.598644390498122,
        4.602055180562686
    ],
    "train_acc": 0.003424657534246575,
    "valid_loss": [
        5.411750897969285,
        5.305314736823513,
        5.213957838816185,
        5.10216164915529,
        5.000257283040922,
        4.878496947353834,
        4.769845374642986,
        4.756705538867271,
        4.731884322754325,
        4.705417874741228,
        4.714313827148856,
        4.7132059450018895,
        4.687321558390578,
        4.679449453745803,
        4.660657183764732,
        4.655586673788829,
        4.656083159250755,
        4.672459230031053,
        4.6702574834431685,
        4.667745178692962
    ],
    "valid_acc": 0.00684931506849315,
    "best_acc": 0.20776255707762556,
    "time_elapsed(min)": 3.0,
    "time_elapsed(s)": 40.634254932403564,
    "model_name": "DenseNet",
    "model_name_sub": "densenet121"
}