{
    "cross_number": 1,
    "num_epochs": 20,
    "lr": 0.001,
    "batch_size": 8,
    "train_loss": [
        5.2157867139877245,
        3.9397387994478827,
        2.8749595864178383,
        2.083953380040382,
        1.5332921601865934,
        1.1749036913593065,
        0.8755992803399422,
        0.631795531742649,
        0.594022807193129,
        0.5629978071745128,
        0.5496020529368152,
        0.5128070095630541,
        0.49735126402824437,
        0.4928838103737461,
        0.45834934636610286,
        0.4646922694221479,
        0.47270774609966365,
        0.4705451954853589,
        0.48227506624237043,
        0.4533550710710761
    ],
    "train_acc": 0.02910958904109589,
    "valid_loss": [
        4.1849666425626575,
        2.8561898976156157,
        2.0606561327633792,
        1.587334220812201,
        1.306975444702253,
        1.1181881286237882,
        0.9856355218854669,
        0.9072033466269437,
        0.8976865043378857,
        0.8701080358736047,
        0.867647293223638,
        0.8731042519551978,
        0.8678900770945092,
        0.8378556079516127,
        0.8356850543250777,
        0.8171445976381433,
        0.8192412249029499,
        0.8223016027990542,
        0.8352885197286737,
        0.8410514100501526
    ],
    "valid_acc": 0.2054794520547945,
    "best_acc": 0.7968036529680365,
    "time_elapsed(min)": 3.0,
    "time_elapsed(s)": 55.86998176574707,
    "model_name": "DenseNet",
    "model_name_sub": "densenet121"
}