{
    "cross_number": 1,
    "num_epochs": 20,
    "lr": 0.0001,
    "batch_size": 7,
    "train_loss": [
        5.45677123929812,
        5.303800130271476,
        5.157483160767925,
        5.008275340681207,
        4.85034181728755,
        4.695562586664609,
        4.532570494364386,
        4.4066258785931485,
        4.369284514286747,
        4.354784679603359,
        4.342566081786265,
        4.3171531473664935,
        4.313563281814802,
        4.2988414418751795,
        4.280618358692622,
        4.283934577006727,
        4.278611365246446,
        4.281723842909347,
        4.274407239673344,
        4.267014990114186
    ],
    "train_acc": 0.006278538812785388,
    "valid_loss": [
        5.332478364308675,
        5.199174412853641,
        5.060988677691107,
        4.899614322131083,
        4.727170196298051,
        4.516365728421842,
        4.328936841934239,
        4.291553190854042,
        4.28082092058713,
        4.260338692360273,
        4.223175151707375,
        4.235430798029791,
        4.166508424227641,
        4.181340711846199,
        4.186014497116821,
        4.208265949057662,
        4.196130759095492,
        4.180195532977309,
        4.191723574786426,
        4.189079035907032
    ],
    "valid_acc": 0.00684931506849315,
    "best_acc": 0.3150684931506849,
    "time_elapsed(min)": 4.0,
    "time_elapsed(s)": 7.1372082233428955,
    "model_name": "DenseNet",
    "model_name_sub": "densenet121"
}