{
    "cross_number": 1,
    "num_epochs": 20,
    "lr": 0.0025,
    "batch_size": 11,
    "train_loss": [
        4.91299406442468,
        2.865820602467071,
        1.7029757048237268,
        1.0722404595923751,
        0.6802070373371584,
        0.4449671237606164,
        0.30835097315019533,
        0.18785690043555342,
        0.15377014821403784,
        0.13573671152313413,
        0.13130773430196865,
        0.12546521834136076,
        0.11592965314513472,
        0.11690162519443797,
        0.112503882801611,
        0.1093690453573517,
        0.11020600978183011,
        0.10960619506472934,
        0.10838547883529777,
        0.11006460295029019
    ],
    "train_acc": 0.06621004566210045,
    "valid_loss": [
        3.2229833635565353,
        1.969846913803658,
        1.3822713057472282,
        1.0843580610811983,
        0.9305877716165699,
        0.8619171886547515,
        0.8500103165297748,
        0.735994850476719,
        0.7038124195857135,
        0.6881646318999055,
        0.6931105184296494,
        0.7099024951798186,
        0.7072556476750874,
        0.6815259851277147,
        0.7056291247611721,
        0.6724095543906025,
        0.6770444049342582,
        0.6810080478452656,
        0.6856785610862518,
        0.6704310663554767
    ],
    "valid_acc": 0.2785388127853881,
    "best_acc": 0.8105022831050228,
    "time_elapsed(min)": 3.0,
    "time_elapsed(s)": 40.1405131816864,
    "model_name": "DenseNet",
    "model_name_sub": "densenet121"
}