{
    "cross_number": 1,
    "num_epochs": 20,
    "lr": 0.0025,
    "batch_size": 8,
    "train_loss": [
        4.866106445930864,
        2.793538994985084,
        1.6539142869378878,
        1.0536393955962298,
        0.6699609536014192,
        0.4226592618580823,
        0.2673050734686525,
        0.17438072524114287,
        0.1288961525921408,
        0.11915105448601997,
        0.10767694858655538,
        0.10316243481112125,
        0.10548365937724505,
        0.10299058409076031,
        0.09454543712510638,
        0.08905820678664397,
        0.09416718675529576,
        0.08915979612499611,
        0.09421280338577756,
        0.09260505545016838
    ],
    "train_acc": 0.06735159817351598,
    "valid_loss": [
        3.0423639386756234,
        1.8758307929452696,
        1.3693788778291989,
        1.1206032492254423,
        0.955130009618524,
        0.8165314339067293,
        0.8223364229343798,
        0.6807992778140116,
        0.6443000852415278,
        0.6484999662801011,
        0.6383671876230196,
        0.6217173987055478,
        0.6253706182791218,
        0.638948254440337,
        0.624257833650123,
        0.6244619715635635,
        0.616856073407822,
        0.616463934313761,
        0.624965173460237,
        0.6288047917357319
    ],
    "valid_acc": 0.3059360730593607,
    "best_acc": 0.817351598173516,
    "time_elapsed(min)": 3.0,
    "time_elapsed(s)": 58.02413368225098,
    "model_name": "DenseNet",
    "model_name_sub": "densenet121"
}