{
    "cross_number": 1,
    "num_epochs": 20,
    "lr": 0.001,
    "batch_size": 10,
    "train_loss": [
        5.223076429541252,
        4.042874424969225,
        3.010632479027526,
        2.2873898476498313,
        1.7294676491658982,
        1.3359297767077407,
        1.023087063404523,
        0.7677523476756327,
        0.7199339558068476,
        0.7073753829620201,
        0.675982943544649,
        0.6344571798087255,
        0.6252052544458816,
        0.6062781525325013,
        0.5990300601067609,
        0.6002787935747403,
        0.5888707467682286,
        0.5951908097079356,
        0.5975206727374635,
        0.5935624027156938
    ],
    "train_acc": 0.028538812785388126,
    "valid_loss": [
        4.357661498736029,
        3.09771169157333,
        2.27048103939997,
        1.774567666935594,
        1.4630541178189456,
        1.2805611504811674,
        1.1228302181039227,
        1.0620360959610438,
        1.0262640815347297,
        1.0367203542630967,
        1.0338495931668914,
        1.014317565993087,
        0.9990967114766439,
        0.9981508563914799,
        0.9945343036085503,
        0.9947298509345207,
        1.00948938509645,
        0.990965900083655,
        0.9951106669151619,
        0.9932338747804024
    ],
    "valid_acc": 0.18493150684931506,
    "best_acc": 0.7465753424657534,
    "time_elapsed(min)": 3.0,
    "time_elapsed(s)": 42.863054037094116,
    "model_name": "DenseNet",
    "model_name_sub": "densenet121"
}