{
    "cross_number": 1,
    "num_epochs": 20,
    "lr": 0.0001,
    "batch_size": 13,
    "train_loss": [
        5.446438289668462,
        5.338330097122279,
        5.230628501062524,
        5.1269628492664525,
        5.031999020543817,
        4.904019919432462,
        4.801920947963244,
        4.719709282868529,
        4.709627549670058,
        4.691578905876368,
        4.678680091960245,
        4.661472906805065,
        4.652740087683342,
        4.636888906291631,
        4.63806411447046,
        4.635767523284372,
        4.6383429373780345,
        4.6417744276730435,
        4.632701133484165,
        4.625777559465469
    ],
    "train_acc": 0.00684931506849315,
    "valid_loss": [
        5.400258884038011,
        5.309216401348375,
        5.213317161281359,
        5.118597136240572,
        5.018458842142532,
        4.918856707882119,
        4.80298346036101,
        4.7989492209534665,
        4.777081537464438,
        4.765955665884497,
        4.75576621865573,
        4.750388212944275,
        4.7375603538669955,
        4.720437380821193,
        4.722171715949768,
        4.722989346883068,
        4.720149518147996,
        4.727847581584704,
        4.714876091099221,
        4.711649368887079
    ],
    "valid_acc": 0.00228310502283105,
    "best_acc": 0.19406392694063926,
    "time_elapsed(min)": 3.0,
    "time_elapsed(s)": 35.79895377159119,
    "model_name": "DenseNet",
    "model_name_sub": "densenet121"
}