{
    "cross_number": 1,
    "num_epochs": 20,
    "lr": 0.0025,
    "batch_size": 5,
    "train_loss": [
        5.193313280333123,
        3.360841302839044,
        2.3180496597058697,
        1.593848182220165,
        1.0898356061156618,
        0.7652208264109138,
        0.521844514492542,
        0.3064372017448045,
        0.20417003496018446,
        0.18502504883129914,
        0.15964851343736358,
        0.1456787412014437,
        0.1325220152056355,
        0.128913615147698,
        0.1281805247468151,
        0.11583324877617532,
        0.12354577077525034,
        0.12304326092194953,
        0.1282745273167174,
        0.12388605682538678
    ],
    "train_acc": 0.041666666666666664,
    "valid_loss": [
        3.4798595845427145,
        2.4613212551156134,
        1.9582252471142163,
        1.5092889672681078,
        1.4717746651880272,
        1.1970448949497585,
        1.1348436038651968,
        0.8461199412738998,
        0.7939610056553598,
        0.7970006433475049,
        0.8026112510278379,
        0.7915457142357497,
        0.7761483467051113,
        0.7804671496123109,
        0.788983187546792,
        0.765668582435927,
        0.7716551858561802,
        0.7743833199787681,
        0.7862589604786883,
        0.7804478339991239
    ],
    "valid_acc": 0.2054794520547945,
    "best_acc": 0.7785388127853881,
    "time_elapsed(min)": 4.0,
    "time_elapsed(s)": 32.89231872558594,
    "model_name": "DenseNet",
    "model_name_sub": "densenet121"
}