{
    "cross_number": 1,
    "num_epochs": 20,
    "lr": 0.001,
    "batch_size": 16,
    "train_loss": [
        5.33918200235933,
        4.496440144978702,
        3.52605793574085,
        2.7647718860678476,
        2.16752271782862,
        1.7151769845997362,
        1.3684748688789263,
        1.0920671888682396,
        1.0532356489738917,
        1.0057892902801027,
        0.9936371056456544,
        0.982566804646357,
        0.9515769067964598,
        0.927037011542821,
        0.9229833410210806,
        0.9041108883679185,
        0.8961181806647069,
        0.8767716710425947,
        0.9061328006661646,
        0.8998167835958472
    ],
    "train_acc": 0.021689497716894976,
    "valid_loss": [
        4.859368829422346,
        3.884638839660714,
        3.046102577148507,
        2.417632577626128,
        1.9529604525326594,
        1.6845242775738511,
        1.4517766449549427,
        1.4115240824276998,
        1.3958107771938795,
        1.3661200809696494,
        1.3573503298302219,
        1.3584449585169962,
        1.3347055814037585,
        1.3204710850976917,
        1.3129289694572692,
        1.3050031155756074,
        1.3197735694989765,
        1.301662494602813,
        1.2984253511036912,
        1.2963919514390432
    ],
    "valid_acc": 0.1187214611872146,
    "best_acc": 0.732876712328767,
    "time_elapsed(min)": 3.0,
    "time_elapsed(s)": 48.090452432632446,
    "model_name": "DenseNet",
    "model_name_sub": "densenet121"
}