{
    "cross_number": 1,
    "num_epochs": 20,
    "lr": 0.0025,
    "batch_size": 12,
    "train_loss": [
        4.9511240214517676,
        3.060458291066836,
        1.8374359370910958,
        1.1363191331086093,
        0.7149344337721394,
        0.46911297187413253,
        0.29317954402059726,
        0.1917717785969989,
        0.1610248737190276,
        0.1520437499482746,
        0.14260026095562603,
        0.14086031010502006,
        0.13245051588914167,
        0.12435456260732591,
        0.12365495117559824,
        0.12090321528176738,
        0.12264808570991641,
        0.12926312204297274,
        0.12096555280971201,
        0.12982275066514537
    ],
    "train_acc": 0.0502283105022831,
    "valid_loss": [
        3.429224582567607,
        2.155423406052263,
        1.4337602502679172,
        1.162249276797249,
        0.9977538618322921,
        0.9473127828885431,
        0.8517268030610803,
        0.7818249968225008,
        0.7537725245299405,
        0.752261464726435,
        0.7387623188838567,
        0.7343433131910351,
        0.7373996328001153,
        0.7485407317337924,
        0.7380571885876459,
        0.7218294053861539,
        0.7378599112980986,
        0.7425651562540498,
        0.7286168034762552,
        0.7513737858158268
    ],
    "valid_acc": 0.24885844748858446,
    "best_acc": 0.7945205479452054,
    "time_elapsed(min)": 3.0,
    "time_elapsed(s)": 40.349128007888794,
    "model_name": "DenseNet",
    "model_name_sub": "densenet121"
}