{
    "cross_number": 1,
    "num_epochs": 20,
    "lr": 0.0001,
    "batch_size": 14,
    "train_loss": [
        5.468014014910345,
        5.35310282826968,
        5.261748642137606,
        5.169089559006364,
        5.065496593849844,
        4.962380523551,
        4.859420222234508,
        4.7645288738485885,
        4.765696865238556,
        4.756935422278975,
        4.740671309706283,
        4.728335547120603,
        4.723379457377952,
        4.710664987564087,
        4.687826742320301,
        4.70754199104222,
        4.6925710074977784,
        4.692962043361577,
        4.686120014212447,
        4.6874655017025395
    ],
    "train_acc": 0.00228310502283105,
    "valid_loss": [
        5.416537598387836,
        5.336744439111997,
        5.2588210018802455,
        5.172665116993804,
        5.08548233607044,
        4.9832306713818415,
        4.884574339270047,
        4.885355206929385,
        4.86412730500034,
        4.848211813190757,
        4.847283713893804,
        4.835391519276519,
        4.82727828091138,
        4.807036613220493,
        4.811788950880913,
        4.807704263626168,
        4.8055329344588325,
        4.812947680416717,
        4.809905182825376,
        4.811616553563505
    ],
    "valid_acc": 0.0136986301369863,
    "best_acc": 0.15296803652968036,
    "time_elapsed(min)": 3.0,
    "time_elapsed(s)": 33.081462383270264,
    "model_name": "DenseNet",
    "model_name_sub": "densenet121"
}