{
    "cross_number": 1,
    "num_epochs": 20,
    "lr": 0.001,
    "batch_size": 14,
    "train_loss": [
        5.294913958196771,
        4.324122957987328,
        3.3721784168182443,
        2.6110072480216964,
        2.0331164420195367,
        1.5953403754865743,
        1.2598394156863155,
        0.9753892857870555,
        0.9688206717848233,
        0.9078450899009836,
        0.8978838553847788,
        0.8583045811073421,
        0.8379629079473617,
        0.8269454534059246,
        0.798258789700188,
        0.778787457881725,
        0.8017200337016963,
        0.7858727772009971,
        0.7801201170029706,
        0.776186903045602
    ],
    "train_acc": 0.02682648401826484,
    "valid_loss": [
        4.636865432948282,
        3.5621571627926065,
        2.704492416556023,
        2.161115925605983,
        1.764904139248748,
        1.475348478582896,
        1.2818917232016995,
        1.265254074852216,
        1.2398664521300085,
        1.2230510855918606,
        1.2192399637884201,
        1.2059453597896175,
        1.1744015644130097,
        1.1711758794305531,
        1.1641405970538587,
        1.1805028390122332,
        1.183435642283801,
        1.1756780161160856,
        1.1680005222695058,
        1.1738201600231537
    ],
    "valid_acc": 0.18493150684931506,
    "best_acc": 0.7511415525114155,
    "time_elapsed(min)": 3.0,
    "time_elapsed(s)": 31.81123375892639,
    "model_name": "DenseNet",
    "model_name_sub": "densenet121"
}