{
    "cross_number": 1,
    "num_epochs": 20,
    "lr": 0.0025,
    "batch_size": 16,
    "train_loss": [
        5.067480533634691,
        3.2084336389689687,
        1.9396685438069035,
        1.2062921866978684,
        0.7558012003223645,
        0.5037158592923047,
        0.3353683121128169,
        0.21338501293637438,
        0.18668932015220868,
        0.17869674383777462,
        0.16971665457503438,
        0.16277796540358294,
        0.15468890128070362,
        0.1550400670804934,
        0.14965753039540766,
        0.14157408217316894,
        0.1505650307762024,
        0.14848418887619558,
        0.1489581364338801,
        0.15020395318667093
    ],
    "train_acc": 0.0502283105022831,
    "valid_loss": [
        3.7846770874441487,
        2.3039374003127286,
        1.6508978637930465,
        1.2405921716123955,
        1.0332688740943665,
        0.935312192189639,
        0.8626994496066821,
        0.7978656115052907,
        0.7895798888652836,
        0.7748353957585549,
        0.7747252354883167,
        0.7791269367143988,
        0.764385867880904,
        0.7813326647020367,
        0.7832442799659625,
        0.766122422465995,
        0.7609886648175923,
        0.7740024224808227,
        0.762792249792787,
        0.7608020120559762
    ],
    "valid_acc": 0.23059360730593606,
    "best_acc": 0.7945205479452054,
    "time_elapsed(min)": 3.0,
    "time_elapsed(s)": 48.61560583114624,
    "model_name": "DenseNet",
    "model_name_sub": "densenet121"
}