{
    "cross_number": 1,
    "num_epochs": 20,
    "lr": 0.0025,
    "batch_size": 10,
    "train_loss": [
        4.882430792127026,
        2.9235482633658196,
        1.7219356333828408,
        1.0580371528795864,
        0.6388328487062018,
        0.415787216224899,
        0.26925051323729293,
        0.17163516177485386,
        0.1379022558206973,
        0.1269090202547712,
        0.12615461638154776,
        0.11501313700047258,
        0.12178812091787385,
        0.11049610655329543,
        0.10426691589562316,
        0.1051390621828162,
        0.10532020996048298,
        0.10777963869715934,
        0.09939861574877887,
        0.10232288540940579
    ],
    "train_acc": 0.055365296803652965,
    "valid_loss": [
        3.216389380633559,
        1.9323148716530298,
        1.4261630063187587,
        1.138008970376019,
        0.9778958680150716,
        0.8241931622567242,
        0.763719412885164,
        0.7333830455530724,
        0.6946528608396173,
        0.6798516245193134,
        0.6663847543537345,
        0.6930680872710873,
        0.6864102516816631,
        0.6743554501841057,
        0.6821760945872629,
        0.6876708050024564,
        0.6891811742834305,
        0.6719505710348691,
        0.6692371544636548,
        0.6972557500889313
    ],
    "valid_acc": 0.24885844748858446,
    "best_acc": 0.819634703196347,
    "time_elapsed(min)": 3.0,
    "time_elapsed(s)": 44.07319974899292,
    "model_name": "DenseNet",
    "model_name_sub": "densenet121"
}