{
    "cross_number": 1,
    "num_epochs": 20,
    "lr": 0.0001,
    "batch_size": 16,
    "train_loss": [
        5.49862892986977,
        5.388612015606606,
        5.298476051522172,
        5.2028687577269395,
        5.121894440150152,
        5.028375081275696,
        4.933717999828461,
        4.861139565298002,
        4.844540108284449,
        4.8439943866642645,
        4.832393561324028,
        4.828485869925861,
        4.81461363622587,
        4.806288862881595,
        4.790613505393947,
        4.791753048221815,
        4.796356601802182,
        4.797664139368763,
        4.781849832839617,
        4.792433392511655
    ],
    "train_acc": 0.005707762557077625,
    "valid_loss": [
        5.433008376866171,
        5.351587484960687,
        5.2759646955690425,
        5.201673803808482,
        5.126484611807348,
        5.046008375681699,
        4.959284965306113,
        4.956081610292061,
        4.942991870723358,
        4.9392048125942,
        4.918607461398051,
        4.911047841860279,
        4.917764944572971,
        4.891722877275998,
        4.8918439111753145,
        4.889119997416457,
        4.893712176579863,
        4.895587958157335,
        4.887639921005458,
        4.888791295491397
    ],
    "valid_acc": 0.0091324200913242,
    "best_acc": 0.1506849315068493,
    "time_elapsed(min)": 3.0,
    "time_elapsed(s)": 48.78244066238403,
    "model_name": "DenseNet",
    "model_name_sub": "densenet121"
}