{
    "cross_number": 1,
    "num_epochs": 20,
    "lr": 0.001,
    "batch_size": 6,
    "train_loss": [
        5.213007323545952,
        3.831838210968122,
        2.782230805452556,
        2.0669890968766933,
        1.50855580523406,
        1.1233906875530335,
        0.8590512904402328,
        0.6150445166515978,
        0.539273071676901,
        0.5162310828391004,
        0.4944229058615149,
        0.4674341995013903,
        0.4688448962589649,
        0.43677467914068535,
        0.42047366311084733,
        0.4244408094617602,
        0.421278068566159,
        0.42229453540624007,
        0.425705756558335,
        0.44096868490315466
    ],
    "train_acc": 0.0273972602739726,
    "valid_loss": [
        3.945801457313642,
        2.5545149437368733,
        1.8848349680639294,
        1.4909772885172334,
        1.190944284813045,
        1.0155800215593755,
        0.8858715278440958,
        0.7925265268103717,
        0.7933631904729425,
        0.7687906124310134,
        0.7856202691487254,
        0.7852387976360647,
        0.7725852160421136,
        0.7617468157247321,
        0.7500836347063927,
        0.7549728765471341,
        0.7503103022910145,
        0.7477843198057723,
        0.7637061117446586,
        0.7360862732341845
    ],
    "valid_acc": 0.2009132420091324,
    "best_acc": 0.8059360730593607,
    "time_elapsed(min)": 4.0,
    "time_elapsed(s)": 17.221436977386475,
    "model_name": "DenseNet",
    "model_name_sub": "densenet121"
}