{
    "cross_number": 1,
    "num_epochs": 20,
    "lr": 0.0001,
    "batch_size": 11,
    "train_loss": [
        5.489172496207773,
        5.359867313953295,
        5.242291612167881,
        5.128800382080688,
        5.019177166022122,
        4.892325174862935,
        4.765945929642681,
        4.665554240958332,
        4.652183009881407,
        4.645566456938443,
        4.633760020613126,
        4.614438091783219,
        4.5964721087451395,
        4.585070121778201,
        4.578974923858904,
        4.5707736633139655,
        4.580589658593478,
        4.5698262771515,
        4.578587938933612,
        4.575901894536737
    ],
    "train_acc": 0.0028538812785388126,
    "valid_loss": [
        5.409708587001992,
        5.305610439004419,
        5.201849259197984,
        5.094347364826289,
        4.987268043979662,
        4.860359404185047,
        4.698547193448838,
        4.697133051205988,
        4.696996475463589,
        4.677789323406133,
        4.651148327953739,
        4.654319535651708,
        4.640955718140624,
        4.636273327483434,
        4.624586119499381,
        4.619760253113698,
        4.613467023797231,
        4.606728522200562,
        4.629898322771673,
        4.605674824213873
    ],
    "valid_acc": 0.00228310502283105,
    "best_acc": 0.20776255707762556,
    "time_elapsed(min)": 3.0,
    "time_elapsed(s)": 40.70399737358093,
    "model_name": "DenseNet",
    "model_name_sub": "densenet121"
}