{
    "cross_number": 1,
    "num_epochs": 20,
    "lr": 0.0001,
    "batch_size": 6,
    "train_loss": [
        5.1893914170461155,
        3.887881691325201,
        2.5723999461082565,
        1.5468377758787102,
        0.8837520814921758,
        0.513014813298232,
        0.30154281329006366,
        0.17535747443517186,
        0.15729168856082715,
        0.13043505753301185,
        0.138276302344995,
        0.12151716016743282,
        0.12528160650742381,
        0.10763039118418954,
        0.10482274932939917,
        0.09613477619211763,
        0.10638015431492295,
        0.09886343159700094,
        0.11108836761918174,
        0.10579679847044283
    ],
    "train_acc": 0.03424657534246575,
    "valid_loss": [
        4.365885035632408,
        2.615351440155343,
        1.5584771045266765,
        1.16899528675904,
        0.8543154867238378,
        0.8001726881524369,
        0.7202254952607702,
        0.6463450419729295,
        0.6290944733414544,
        0.6557572758310053,
        0.6298733185976744,
        0.6469821299821751,
        0.6146913265222556,
        0.6132376598934196,
        0.6599930057378665,
        0.6289148295731986,
        0.6611102091225043,
        0.6170757297451978,
        0.6224744329228997,
        0.6396528774846907
    ],
    "valid_acc": 0.2465753424657534,
    "best_acc": 0.8242009132420091,
    "time_elapsed(min)": 26.0,
    "time_elapsed(s)": 50.65786290168762,
    "model_name": "ResNet",
    "model_name_sub": "resnext101_32x16d_wsl"
}