{
    "cross_number": 1,
    "num_epochs": 20,
    "lr": 0.0025,
    "batch_size": 4,
    "train_loss": [
        5.446273504326877,
        5.399378510914981,
        5.371187208994338,
        5.264914834880393,
        5.0257256112686575,
        4.691831287728053,
        4.208571196146751,
        3.3382169857417066,
        2.9046157609382175,
        2.555697017608712,
        2.2484621274961185,
        1.8525902878612144,
        1.5398386265044888,
        1.200576556497785,
        0.8079478588278435,
        0.6948653157443216,
        0.6450051666666928,
        0.6022562564576053,
        0.5601476450114762,
        0.5165956792885174
    ],
    "train_acc": 0.001141552511415525,
    "valid_loss": [
        10.385098409434976,
        11.875401414148339,
        5.413394444609342,
        5.471464152749815,
        4.792663204071184,
        6.08803408766446,
        5.244536813535647,
        3.600355174443493,
        3.372506105464343,
        3.2416612122156847,
        2.8513211150691933,
        2.174150690640489,
        2.5217868247873163,
        2.060428315577986,
        2.1860694426992167,
        1.8690958340826644,
        1.8323949481122468,
        1.5825014843107903,
        1.8087893443768972,
        1.5787181724798462
    ],
    "valid_acc": 0.0045662100456621,
    "best_acc": 0.634703196347032,
    "time_elapsed(min)": 28.0,
    "time_elapsed(s)": 48.873422622680664,
    "model_name": "ResNet",
    "model_name_sub": "resnext101_32x16d_wsl"
}