{
    "cross_number": 1,
    "num_epochs": 20,
    "lr": 0.001,
    "batch_size": 5,
    "train_loss": [
        4.9372618729121065,
        3.3739299231196105,
        2.2079264144987274,
        1.428558478905866,
        0.8789248435234983,
        0.6470655823662265,
        0.44413196465498067,
        0.1669305721234071,
        0.09079001003825297,
        0.06399636066329482,
        0.055210264970827,
        0.049304252919383756,
        0.047071291711984084,
        0.04725135273507958,
        0.04216053214861871,
        0.03770425270516723,
        0.03907505602171309,
        0.03982160928630968,
        0.03404697252529967,
        0.038605006127078706
    ],
    "train_acc": 0.034817351598173514,
    "valid_loss": [
        4.740388310391064,
        3.604480685572646,
        3.502642279354745,
        2.37042540948855,
        2.515190101291779,
        2.1774650451527338,
        1.6527756591038094,
        1.2295799472265396,
        1.2225016015282775,
        1.2072673547938984,
        1.2245417561911938,
        1.1929186301392187,
        1.1379125830755095,
        1.2296255787673855,
        1.139014156489818,
        1.1914025361256293,
        1.152473231621664,
        1.1372542683947189,
        1.1958501747262433,
        1.14980769277659
    ],
    "valid_acc": 0.14840182648401826,
    "best_acc": 0.773972602739726,
    "time_elapsed(min)": 27.0,
    "time_elapsed(s)": 33.214149951934814,
    "model_name": "ResNet",
    "model_name_sub": "resnext101_32x16d_wsl"
}