{
    "cross_number": 1,
    "num_epochs": 20,
    "lr": 0.0025,
    "batch_size": 6,
    "train_loss": [
        5.4232889528143895,
        5.25090261191538,
        4.746104234701966,
        3.8471564172881925,
        2.7964084297418594,
        2.0484407885025626,
        1.4440560001012397,
        0.6746390793306677,
        0.34172634271368996,
        0.2516555899422463,
        0.2120335925504412,
        0.16212867999494024,
        0.13168280232978397,
        0.11546128880143268,
        0.107810025222995,
        0.09612947791553268,
        0.09750719577766163,
        0.08874689020560927,
        0.08098612950910648,
        0.08746405575290475
    ],
    "train_acc": 0.005707762557077625,
    "valid_loss": [
        7.40011426847275,
        4.982117414474487,
        4.348020609111002,
        3.1597071004240482,
        4.027094463779502,
        2.8213009777134412,
        2.7860440539374745,
        1.4048220790820578,
        1.3115822251835099,
        1.3803574028488708,
        1.408492282415702,
        1.3793125906831598,
        1.383651939003843,
        1.341741115314095,
        1.3578677717085978,
        1.3475747681159067,
        1.3690913387459436,
        1.3278829771546927,
        1.3746662937512952,
        1.373306526662144
    ],
    "valid_acc": 0.01141552511415525,
    "best_acc": 0.7168949771689497,
    "time_elapsed(min)": 26.0,
    "time_elapsed(s)": 49.2849440574646,
    "model_name": "ResNet",
    "model_name_sub": "resnext101_32x16d_wsl"
}