{
    "cross_number": 1,
    "num_epochs": 20,
    "lr": 0.001,
    "batch_size": 6,
    "train_loss": [
        4.803962973699178,
        3.069756675256442,
        1.9200937540767944,
        1.1820129563598192,
        0.7182489805791068,
        0.42398264136624664,
        0.23478129467837613,
        0.1222712155407588,
        0.06670965743968774,
        0.05307239155151103,
        0.04464230985916538,
        0.036775335779553914,
        0.03605517003229143,
        0.03479403161925378,
        0.03383268590949552,
        0.02922858195363429,
        0.03953027745951222,
        0.02911265024577255,
        0.03023444108460864,
        0.02694950107092752
    ],
    "train_acc": 0.05821917808219178,
    "valid_loss": [
        3.7391256943140943,
        2.7455327853764575,
        2.1278308770836216,
        1.9384358374478474,
        1.6544641471684796,
        1.4280755333442956,
        1.2921846589418,
        1.050706457558777,
        0.9454379558773737,
        0.8929312720748098,
        0.9768044329338073,
        0.9014646249437747,
        0.8898138275133982,
        0.9140023643838953,
        0.9086877876798597,
        0.869023567300022,
        0.8730527966870123,
        0.8715915401153823,
        0.8918992191878441,
        0.8535569025851844
    ],
    "valid_acc": 0.19863013698630136,
    "best_acc": 0.8013698630136986,
    "time_elapsed(min)": 26.0,
    "time_elapsed(s)": 45.59089207649231,
    "model_name": "ResNet",
    "model_name_sub": "resnext101_32x16d_wsl"
}