{
    "cross_number": 1,
    "num_epochs": 20,
    "lr": 0.0001,
    "batch_size": 4,
    "train_loss": [
        5.108939449536746,
        3.8286585002185003,
        2.5403578711426964,
        1.5769029973440518,
        0.9108308402642812,
        0.561795637640915,
        0.31690594259666527,
        0.17888838055301204,
        0.13793120320171934,
        0.11007260782941836,
        0.12219226148540843,
        0.10492731156635639,
        0.09915459344001938,
        0.08487916939794064,
        0.09226303274602923,
        0.08501362113375642,
        0.09062642195436373,
        0.09196035973897808,
        0.09321605173454164,
        0.0860454722533011
    ],
    "train_acc": 0.03767123287671233,
    "valid_loss": [
        3.9362344132166474,
        2.27679237110974,
        1.4475573573482636,
        1.1416239577205214,
        0.9152220132756451,
        0.9490218085649351,
        0.9038873630444004,
        0.7737389261489862,
        0.7430536806595099,
        0.7343430829842545,
        0.7297295733741974,
        0.7718059255711768,
        0.7580096984014221,
        0.7616212067574892,
        0.7463723972682165,
        0.748440110390436,
        0.768356129645102,
        0.7379364241472739,
        0.7454380577092046,
        0.729912118966049
    ],
    "valid_acc": 0.2602739726027397,
    "best_acc": 0.819634703196347,
    "time_elapsed(min)": 28.0,
    "time_elapsed(s)": 51.533995389938354,
    "model_name": "ResNet",
    "model_name_sub": "resnext101_32x16d_wsl"
}