{
    "cross_number": 1,
    "num_epochs": 20,
    "lr": 0.0001,
    "batch_size": 5,
    "train_loss": [
        5.088410930546451,
        3.7594132626165537,
        2.4144950277048705,
        1.4672355762423446,
        0.7948942842923071,
        0.46549735894026956,
        0.2841151897225648,
        0.159522172208178,
        0.132511243985362,
        0.12193236142805178,
        0.11017047990534505,
        0.1040212065225986,
        0.09250406539237731,
        0.08925854870369106,
        0.09194280669841592,
        0.09642593199748666,
        0.09203715421276414,
        0.09110589950030763,
        0.09064866252430634,
        0.08766839523761444
    ],
    "train_acc": 0.05650684931506849,
    "valid_loss": [
        3.996384001758001,
        2.3669318426145267,
        1.518941562265566,
        1.0634507360999987,
        0.8820378629737384,
        0.8213816848317731,
        0.744397975634103,
        0.6736027140459514,
        0.648734293016924,
        0.6557423613049073,
        0.6576591149189395,
        0.6139753856122085,
        0.6080457524005238,
        0.6419945454605553,
        0.6240766824714278,
        0.6189911675173789,
        0.6410656788781898,
        0.6408305353060849,
        0.6281417758048823,
        0.6407586398564246
    ],
    "valid_acc": 0.2328767123287671,
    "best_acc": 0.8356164383561644,
    "time_elapsed(min)": 27.0,
    "time_elapsed(s)": 40.64396619796753,
    "model_name": "ResNet",
    "model_name_sub": "resnext101_32x16d_wsl"
}