{
    "cross_number": 1,
    "num_epochs": 20,
    "lr": 0.001,
    "batch_size": 4,
    "train_loss": [
        5.305435266668938,
        4.222099598139932,
        2.950844094905679,
        1.9897001323090295,
        1.3948757115360264,
        0.9477497838463073,
        0.6987768491840662,
        0.3082143643649814,
        0.1701382377990798,
        0.116831009025307,
        0.09521999986008763,
        0.08261372657922271,
        0.08870842304084978,
        0.0674522485510663,
        0.06624075163317393,
        0.06797689505290351,
        0.061991575859236155,
        0.060062705722029354,
        0.06075531857079703,
        0.06561379850954753
    ],
    "train_acc": 0.0136986301369863,
    "valid_loss": [
        5.56349664409411,
        4.196523418165233,
        3.496516841867743,
        3.728131483815032,
        3.164638115246206,
        2.835497098587896,
        2.420697899990328,
        1.5610680198597577,
        1.5341562960200121,
        1.4728382817855528,
        1.5470836364897567,
        1.5503599434317092,
        1.60851978563138,
        1.5685183851158755,
        1.6283519604284802,
        1.528523272271496,
        1.4504073927973753,
        1.471314023185062,
        1.4638862153067367,
        1.5291774023609177
    ],
    "valid_acc": 0.0639269406392694,
    "best_acc": 0.7374429223744292,
    "time_elapsed(min)": 28.0,
    "time_elapsed(s)": 40.72633910179138,
    "model_name": "ResNet",
    "model_name_sub": "resnext101_32x16d_wsl"
}