{
    "cross_number": 1,
    "num_epochs": 20,
    "lr": 0.0025,
    "batch_size": 5,
    "train_loss": [
        5.429741433766335,
        5.3084761230912925,
        5.145437415876345,
        4.723585687679787,
        4.018349889070476,
        3.111352940604567,
        2.4291441266054976,
        1.2466976199656317,
        0.7879672047329139,
        0.6451424636269949,
        0.4829461983124381,
        0.4124960218318079,
        0.3174988563623296,
        0.255821839835044,
        0.1978592749463913,
        0.19474848420369825,
        0.1801649727374868,
        0.17580078631643734,
        0.16904716781493634,
        0.16199254361512863
    ],
    "train_acc": 0.0028538812785388126,
    "valid_loss": [
        6.330185726897358,
        5.300221464949656,
        5.30068474273159,
        4.636759509779003,
        3.8263969266251343,
        4.192210903586862,
        2.980505344394135,
        1.8128670124022384,
        1.7773351976605447,
        1.7668954552742375,
        1.6847529206361163,
        1.7041611973893698,
        1.6063895703008457,
        1.6376590066372532,
        1.5236222304097593,
        1.533752514829234,
        1.5705731016154227,
        1.5566396537081648,
        1.5957827796991042,
        1.5820357280732325
    ],
    "valid_acc": 0.0136986301369863,
    "best_acc": 0.6940639269406392,
    "time_elapsed(min)": 27.0,
    "time_elapsed(s)": 39.69269323348999,
    "model_name": "ResNet",
    "model_name_sub": "resnext101_32x16d_wsl"
}