{
    "cross_number": 1,
    "num_epochs": 20,
    "lr": 0.001,
    "batch_size": 9,
    "train_loss": [
        5.170027984331732,
        3.7788983244601995,
        2.642046009024529,
        1.8660165749184072,
        1.3128563015632433,
        0.9266354133923577,
        0.6833283865492638,
        0.46669349316762737,
        0.44692522772166826,
        0.43120992272990205,
        0.3998178469961228,
        0.3804640901109127,
        0.38843037675402753,
        0.370771942456087,
        0.3623347535270126,
        0.3503941841525574,
        0.35121975280344486,
        0.34922476475165315,
        0.35244531807017654,
        0.3369251066334035
    ],
    "train_acc": 0.039383561643835614,
    "valid_loss": [
        4.0570490768511,
        2.6080943109237986,
        1.8733020767773667,
        1.378446686349503,
        1.1586705589131132,
        0.9839559334189925,
        0.8656404157207437,
        0.8372487919787838,
        0.8125078494418158,
        0.7997556820715943,
        0.7869308582723957,
        0.7661166141090328,
        0.7794015189147976,
        0.7793323005715461,
        0.7615432300387996,
        0.7632540639949171,
        0.780788633513124,
        0.7718964570189175,
        0.7571281180398105,
        0.7765877639798269
    ],
    "valid_acc": 0.2237442922374429,
    "best_acc": 0.7876712328767123,
    "time_elapsed(min)": 4.0,
    "time_elapsed(s)": 56.74607467651367,
    "model_name": "DenseNet",
    "model_name_sub": "densenet169"
}