{
    "cross_number": 1,
    "num_epochs": 20,
    "lr": 0.0025,
    "batch_size": 7,
    "train_loss": [
        4.745939194339595,
        2.662391652935716,
        1.553916580907014,
        0.8676770183950935,
        0.5626582926198772,
        0.33703171255994063,
        0.2250665870886381,
        0.11635573775099259,
        0.08872597045520295,
        0.08156949753094822,
        0.0752094781986272,
        0.07500897799129491,
        0.07469752350647733,
        0.06558888706752869,
        0.06619892551374439,
        0.06968645404250315,
        0.06417327768543574,
        0.06235832350964331,
        0.061173029054173156,
        0.06363161329709453
    ],
    "train_acc": 0.07819634703196346,
    "valid_loss": [
        2.9387583057630007,
        1.692521949881288,
        1.196687675161993,
        1.0846723488884973,
        0.8729606227498484,
        0.7981781788259643,
        0.8006547437683088,
        0.6825693574134414,
        0.6571000901276254,
        0.6734706301106029,
        0.6469776416324997,
        0.6639138299325421,
        0.645715183788936,
        0.613651439258361,
        0.6237621863402393,
        0.6196886576227334,
        0.636572847166205,
        0.6256044158269758,
        0.6352385466484582,
        0.6297900886880872
    ],
    "valid_acc": 0.2420091324200913,
    "best_acc": 0.821917808219178,
    "time_elapsed(min)": 5.0,
    "time_elapsed(s)": 22.574086904525757,
    "model_name": "DenseNet",
    "model_name_sub": "densenet169"
}