{
    "cross_number": 1,
    "num_epochs": 20,
    "lr": 0.0001,
    "batch_size": 11,
    "train_loss": [
        5.4249196937095086,
        5.299032233349265,
        5.181146554206604,
        5.054987950139939,
        4.923782493425831,
        4.787520083390414,
        4.642424954671293,
        4.5197382580199745,
        4.505519655197179,
        4.494403852719694,
        4.482146234272822,
        4.47203275683808,
        4.4476684424430815,
        4.428715640279256,
        4.4255899027602315,
        4.415374814647517,
        4.422369850008455,
        4.408371026113153,
        4.412070265371505,
        4.413528155790616
    ],
    "train_acc": 0.005707762557077625,
    "valid_loss": [
        5.350414636472589,
        5.236306914455814,
        5.125885335277749,
        5.003107127533656,
        4.867257833480835,
        4.712922374951785,
        4.543118285261877,
        4.531568378073984,
        4.525533697920848,
        4.506533645603755,
        4.488375982737432,
        4.460012979703407,
        4.457123160906578,
        4.443959151228813,
        4.422258187646735,
        4.435934378131884,
        4.445594280277757,
        4.412383734907734,
        4.4288861936630175,
        4.416667980690525
    ],
    "valid_acc": 0.00684931506849315,
    "best_acc": 0.3105022831050228,
    "time_elapsed(min)": 4.0,
    "time_elapsed(s)": 37.77865982055664,
    "model_name": "DenseNet",
    "model_name_sub": "densenet169"
}