{
    "cross_number": 1,
    "num_epochs": 20,
    "lr": 0.0001,
    "batch_size": 16,
    "train_loss": [
        5.4325309061024285,
        5.336036695192938,
        5.236767446613747,
        5.134148188377624,
        5.037147844218772,
        4.928790329798171,
        4.820810294042439,
        4.742745308026875,
        4.7253526095385965,
        4.712188766427236,
        4.704043728031524,
        4.689750251160365,
        4.676446686052296,
        4.6661209624651905,
        4.645295591659197,
        4.652079029170346,
        4.645829368399703,
        4.649348973139236,
        4.646812676294753,
        4.64254254293224
    ],
    "train_acc": 0.007990867579908675,
    "valid_loss": [
        5.367966708527308,
        5.2839400213058685,
        5.19954563384731,
        5.107439903363789,
        5.011434774964912,
        4.909678376428613,
        4.797084183453425,
        4.792831425253115,
        4.780863365626226,
        4.763590997756888,
        4.756557841279191,
        4.751230812508221,
        4.747785404936908,
        4.730395493442065,
        4.716082609951768,
        4.716577044360714,
        4.721649583616213,
        4.713097892395438,
        4.707928215531998,
        4.713849113412099
    ],
    "valid_acc": 0.00684931506849315,
    "best_acc": 0.23059360730593606,
    "time_elapsed(min)": 4.0,
    "time_elapsed(s)": 40.23501682281494,
    "model_name": "DenseNet",
    "model_name_sub": "densenet169"
}