{
    "cross_number": 1,
    "num_epochs": 20,
    "lr": 0.001,
    "batch_size": 5,
    "train_loss": [
        5.161155950261033,
        3.7209128843594903,
        2.547130959150998,
        1.7850001137958813,
        1.258143329014789,
        0.9310301427291409,
        0.5879717450673994,
        0.41146411990840415,
        0.35637899745493856,
        0.3183635652839253,
        0.30942812979595574,
        0.28857307760767875,
        0.2782084027828317,
        0.28082035662240634,
        0.25923164905427387,
        0.2731079769163439,
        0.25619728625092875,
        0.25434285825858377,
        0.2627429885653668,
        0.25329905852556367
    ],
    "train_acc": 0.03139269406392694,
    "valid_loss": [
        3.690222872990996,
        2.309261842133248,
        1.6284947081651862,
        1.1933434441277426,
        0.9497314183441199,
        0.8932413895142405,
        0.8773019998823399,
        0.7385627269897967,
        0.7381850884521388,
        0.7593654144266152,
        0.7011793091910207,
        0.7051653376946302,
        0.7055956024940223,
        0.7061339155749575,
        0.7044230387312228,
        0.6981423328753952,
        0.6954951066753432,
        0.6860373719046785,
        0.7186605776000989,
        0.7081949259558497
    ],
    "valid_acc": 0.2146118721461187,
    "best_acc": 0.8105022831050228,
    "time_elapsed(min)": 6.0,
    "time_elapsed(s)": 7.133624076843262,
    "model_name": "DenseNet",
    "model_name_sub": "densenet169"
}