{
    "cross_number": 1,
    "num_epochs": 20,
    "lr": 0.0025,
    "batch_size": 13,
    "train_loss": [
        4.88666560456633,
        2.7840334240296114,
        1.533938761851559,
        0.8531427603538178,
        0.5069470293139486,
        0.2951441335589646,
        0.19628364126704054,
        0.12101974165211665,
        0.11038029294027245,
        0.10557234425684564,
        0.09900279350570279,
        0.09102863269819789,
        0.08248457219239035,
        0.08597048651852292,
        0.0844219973593627,
        0.08460163468384443,
        0.08098585036961728,
        0.08267921812356063,
        0.08233639363148441,
        0.08095621521537912
    ],
    "train_acc": 0.06963470319634703,
    "valid_loss": [
        3.21128693127741,
        1.7800846274040605,
        1.3135531140516883,
        0.973468981377066,
        0.8883223387000223,
        0.77891374920329,
        0.7396572828633056,
        0.6919143750379074,
        0.6721180612093782,
        0.6834602913900053,
        0.6744849905201561,
        0.6635512562477153,
        0.6587291338128042,
        0.6643275726399466,
        0.6529790140926566,
        0.6625456380653599,
        0.6660442315892542,
        0.6565991430862309,
        0.6577929278418898,
        0.6641750723191592
    ],
    "valid_acc": 0.2328767123287671,
    "best_acc": 0.8287671232876712,
    "time_elapsed(min)": 4.0,
    "time_elapsed(s)": 33.57730460166931,
    "model_name": "DenseNet",
    "model_name_sub": "densenet169"
}