{
    "cross_number": 1,
    "num_epochs": 20,
    "lr": 0.001,
    "batch_size": 16,
    "train_loss": [
        5.299000409095799,
        4.279754719233404,
        3.2561353069462187,
        2.4552101533706874,
        1.8631048376701738,
        1.4092806866179863,
        1.0834613891497051,
        0.8156573532923171,
        0.7814160696992046,
        0.7632170888386904,
        0.7348584919215337,
        0.7166986658692904,
        0.7010602297848219,
        0.6692811264295012,
        0.643341551904809,
        0.6330585202125654,
        0.6397010019925087,
        0.6459389369781703,
        0.6576485432446275,
        0.6246666045493732
    ],
    "train_acc": 0.02054794520547945,
    "valid_loss": [
        4.694044912242454,
        3.563082145229322,
        2.6527879499409295,
        2.050908700516235,
        1.6255297922108272,
        1.3937225298250102,
        1.170162854129321,
        1.1495738699011606,
        1.1258315463044328,
        1.1099422737343672,
        1.096054693607435,
        1.088546254319143,
        1.065332172395976,
        1.050322605322485,
        1.0687942847813645,
        1.0574818795130132,
        1.055971356015227,
        1.0526499546826158,
        1.055891006504564,
        1.056007316123405
    ],
    "valid_acc": 0.1689497716894977,
    "best_acc": 0.776255707762557,
    "time_elapsed(min)": 4.0,
    "time_elapsed(s)": 40.913962841033936,
    "model_name": "DenseNet",
    "model_name_sub": "densenet169"
}