{
    "cross_number": 1,
    "num_epochs": 20,
    "lr": 0.0025,
    "batch_size": 14,
    "train_loss": [
        4.91486647194379,
        2.79036152716641,
        1.521196673585944,
        0.8717246324708473,
        0.544168446774352,
        0.33704050388782536,
        0.24124195518558972,
        0.1508355269710359,
        0.12645055523320828,
        0.117406290972852,
        0.10867525497238793,
        0.10091595328306635,
        0.09544711258500542,
        0.09766622324427378,
        0.09084642078030054,
        0.09369586065802808,
        0.09519694897358956,
        0.09226412284847128,
        0.086590020619673,
        0.0878486926008237
    ],
    "train_acc": 0.06107305936073059,
    "valid_loss": [
        3.287548653066975,
        1.8041850410095632,
        1.2676388422648113,
        0.9805998442924186,
        0.9095712783129792,
        0.8083623136015243,
        0.760408879551169,
        0.6985196033705315,
        0.6965486271196304,
        0.6964259196634162,
        0.6964377049850002,
        0.6802203291219119,
        0.6839001863922702,
        0.6724518219085589,
        0.6726105515271017,
        0.6995789822378115,
        0.6826184485873131,
        0.6743692227694542,
        0.6841847232487648,
        0.6945402948823693
    ],
    "valid_acc": 0.25799086757990863,
    "best_acc": 0.8356164383561644,
    "time_elapsed(min)": 4.0,
    "time_elapsed(s)": 28.312854051589966,
    "model_name": "DenseNet",
    "model_name_sub": "densenet169"
}