{
    "cross_number": 1,
    "num_epochs": 20,
    "lr": 0.0001,
    "batch_size": 15,
    "train_loss": [
        5.451305957689677,
        5.345396593825458,
        5.246369582332977,
        5.151910375242364,
        5.031124675927097,
        4.935967736864743,
        4.823716593115297,
        4.724227656240332,
        4.723690971119763,
        4.713818585219449,
        4.696165014619696,
        4.685581963356227,
        4.670654874141902,
        4.667390411030756,
        4.654084661235548,
        4.6493257586270165,
        4.651003648973491,
        4.655033523089265,
        4.657641432056688,
        4.646829606735543
    ],
    "train_acc": 0.008561643835616438,
    "valid_loss": [
        5.410603301165855,
        5.3247869569961335,
        5.237722370722523,
        5.145748040447496,
        5.048544426486917,
        4.943103342840116,
        4.840551506983091,
        4.8289688286715995,
        4.814960829199177,
        4.805234030501484,
        4.798751749404489,
        4.7759180787491475,
        4.768334937422243,
        4.761105148759607,
        4.768735016862007,
        4.753522151137052,
        4.7563231677225195,
        4.768793595980291,
        4.768706648317102,
        4.7525141043205785
    ],
    "valid_acc": 0.01141552511415525,
    "best_acc": 0.1917808219178082,
    "time_elapsed(min)": 4.0,
    "time_elapsed(s)": 37.662700176239014,
    "model_name": "DenseNet",
    "model_name_sub": "densenet169"
}