{
    "cross_number": 1,
    "num_epochs": 20,
    "lr": 0.0001,
    "batch_size": 10,
    "train_loss": [
        5.437424399537038,
        5.306034764742742,
        5.1680587214422005,
        5.040978401763254,
        4.9022182286057845,
        4.740135490077815,
        4.590959044896304,
        4.456050183130726,
        4.455605341963572,
        4.443428528907637,
        4.420800436032962,
        4.398783018872074,
        4.398853416312231,
        4.376447018967371,
        4.363783292302258,
        4.365307694428588,
        4.35187987023837,
        4.360681788017761,
        4.349459437474812,
        4.353687264059232
    ],
    "train_acc": 0.006278538812785388,
    "valid_loss": [
        5.341637602679806,
        5.219429532142534,
        5.096939988332252,
        4.956635945463834,
        4.799333049826426,
        4.660490110040255,
        4.4367376440736255,
        4.43263578414917,
        4.41956348506283,
        4.394438243892095,
        4.379423767464346,
        4.371561797242187,
        4.353633238300341,
        4.324791491303814,
        4.329243203820703,
        4.321630084895652,
        4.287023298272259,
        4.30173937370788,
        4.318325420492861,
        4.33630848148642
    ],
    "valid_acc": 0.0136986301369863,
    "best_acc": 0.319634703196347,
    "time_elapsed(min)": 4.0,
    "time_elapsed(s)": 45.27972888946533,
    "model_name": "DenseNet",
    "model_name_sub": "densenet169"
}