{
    "cross_number": 1,
    "num_epochs": 20,
    "lr": 0.0001,
    "batch_size": 4,
    "train_loss": [
        5.430380992149109,
        5.248763802933366,
        5.071065234267004,
        4.865207380355765,
        4.66980934687401,
        4.458303650220235,
        4.257806676163521,
        4.06867866810054,
        4.062389846806113,
        4.031641829503726,
        4.0204195274065615,
        3.990990423720721,
        3.9744702784438113,
        3.9369428397313646,
        3.9487926089056007,
        3.9448779772405755,
        3.9328713493260072,
        3.923169814288344,
        3.9326753681653166,
        3.910543122248018
    ],
    "train_acc": 0.00684931506849315,
    "valid_loss": [
        5.255174769658476,
        5.039526926328058,
        4.780133486882737,
        4.480636587970333,
        4.218453964686285,
        3.9155300066351346,
        3.6216609467110135,
        3.6036365728944406,
        3.582386015757034,
        3.577372108964615,
        3.5146011108677135,
        3.4944500182861606,
        3.4748451089205807,
        3.436934897888741,
        3.4702683017678457,
        3.4469983033393614,
        3.4308420054988775,
        3.4192413347496835,
        3.472009216813736,
        3.4062445740721543
    ],
    "valid_acc": 0.02968036529680365,
    "best_acc": 0.4452054794520548,
    "time_elapsed(min)": 7.0,
    "time_elapsed(s)": 1.1503093242645264,
    "model_name": "DenseNet",
    "model_name_sub": "densenet169"
}