{
    "cross_number": 1,
    "num_epochs": 20,
    "lr": 0.0001,
    "batch_size": 8,
    "train_loss": [
        5.437434773466903,
        5.298182443941021,
        5.142605633496149,
        4.995665214921786,
        4.845536828585411,
        4.658802903406152,
        4.488809006399215,
        4.349987158492276,
        4.327147479471006,
        4.319118614066137,
        4.295753811048046,
        4.275872384032158,
        4.250119249570315,
        4.222270800098436,
        4.222562740926874,
        4.226839184216713,
        4.208888268361897,
        4.217671413944192,
        4.204458836551126,
        4.215289990107219
    ],
    "train_acc": 0.008561643835616438,
    "valid_loss": [
        5.337807607433023,
        5.201810590752728,
        5.053279284472879,
        4.890835916614968,
        4.686095520785955,
        4.501810811970332,
        4.270006076385986,
        4.240738047856718,
        4.231828217092715,
        4.207628304555536,
        4.183818343567522,
        4.171605196173332,
        4.120629388992101,
        4.133389144183294,
        4.112867222529024,
        4.110976534891346,
        4.100166177096432,
        4.108354816698048,
        4.092889308929443,
        4.116470931327506
    ],
    "valid_acc": 0.0136986301369863,
    "best_acc": 0.3789954337899543,
    "time_elapsed(min)": 5.0,
    "time_elapsed(s)": 5.994493722915649,
    "model_name": "DenseNet",
    "model_name_sub": "densenet169"
}