{
    "cross_number": 1,
    "num_epochs": 20,
    "lr": 0.0025,
    "batch_size": 16,
    "train_loss": [
        5.016040756277842,
        2.9453355830554004,
        1.636225754267549,
        0.9117945345569419,
        0.5457606220354229,
        0.33969434170418134,
        0.22272617761130747,
        0.14011422412036217,
        0.1244708666382315,
        0.11958045536252461,
        0.11160721371299055,
        0.10900418109953676,
        0.10559275351702894,
        0.10006665305732047,
        0.10196878291564444,
        0.0975423490960304,
        0.10681707153445509,
        0.09270340112382419,
        0.09418974000297181,
        0.09472651282946269
    ],
    "train_acc": 0.05194063926940639,
    "valid_loss": [
        3.555747015835488,
        1.9604272543023167,
        1.361386919674808,
        1.0895126998152362,
        0.8724924728750638,
        0.867389729578201,
        0.7611079523552499,
        0.7213506105283624,
        0.7238675105517314,
        0.7041808260630255,
        0.6983850735779766,
        0.7117473055782928,
        0.7213381021262304,
        0.6990267122717209,
        0.6987243455294605,
        0.6898172451480883,
        0.7086701157702703,
        0.7070726555640294,
        0.697097876912927,
        0.700088279704525
    ],
    "valid_acc": 0.23972602739726026,
    "best_acc": 0.8082191780821917,
    "time_elapsed(min)": 4.0,
    "time_elapsed(s)": 41.817869663238525,
    "model_name": "DenseNet",
    "model_name_sub": "densenet169"
}