{
    "cross_number": 1,
    "num_epochs": 20,
    "lr": 0.0025,
    "batch_size": 6,
    "train_loss": [
        4.9254027703037,
        2.9136178526159835,
        1.7077378958259544,
        1.047403201715995,
        0.6482854374390963,
        0.39939992262484275,
        0.2429800687855339,
        0.13450471723248084,
        0.096007465837804,
        0.08713466116890617,
        0.0780252611379407,
        0.0787320383983881,
        0.07173206538204359,
        0.0662190520510792,
        0.06492024319476053,
        0.059652830244437474,
        0.05952209141743306,
        0.058014640885992105,
        0.062017144590667254,
        0.05943985964962575
    ],
    "train_acc": 0.0593607305936073,
    "valid_loss": [
        3.0258133860483563,
        1.9817598511094916,
        1.455408638266668,
        1.1800981719199926,
        1.114099142486102,
        0.8627490648897748,
        0.8399162531817612,
        0.6534993583974364,
        0.631201604674634,
        0.6394601403033897,
        0.6098548805114673,
        0.6243010324693911,
        0.6077190901101758,
        0.6192325050476141,
        0.6049578191859214,
        0.6054607831541295,
        0.6106387630474996,
        0.6006028957869092,
        0.602966861091299,
        0.6179599830153564
    ],
    "valid_acc": 0.2694063926940639,
    "best_acc": 0.8287671232876712,
    "time_elapsed(min)": 5.0,
    "time_elapsed(s)": 44.44967246055603,
    "model_name": "DenseNet",
    "model_name_sub": "densenet169"
}