{
    "cross_number": 1,
    "num_epochs": 20,
    "lr": 0.001,
    "batch_size": 14,
    "train_loss": [
        5.247957445715116,
        4.158342019063697,
        3.0889345870170417,
        2.2905440341392063,
        1.6987425672681364,
        1.2834109005998804,
        0.9413327301201755,
        0.7085905919132167,
        0.6511837022217442,
        0.6633227719291704,
        0.6103062882134903,
        0.604032670832388,
        0.5982316255093165,
        0.5628974816706627,
        0.5530148571416668,
        0.5477236836264122,
        0.5338298888307184,
        0.5312972549842373,
        0.5406268956522419,
        0.5352802148012266
    ],
    "train_acc": 0.02968036529680365,
    "valid_loss": [
        4.514692051769936,
        3.280838675694923,
        2.414481468940979,
        1.8051930949023869,
        1.4708339593726205,
        1.230360573557414,
        1.048593480293065,
        1.0195278213720889,
        0.9897722114711047,
        0.9903464457487952,
        0.9837195055397678,
        0.9604752485610578,
        0.9398069174866698,
        0.9324359648848233,
        0.9376555624073499,
        0.933671284211825,
        0.9241411030020343,
        0.9480661118411582,
        0.9386622021187386,
        0.9342882067101187
    ],
    "valid_acc": 0.21232876712328766,
    "best_acc": 0.7945205479452054,
    "time_elapsed(min)": 4.0,
    "time_elapsed(s)": 27.66947913169861,
    "model_name": "DenseNet",
    "model_name_sub": "densenet169"
}