{
    "cross_number": 1,
    "num_epochs": 20,
    "lr": 0.001,
    "batch_size": 6,
    "train_loss": [
        5.107648820909735,
        3.593010477823754,
        2.471268507307523,
        1.7021721821941742,
        1.1842663567768383,
        0.8185877231498287,
        0.5957762928143756,
        0.4033472558406934,
        0.35903186613872445,
        0.3320713717720076,
        0.3110939686071791,
        0.29963523761866845,
        0.28863007794708423,
        0.27760025302637115,
        0.27047695635422453,
        0.2581996739880271,
        0.27598480102032014,
        0.27166153123117476,
        0.2634132294724249,
        0.2657496186917367
    ],
    "train_acc": 0.03595890410958904,
    "valid_loss": [
        3.6309570743613047,
        2.227505706760981,
        1.682138272956626,
        1.2124959544776237,
        0.9850313399140149,
        0.862451046705246,
        0.8105907142162323,
        0.719296744169846,
        0.7251361549308856,
        0.7296177604018825,
        0.6825297077326742,
        0.6891546408097221,
        0.6789844165721984,
        0.7085157939016002,
        0.6706388856552236,
        0.7112681315573928,
        0.6620873473584652,
        0.6891441107408641,
        0.6944046271071859,
        0.6778273911100544
    ],
    "valid_acc": 0.2237442922374429,
    "best_acc": 0.8127853881278538,
    "time_elapsed(min)": 5.0,
    "time_elapsed(s)": 43.114691734313965,
    "model_name": "DenseNet",
    "model_name_sub": "densenet169"
}