{
    "cross_number": 1,
    "num_epochs": 20,
    "lr": 0.001,
    "batch_size": 12,
    "train_loss": [
        5.243756444486853,
        4.031917456078203,
        2.9367591746865886,
        2.124570231731624,
        1.5468462142225814,
        1.112855903089863,
        0.8351150891960484,
        0.6116706083898675,
        0.571203450634055,
        0.5592349443125398,
        0.5491219558944441,
        0.5029469795831262,
        0.48615439215751544,
        0.4758528578158927,
        0.46567905786102765,
        0.4436503127217293,
        0.48355254265543535,
        0.45448844349139356,
        0.4545357165067163,
        0.4578462735022584
    ],
    "train_acc": 0.0365296803652968,
    "valid_loss": [
        4.4166590350947965,
        3.048645940545487,
        2.2374799251556396,
        1.7182099884503508,
        1.3753628812424123,
        1.192896505741224,
        1.0379403380498493,
        0.9892923129747991,
        0.9751482573274064,
        0.9558763005962111,
        0.9584893208660491,
        0.9356192619833228,
        0.9244717073767152,
        0.9160358575108933,
        0.9176846228233756,
        0.9237715454950725,
        0.9229219372141851,
        0.9264437139850773,
        0.9282521131920488,
        0.914308153603175
    ],
    "valid_acc": 0.182648401826484,
    "best_acc": 0.7899543378995433,
    "time_elapsed(min)": 4.0,
    "time_elapsed(s)": 39.42833185195923,
    "model_name": "DenseNet",
    "model_name_sub": "densenet169"
}