{
    "cross_number": 1,
    "num_epochs": 20,
    "lr": 0.0025,
    "batch_size": 9,
    "train_loss": [
        4.838605551687006,
        2.7011768450475717,
        1.4647801148973099,
        0.8067857961948603,
        0.47630168135239653,
        0.2753330838598617,
        0.16788858511446886,
        0.11013593048188988,
        0.08818429450134505,
        0.08132226591649121,
        0.07809922225097168,
        0.0730657526770326,
        0.06829056615162998,
        0.07055090613063578,
        0.06317003058869239,
        0.06272567192105295,
        0.06571272162924686,
        0.06435852877361929,
        0.061541088566515745,
        0.06594832749616304
    ],
    "train_acc": 0.06278538812785388,
    "valid_loss": [
        2.991552076927603,
        1.7008872562891817,
        1.149203413561599,
        0.9281019025469479,
        0.7900952342897654,
        0.7782554849471948,
        0.6953735121921317,
        0.6281189266847421,
        0.6275464035379253,
        0.6146922493991378,
        0.614421623899308,
        0.6127272050266397,
        0.6109167989215827,
        0.6059215130054787,
        0.612392069682581,
        0.5950747419097652,
        0.6141706198606998,
        0.5980890382540552,
        0.6149996139415322,
        0.5954333257746615
    ],
    "valid_acc": 0.29452054794520544,
    "best_acc": 0.8242009132420091,
    "time_elapsed(min)": 4.0,
    "time_elapsed(s)": 57.140817165374756,
    "model_name": "DenseNet",
    "model_name_sub": "densenet169"
}