{
    "cross_number": 1,
    "num_epochs": 20,
    "lr": 0.001,
    "batch_size": 4,
    "train_loss": [
        5.249608165597262,
        3.809100112414251,
        2.722763863328385,
        1.9474188441827418,
        1.382429538592356,
        0.9855994054511802,
        0.7227993304394695,
        0.4647956761238101,
        0.3836764360025321,
        0.3652421550731681,
        0.3269582558083072,
        0.3257039315216073,
        0.2966221228122847,
        0.29309449349126043,
        0.2840008014498372,
        0.27513059891216013,
        0.2776284110328378,
        0.27927525424011496,
        0.2739647533914678,
        0.2700070570303833
    ],
    "train_acc": 0.021689497716894976,
    "valid_loss": [
        3.6770009080024613,
        2.3627158719110706,
        1.647201024165981,
        1.2488634236599212,
        1.0360923311481738,
        0.9942277498781409,
        0.8805311695761877,
        0.7380688381657753,
        0.6934950247908768,
        0.7157125906108721,
        0.7022874500075159,
        0.66422708495839,
        0.6731883404674391,
        0.6757093562710537,
        0.6914718496064617,
        0.6823932316885691,
        0.6697385174702836,
        0.6645328527099568,
        0.6798097100449071,
        0.6780049413714779
    ],
    "valid_acc": 0.1415525114155251,
    "best_acc": 0.7990867579908676,
    "time_elapsed(min)": 6.0,
    "time_elapsed(s)": 47.75248312950134,
    "model_name": "DenseNet",
    "model_name_sub": "densenet169"
}