{
    "cross_number": 1,
    "num_epochs": 20,
    "lr": 0.001,
    "batch_size": 10,
    "train_loss": [
        5.201439129707476,
        3.8964291911691293,
        2.762190335009196,
        1.9801346548071734,
        1.4412321150302887,
        1.0218820050018562,
        0.7483972465134647,
        0.5444790746795533,
        0.5105423621629199,
        0.4904629088189776,
        0.48021264838641636,
        0.4526849177296031,
        0.4518837169084919,
        0.4245795617773108,
        0.41079487437254764,
        0.4199358767162175,
        0.40678214639017024,
        0.4043310967244242,
        0.4057115087260122,
        0.4002442708298496
    ],
    "train_acc": 0.030251141552511414,
    "valid_loss": [
        4.208507271117815,
        2.8150358679087737,
        2.0391388287827303,
        1.5524020818270505,
        1.2303622013902011,
        1.0494987520997383,
        0.9326878090699514,
        0.9335152050267616,
        0.9069088481060447,
        0.8731762633476083,
        0.8642660094994933,
        0.8717077773183448,
        0.8559458118323322,
        0.8721016359655824,
        0.8590086987709891,
        0.8480970356018032,
        0.8491874312701291,
        0.864746577935676,
        0.8429527334426636,
        0.8361305428422205
    ],
    "valid_acc": 0.18493150684931506,
    "best_acc": 0.7968036529680365,
    "time_elapsed(min)": 4.0,
    "time_elapsed(s)": 47.158926010131836,
    "model_name": "DenseNet",
    "model_name_sub": "densenet169"
}