{
    "cross_number": 1,
    "num_epochs": 20,
    "lr": 0.001,
    "batch_size": 8,
    "train_loss": [
        5.149823529535233,
        3.7257583184873675,
        2.5455912411485087,
        1.7784461806353913,
        1.2423146788932418,
        0.8744933139787961,
        0.6254131666057186,
        0.4304361330455841,
        0.39428649346033734,
        0.37697371622743125,
        0.36463887642507686,
        0.3416964205568784,
        0.35072870824707153,
        0.33797769122608173,
        0.32370530973830725,
        0.32259613915121177,
        0.3109649373856309,
        0.3248775514973897,
        0.32008362020531744,
        0.3008859867238563
    ],
    "train_acc": 0.03367579908675799,
    "valid_loss": [
        3.9268694098137287,
        2.5165725483741936,
        1.746446620111596,
        1.338352420558668,
        1.0489406136617268,
        0.9317965401362066,
        0.816279590674187,
        0.7759230292006715,
        0.7674064320516368,
        0.7563063886067639,
        0.7717410149095265,
        0.746306335000687,
        0.7404379626931665,
        0.7545281335643438,
        0.7429580703445765,
        0.7441165971157213,
        0.7321144124688623,
        0.7510425438891807,
        0.7406632132726173,
        0.731991043918209
    ],
    "valid_acc": 0.24429223744292236,
    "best_acc": 0.7968036529680365,
    "time_elapsed(min)": 5.0,
    "time_elapsed(s)": 8.368474245071411,
    "model_name": "DenseNet",
    "model_name_sub": "densenet169"
}