{
    "cross_number": 1,
    "num_epochs": 20,
    "lr": 0.001,
    "batch_size": 13,
    "train_loss": [
        5.260350642683299,
        4.131851661286942,
        3.021714143693175,
        2.2160626868951265,
        1.6206815917742308,
        1.1878131743367404,
        0.8898569373541498,
        0.6497045301887543,
        0.630534962534088,
        0.5823131066717241,
        0.5626197523314115,
        0.5628481948382507,
        0.5384404563502362,
        0.522705657875429,
        0.5055780068856396,
        0.5054880349841564,
        0.5048670100737108,
        0.5071081025653505,
        0.503156221977788,
        0.5067263930933933
    ],
    "train_acc": 0.030251141552511414,
    "valid_loss": [
        4.518838291298853,
        3.2208804871938,
        2.323285911997704,
        1.8093039069545869,
        1.456216278141492,
        1.20692355774309,
        1.0580029651590679,
        1.0211412837924478,
        1.0084957391976221,
        0.9906539291007334,
        0.9834355390779504,
        0.9800680400846211,
        0.9545605834488455,
        0.9685342746646437,
        0.9554376867535996,
        0.9619706931043434,
        0.9615252199646545,
        0.9452226277627901,
        0.9428251604783481,
        0.9511112757197254
    ],
    "valid_acc": 0.1963470319634703,
    "best_acc": 0.7968036529680365,
    "time_elapsed(min)": 4.0,
    "time_elapsed(s)": 32.49842143058777,
    "model_name": "DenseNet",
    "model_name_sub": "densenet169"
}