{
    "cross_number": 1,
    "num_epochs": 20,
    "lr": 0.0001,
    "batch_size": 13,
    "train_loss": [
        5.437962541297146,
        5.318626460691565,
        5.212255152665317,
        5.096303530207508,
        4.977156042508339,
        4.858381704924858,
        4.72157868566034,
        4.629136190839009,
        4.617647492450122,
        4.604292923457002,
        4.587040287174591,
        4.571697790873105,
        4.559610477865559,
        4.533866314311005,
        4.523064319673739,
        4.533086220967715,
        4.534340522877158,
        4.525608416289499,
        4.529638812422208,
        4.53628564534122
    ],
    "train_acc": 0.005136986301369863,
    "valid_loss": [
        5.373393039180808,
        5.2769596097676175,
        5.180648216918179,
        5.0721274663324225,
        4.968126642105242,
        4.839431099695702,
        4.71980816915155,
        4.687659543398853,
        4.679695813078858,
        4.6651673229862025,
        4.644512903744771,
        4.639635363670244,
        4.616058201550349,
        4.604119041738989,
        4.59831907215728,
        4.590256188013782,
        4.589078150927748,
        4.595730720589694,
        4.583506448083817,
        4.592400201379436
    ],
    "valid_acc": 0.0091324200913242,
    "best_acc": 0.273972602739726,
    "time_elapsed(min)": 4.0,
    "time_elapsed(s)": 31.411983251571655,
    "model_name": "DenseNet",
    "model_name_sub": "densenet169"
}