{
    "cross_number": 1,
    "num_epochs": 20,
    "lr": 0.0025,
    "batch_size": 5,
    "train_loss": [
        5.268669492169602,
        3.5074721781630496,
        2.287202719581998,
        1.4809334333986044,
        1.0571248830555509,
        0.6479527759174369,
        0.4080931005412585,
        0.22154369719909103,
        0.14755764613555294,
        0.12104596731733513,
        0.13121205896934385,
        0.11612748990864515,
        0.0888153484280404,
        0.10284287403454605,
        0.08247415699621824,
        0.08141190378201624,
        0.0919721756671602,
        0.08521723984070888,
        0.08723313721018039,
        0.08891810364298285
    ],
    "train_acc": 0.0273972602739726,
    "valid_loss": [
        3.831217516502833,
        2.563019258790909,
        1.896365699362537,
        1.4865928947007003,
        1.3714252960693822,
        1.2411418278992907,
        1.0611941245125105,
        0.7911957019491368,
        0.7575415958646158,
        0.7798880754015036,
        0.7558622202436232,
        0.7465365899287666,
        0.754953730430403,
        0.7497259183769799,
        0.7593024094019204,
        0.7442979210898382,
        0.7517579949650165,
        0.7602967474243889,
        0.7657511730648611,
        0.7448052019646315
    ],
    "valid_acc": 0.14840182648401826,
    "best_acc": 0.817351598173516,
    "time_elapsed(min)": 6.0,
    "time_elapsed(s)": 8.945246458053589,
    "model_name": "DenseNet",
    "model_name_sub": "densenet169"
}