{
    "cross_number": 1,
    "num_epochs": 20,
    "lr": 0.001,
    "batch_size": 7,
    "train_loss": [
        5.103061910361459,
        3.588349992009603,
        2.513633133886067,
        1.7214314152048602,
        1.224331814183356,
        0.8865057704587506,
        0.6186994310961739,
        0.4183756870187853,
        0.3865979881829595,
        0.3515817330571819,
        0.34086996289693056,
        0.32770882523512324,
        0.3146598491451988,
        0.31141567291037,
        0.2996533543390294,
        0.30278267205765125,
        0.2887721259538169,
        0.3045229848652874,
        0.29867814585022184,
        0.29743140160646203
    ],
    "train_acc": 0.03538812785388128,
    "valid_loss": [
        3.6859593233561405,
        2.322625942154018,
        1.677528636912777,
        1.276129169551205,
        1.0318104338972536,
        0.9175449458363394,
        0.7996059161138861,
        0.7460223981370665,
        0.7346655720649244,
        0.722953234250619,
        0.7104270882462258,
        0.7027453039368811,
        0.7042020460310048,
        0.6943417309728115,
        0.7150148931618558,
        0.7050828015491298,
        0.7022987805545058,
        0.711207748161093,
        0.7115102373318721,
        0.7229338439615214
    ],
    "valid_acc": 0.23515981735159816,
    "best_acc": 0.819634703196347,
    "time_elapsed(min)": 5.0,
    "time_elapsed(s)": 19.941120386123657,
    "model_name": "DenseNet",
    "model_name_sub": "densenet169"
}