{
    "cross_number": 1,
    "num_epochs": 20,
    "lr": 0.0025,
    "batch_size": 8,
    "train_loss": [
        4.902274657602179,
        2.6899887350596248,
        1.4867871207733676,
        0.825663842498984,
        0.5049543701214333,
        0.26510607815224285,
        0.1691740003656851,
        0.10752206939574518,
        0.08392281352316952,
        0.07406142797133966,
        0.06948755850768797,
        0.06468019249198372,
        0.06657131459376855,
        0.06368001786881386,
        0.057793762768750596,
        0.055998208320202074,
        0.05618927984596251,
        0.058010346855815145,
        0.059344920104361015,
        0.05843771397046847
    ],
    "train_acc": 0.0593607305936073,
    "valid_loss": [
        2.942587507369856,
        1.7415759258618637,
        1.248466522726294,
        0.9768269437633149,
        0.8948987492415459,
        0.7114731241442841,
        0.7237208046733516,
        0.6433888780948234,
        0.5943488716126577,
        0.6147481528999599,
        0.6091286984004386,
        0.5846413494721395,
        0.5809641685932194,
        0.5903853017445568,
        0.5838173080797064,
        0.5867271090615286,
        0.5866857032933736,
        0.5791634714154348,
        0.5756562987691192,
        0.5860282242570294
    ],
    "valid_acc": 0.30365296803652964,
    "best_acc": 0.8356164383561644,
    "time_elapsed(min)": 5.0,
    "time_elapsed(s)": 9.002007246017456,
    "model_name": "DenseNet",
    "model_name_sub": "densenet169"
}