{
    "cross_number": 1,
    "num_epochs": 20,
    "lr": 0.0025,
    "batch_size": 12,
    "train_loss": [
        4.884777751687455,
        2.717563212734379,
        1.4186640234842693,
        0.8003483673889343,
        0.455347296615986,
        0.2650820846120789,
        0.1803505241309535,
        0.10824928698066162,
        0.10051377298795197,
        0.0898344633105683,
        0.0840199421325775,
        0.07922479836908106,
        0.0776425368879756,
        0.07813385449196786,
        0.07517097170834672,
        0.07573377039946921,
        0.0781155928510101,
        0.07031793994446324,
        0.0703659918516466,
        0.07324748107372489
    ],
    "train_acc": 0.06335616438356165,
    "valid_loss": [
        3.0695387206665457,
        1.719598409247725,
        1.1696105329957727,
        0.9711336273036592,
        0.8259498668860082,
        0.7466945680853438,
        0.6666555625118621,
        0.6394738107919693,
        0.6245932821949868,
        0.6385598692991962,
        0.6309706091064297,
        0.6108136587355235,
        0.6295672479557665,
        0.6233893428763299,
        0.6131299887209722,
        0.6098021989407605,
        0.6206664785946885,
        0.6181739369687969,
        0.6124365786983542,
        0.6076338925998505
    ],
    "valid_acc": 0.363013698630137,
    "best_acc": 0.8242009132420091,
    "time_elapsed(min)": 4.0,
    "time_elapsed(s)": 40.305474281311035,
    "model_name": "DenseNet",
    "model_name_sub": "densenet169"
}