{
    "cross_number": 1,
    "num_epochs": 20,
    "lr": 0.0001,
    "batch_size": 5,
    "train_loss": [
        5.416259131202959,
        5.241639737124856,
        5.071840824057523,
        4.875449935867362,
        4.677961718818368,
        4.464155504828718,
        4.281326385665702,
        4.097103383715294,
        4.0835411777235056,
        4.052762403743997,
        4.044194012608158,
        4.02090011720788,
        3.98385485421577,
        3.973137801640654,
        3.9506946913727887,
        3.9672931352434637,
        3.9568705478487494,
        3.9648718304557886,
        3.953527248341199,
        3.9361735987881
    ],
    "train_acc": 0.005707762557077625,
    "valid_loss": [
        5.264063177587779,
        5.074142563832949,
        4.860325976593853,
        4.628553222847856,
        4.324259761805948,
        4.056877878702939,
        3.7921084949415023,
        3.761628027920309,
        3.7134890469241904,
        3.6911879021283154,
        3.680262941203705,
        3.6433871935491693,
        3.620044256998524,
        3.589757935641563,
        3.6207240438896773,
        3.583356472455203,
        3.590054452691448,
        3.600492403387479,
        3.578087566650077,
        3.595500746818438
    ],
    "valid_acc": 0.02054794520547945,
    "best_acc": 0.44063926940639264,
    "time_elapsed(min)": 6.0,
    "time_elapsed(s)": 8.604509592056274,
    "model_name": "DenseNet",
    "model_name_sub": "densenet169"
}