{
    "cross_number": 1,
    "num_epochs": 20,
    "lr": 0.0001,
    "batch_size": 12,
    "train_loss": [
        5.441461223445526,
        5.32055520358151,
        5.19809783974739,
        5.083869310274516,
        4.960072530459051,
        4.828329657855099,
        4.6898078428555845,
        4.578406546213856,
        4.576912256136333,
        4.5591029565628265,
        4.544313950081394,
        4.516837433592914,
        4.517462965560286,
        4.4897837475554585,
        4.486455760590018,
        4.479982859467807,
        4.484395007564597,
        4.479760029544569,
        4.487295637392018,
        4.474490498843259
    ],
    "train_acc": 0.005707762557077625,
    "valid_loss": [
        5.370246345049714,
        5.268308985723208,
        5.161490316260351,
        5.0497143627846075,
        4.916213956597733,
        4.7855386146127366,
        4.64010102781531,
        4.616908968311467,
        4.606633009975904,
        4.598188916297808,
        4.576862263352903,
        4.564889378743629,
        4.5280007728158616,
        4.527385835778223,
        4.533356725353084,
        4.521423137351258,
        4.531491129365686,
        4.528248741202159,
        4.518506853547815,
        4.538648500834426
    ],
    "valid_acc": 0.00228310502283105,
    "best_acc": 0.30365296803652964,
    "time_elapsed(min)": 4.0,
    "time_elapsed(s)": 37.693039655685425,
    "model_name": "DenseNet",
    "model_name_sub": "densenet169"
}