{
    "cross_number": 1,
    "num_epochs": 20,
    "lr": 0.0001,
    "batch_size": 9,
    "train_loss": [
        5.421554060831462,
        5.293883807038608,
        5.168261754186186,
        5.0262573663502526,
        4.869917996125679,
        4.716179869762839,
        4.566569745540619,
        4.42147090010447,
        4.403123728216511,
        4.397164031250836,
        4.38020302783953,
        4.348521813954393,
        4.338746222731185,
        4.320531654847811,
        4.298975410118495,
        4.304513316856672,
        4.307391419394375,
        4.296013701860219,
        4.305700113512065,
        4.311302160563534
    ],
    "train_acc": 0.011986301369863013,
    "valid_loss": [
        5.345948784318689,
        5.222677319017175,
        5.094524239840573,
        4.945624054294743,
        4.784167397512149,
        4.603387734661363,
        4.414224861419364,
        4.380626469442289,
        4.374392078347402,
        4.3643605790726125,
        4.3403100330535676,
        4.304171163741857,
        4.2976733821712125,
        4.286073299303447,
        4.280479142110642,
        4.28120787013067,
        4.25884328802971,
        4.2350941651488005,
        4.279176400132375,
        4.26795692149907
    ],
    "valid_acc": 0.0091324200913242,
    "best_acc": 0.3561643835616438,
    "time_elapsed(min)": 4.0,
    "time_elapsed(s)": 54.21244406700134,
    "model_name": "DenseNet",
    "model_name_sub": "densenet169"
}