{
    "cross_number": 1,
    "num_epochs": 20,
    "lr": 0.0025,
    "batch_size": 11,
    "train_loss": [
        4.87331271511779,
        2.660517082843062,
        1.4758048814521532,
        0.8371874801474347,
        0.4609254616648639,
        0.29642709812413065,
        0.19486379192623238,
        0.11216131867054152,
        0.09510360373243622,
        0.088567028328198,
        0.08175648398778176,
        0.07540600918463036,
        0.07850295248798618,
        0.07621172859150593,
        0.07552001187599107,
        0.06664620587478932,
        0.0696144780562978,
        0.0704548534986108,
        0.07002321840370218,
        0.07203721927402362
    ],
    "train_acc": 0.06506849315068493,
    "valid_loss": [
        2.9659750924262824,
        1.7027471778599639,
        1.273180646439121,
        0.9563306642857861,
        0.8319033777264699,
        0.7487350742345396,
        0.6960868027112256,
        0.6234317669585415,
        0.6147034506071104,
        0.6193887601908483,
        0.5990225269914218,
        0.5892851333895094,
        0.6117239309024048,
        0.580819303263404,
        0.5802594425335322,
        0.5953160491367998,
        0.5961617443659534,
        0.6026578754799007,
        0.5897973082177171,
        0.5864255987107754
    ],
    "valid_acc": 0.31278538812785384,
    "best_acc": 0.8378995433789954,
    "time_elapsed(min)": 4.0,
    "time_elapsed(s)": 40.47130608558655,
    "model_name": "DenseNet",
    "model_name_sub": "densenet169"
}