{
    "cross_number": 1,
    "num_epochs": 20,
    "lr": 0.001,
    "batch_size": 15,
    "train_loss": [
        5.290580849124961,
        4.26596703145602,
        3.195889237400604,
        2.3708165977915674,
        1.7745332687276683,
        1.3102819734852609,
        1.0116127745745933,
        0.7603933386606713,
        0.7367572830352065,
        0.7079941954923002,
        0.6824345719834713,
        0.6478310633093527,
        0.6325692621200052,
        0.6286324299871922,
        0.6036729725868735,
        0.5997482515259148,
        0.614221897588609,
        0.5967760475939268,
        0.6045001894235611,
        0.5950985599360238
    ],
    "train_acc": 0.025684931506849314,
    "valid_loss": [
        4.661333730776016,
        3.4286334253337287,
        2.5169982738690835,
        1.9495853120333528,
        1.565548063549277,
        1.3264352009720999,
        1.163285975586878,
        1.1173763336384133,
        1.1025974799508917,
        1.0968456362208274,
        1.0744279231110665,
        1.0664221730134258,
        1.0450090390362152,
        1.0428844135101527,
        1.032347221488822,
        1.036156690488123,
        1.0411091150894558,
        1.0302321980260822,
        1.0406789057058832,
        1.0316210809635789
    ],
    "valid_acc": 0.21232876712328766,
    "best_acc": 0.7876712328767123,
    "time_elapsed(min)": 4.0,
    "time_elapsed(s)": 38.704126834869385,
    "model_name": "DenseNet",
    "model_name_sub": "densenet169"
}