{
    "cross_number": 1,
    "num_epochs": 20,
    "lr": 0.0025,
    "batch_size": 10,
    "train_loss": [
        4.827533697700936,
        2.5742966014228457,
        1.4236365444788106,
        0.8173606563954865,
        0.4396733501458277,
        0.285435801537784,
        0.18223108379297878,
        0.10834517669289896,
        0.09427050277845908,
        0.08777512969091943,
        0.07910020926916232,
        0.07643445735142383,
        0.07434521967621699,
        0.06931904764403696,
        0.06991504133810804,
        0.070752430892205,
        0.06488222964788408,
        0.06229634559181727,
        0.06816263161769741,
        0.06380895650669184
    ],
    "train_acc": 0.06735159817351598,
    "valid_loss": [
        3.0006872116158543,
        1.6635613223733423,
        1.2303861666759943,
        0.954020815352871,
        0.8696345025205721,
        0.7271155502698193,
        0.7385438359491358,
        0.6451304194827875,
        0.6610233817062422,
        0.6372832279635346,
        0.6502155439086157,
        0.6392415385676301,
        0.6455292705633596,
        0.6424911087846648,
        0.6560313622020695,
        0.6317737963237718,
        0.6194246375261376,
        0.6532123963514419,
        0.6506288720456432,
        0.6332040642766648
    ],
    "valid_acc": 0.2602739726027397,
    "best_acc": 0.8356164383561644,
    "time_elapsed(min)": 4.0,
    "time_elapsed(s)": 47.87123942375183,
    "model_name": "DenseNet",
    "model_name_sub": "densenet169"
}