{
    "cross_number": 1,
    "num_epochs": 20,
    "lr": 0.001,
    "batch_size": 11,
    "train_loss": [
        5.220521421465155,
        3.956741091459309,
        2.847814613417403,
        2.033568731113656,
        1.4819362488783658,
        1.0643245396480712,
        0.7978819352680961,
        0.5582973649682792,
        0.5291925793828349,
        0.5007608542091226,
        0.48697098267166855,
        0.4743438384678538,
        0.46310166729673674,
        0.44335661216141425,
        0.43334938607021284,
        0.4300576066640822,
        0.42252066418460515,
        0.4348947103028972,
        0.4132708240487532,
        0.4301806976125665
    ],
    "train_acc": 0.03824200913242009,
    "valid_loss": [
        4.350242460699386,
        2.8912271473505724,
        2.028782985526133,
        1.535192220178369,
        1.2682806318753386,
        1.0621541455456112,
        0.930858021321362,
        0.9053051909219184,
        0.8752042061934188,
        0.8772693129434977,
        0.8773122512178334,
        0.8568975652597811,
        0.8524983138798579,
        0.8406507373876768,
        0.8524106838251357,
        0.8363907493684934,
        0.8160383228093522,
        0.8154637203573092,
        0.8282812130913887,
        0.8340729687311877
    ],
    "valid_acc": 0.18493150684931506,
    "best_acc": 0.7853881278538812,
    "time_elapsed(min)": 4.0,
    "time_elapsed(s)": 40.31398129463196,
    "model_name": "DenseNet",
    "model_name_sub": "densenet169"
}