{
    "cross_number": 1,
    "num_epochs": 20,
    "lr": 0.0001,
    "batch_size": 14,
    "train_loss": [
        5.453388462872265,
        5.339494449362907,
        5.2410456960059735,
        5.1348821958994755,
        5.034090388855433,
        4.914979348988293,
        4.802634478159691,
        4.710007969647238,
        4.694259214618979,
        4.681745997846943,
        4.677735503950076,
        4.663891769979642,
        4.642416546878205,
        4.630999978274515,
        4.619694983033829,
        4.622333132513037,
        4.619104103410625,
        4.622178780978129,
        4.620775417650127,
        4.624993362927546
    ],
    "train_acc": 0.0045662100456621,
    "valid_loss": [
        5.389646094683643,
        5.2963151126147405,
        5.208132203855471,
        5.114116385647151,
        5.024029235317283,
        4.907432845738381,
        4.785468765589744,
        4.785324597467571,
        4.7623737914377156,
        4.7502183544037,
        4.73559756692686,
        4.727549729281908,
        4.7110833185448495,
        4.705582130989527,
        4.701680891045696,
        4.7050237873373515,
        4.714987617649444,
        4.678891817728679,
        4.686718285355938,
        4.713500719636543
    ],
    "valid_acc": 0.00684931506849315,
    "best_acc": 0.2328767123287671,
    "time_elapsed(min)": 4.0,
    "time_elapsed(s)": 26.582947254180908,
    "model_name": "DenseNet",
    "model_name_sub": "densenet169"
}