{
    "cross_number": 1,
    "num_epochs": 20,
    "lr": 0.0001,
    "batch_size": 7,
    "train_loss": [
        5.426180528451319,
        5.275026948484656,
        5.111190270343328,
        4.941788496492116,
        4.76522128712641,
        4.589019619983081,
        4.394544846527109,
        4.24960271748778,
        4.218090667844363,
        4.209289240374413,
        4.183058742791006,
        4.167199902610692,
        4.152620743943132,
        4.132184043730775,
        4.124280976922544,
        4.107031356934543,
        4.110137025515239,
        4.1115639348552655,
        4.103317624221654,
        4.109104274070426
    ],
    "train_acc": 0.006278538812785388,
    "valid_loss": [
        5.330837084278124,
        5.177429216637459,
        5.006570777936613,
        4.8114854462070555,
        4.60291168787708,
        4.372951604459928,
        4.1287225403197825,
        4.146933548526677,
        4.103996039525559,
        4.07608023517208,
        4.04544498768027,
        4.036923472195456,
        4.031898366261835,
        3.9488558747452687,
        3.9514157538000307,
        3.9762477139904076,
        3.9744866563849253,
        3.9865916907515158,
        3.95847438459527,
        3.959112078087515
    ],
    "valid_acc": 0.0091324200913242,
    "best_acc": 0.3881278538812785,
    "time_elapsed(min)": 5.0,
    "time_elapsed(s)": 19.02378535270691,
    "model_name": "DenseNet",
    "model_name_sub": "densenet169"
}