{
    "cross_number": 1,
    "num_epochs": 20,
    "lr": 0.0025,
    "batch_size": 15,
    "train_loss": [
        4.974703545031482,
        2.8733512906179035,
        1.5726316810062486,
        0.9024569607046369,
        0.511520032987815,
        0.3137258686482498,
        0.21748856798273652,
        0.13453460722039007,
        0.1205196956695657,
        0.11731708198403047,
        0.10825614011782693,
        0.1073546873226966,
        0.10346331127778921,
        0.09336608853701452,
        0.09439716855548833,
        0.09496931582434129,
        0.09160266949935522,
        0.08536318224561337,
        0.08998096179957055,
        0.09457953046522524
    ],
    "train_acc": 0.059931506849315065,
    "valid_loss": [
        3.3184246094259495,
        1.9588061693596512,
        1.300724004637705,
        1.066684609406615,
        0.8995844717711619,
        0.811915537674133,
        0.7593261962884092,
        0.7176027572012111,
        0.7012922425996767,
        0.6951933258200345,
        0.7084499995594156,
        0.6960002839157026,
        0.6938238565440047,
        0.7069055094090226,
        0.694768673855148,
        0.6926951686315851,
        0.6985248244584423,
        0.6902146263507335,
        0.6822713211382905,
        0.6817210724143541
    ],
    "valid_acc": 0.2922374429223744,
    "best_acc": 0.8150684931506849,
    "time_elapsed(min)": 4.0,
    "time_elapsed(s)": 39.3330602645874,
    "model_name": "DenseNet",
    "model_name_sub": "densenet169"
}