{
    "cross_number": 1,
    "num_epochs": 20,
    "lr": 0.0025,
    "batch_size": 4,
    "train_loss": [
        5.3980326325926065,
        3.924126489521706,
        2.823184208238506,
        2.0211820528251394,
        1.445527429075818,
        1.0514691983387894,
        0.7651323675854157,
        0.36113643250321825,
        0.2418007476140477,
        0.21517152812536042,
        0.17569228384609772,
        0.16376311888229356,
        0.17192324737010345,
        0.13281378313499295,
        0.13981942905189648,
        0.12648326685422495,
        0.12199728753307162,
        0.12807906680574563,
        0.11787314665159337,
        0.12146574529908495
    ],
    "train_acc": 0.016552511415525113,
    "valid_loss": [
        5.291991771628323,
        2.8698161334207613,
        2.2472172933354226,
        1.991499070503396,
        1.7044902759599903,
        1.2658478439568657,
        1.3031706287436289,
        0.8263774011124639,
        0.826434006074605,
        0.7991218641905335,
        0.7609954998301146,
        0.7673876582364207,
        0.7755211915982436,
        0.7237184175697355,
        0.7889281718690825,
        0.7373722951669729,
        0.7310436601499648,
        0.7770333964330863,
        0.7317012638283137,
        0.7812972064464901
    ],
    "valid_acc": 0.091324200913242,
    "best_acc": 0.7945205479452054,
    "time_elapsed(min)": 7.0,
    "time_elapsed(s)": 2.271247148513794,
    "model_name": "DenseNet",
    "model_name_sub": "densenet169"
}