{
    "cross_number": 1,
    "num_epochs": 20,
    "lr": 0.0001,
    "batch_size": 6,
    "train_loss": [
        5.430084083178272,
        5.273064262246432,
        5.109094993708885,
        4.933208883625188,
        4.7392093416762675,
        4.546845617359632,
        4.338112404901687,
        4.186458514977808,
        4.17771516515784,
        4.1455892381602775,
        4.120249016644204,
        4.09741874182061,
        4.086468711291274,
        4.059157067782258,
        4.058663395169663,
        4.057969476262184,
        4.054921040796254,
        4.053332143450437,
        4.044850839327459,
        4.026848706480575
    ],
    "train_acc": 0.0045662100456621,
    "valid_loss": [
        5.305661547673892,
        5.131937934927745,
        4.950148216665608,
        4.713959341179835,
        4.489200850055642,
        4.243754243197507,
        3.9974110387775994,
        3.95281612709777,
        3.917421047001669,
        3.9174661309751744,
        3.868364588855064,
        3.8292953478146905,
        3.8639860904380066,
        3.8076859010409003,
        3.8340812545933134,
        3.787948879477096,
        3.813403256951946,
        3.8166855557324135,
        3.815337752642697,
        3.785529698411079
    ],
    "valid_acc": 0.0182648401826484,
    "best_acc": 0.41324200913242004,
    "time_elapsed(min)": 5.0,
    "time_elapsed(s)": 45.873098373413086,
    "model_name": "DenseNet",
    "model_name_sub": "densenet169"
}